term,repo,branch,commit,path,line_no,role,raw_url,context
Repo.9Dot0,SeungeFlow/9Dot0,main,41308271f8c45277d51d1f2af8052b7788d61d78,README.md,1,Repo.9Dot0 entry surface,https://raw.githubusercontent.com/SeungeFlow/9Dot0/41308271f8c45277d51d1f2af8052b7788d61d78/README.md,# Repo.9Dot0
Repo.9Dot0,SeungeFlow/9Dot0,main,41308271f8c45277d51d1f2af8052b7788d61d78,README.md,3,Repo.9Dot0 entry surface,https://raw.githubusercontent.com/SeungeFlow/9Dot0/41308271f8c45277d51d1f2af8052b7788d61d78/README.md,Repo.9Dot0 is the first structure-realization field generated from the structure principle formed in Repo.SeungeFlow.
first,SeungeFlow/9Dot0,main,41308271f8c45277d51d1f2af8052b7788d61d78,README.md,3,Repo.9Dot0 entry surface,https://raw.githubusercontent.com/SeungeFlow/9Dot0/41308271f8c45277d51d1f2af8052b7788d61d78/README.md,Repo.9Dot0 is the first structure-realization field generated from the structure principle formed in Repo.SeungeFlow.
structure-realization,SeungeFlow/9Dot0,main,41308271f8c45277d51d1f2af8052b7788d61d78,README.md,3,Repo.9Dot0 entry surface,https://raw.githubusercontent.com/SeungeFlow/9Dot0/41308271f8c45277d51d1f2af8052b7788d61d78/README.md,Repo.9Dot0 is the first structure-realization field generated from the structure principle formed in Repo.SeungeFlow.
field,SeungeFlow/9Dot0,main,41308271f8c45277d51d1f2af8052b7788d61d78,README.md,3,Repo.9Dot0 entry surface,https://raw.githubusercontent.com/SeungeFlow/9Dot0/41308271f8c45277d51d1f2af8052b7788d61d78/README.md,Repo.9Dot0 is the first structure-realization field generated from the structure principle formed in Repo.SeungeFlow.
generated,SeungeFlow/9Dot0,main,41308271f8c45277d51d1f2af8052b7788d61d78,README.md,3,Repo.9Dot0 entry surface,https://raw.githubusercontent.com/SeungeFlow/9Dot0/41308271f8c45277d51d1f2af8052b7788d61d78/README.md,Repo.9Dot0 is the first structure-realization field generated from the structure principle formed in Repo.SeungeFlow.
structure,SeungeFlow/9Dot0,main,41308271f8c45277d51d1f2af8052b7788d61d78,README.md,3,Repo.9Dot0 entry surface,https://raw.githubusercontent.com/SeungeFlow/9Dot0/41308271f8c45277d51d1f2af8052b7788d61d78/README.md,Repo.9Dot0 is the first structure-realization field generated from the structure principle formed in Repo.SeungeFlow.
principle,SeungeFlow/9Dot0,main,41308271f8c45277d51d1f2af8052b7788d61d78,README.md,3,Repo.9Dot0 entry surface,https://raw.githubusercontent.com/SeungeFlow/9Dot0/41308271f8c45277d51d1f2af8052b7788d61d78/README.md,Repo.9Dot0 is the first structure-realization field generated from the structure principle formed in Repo.SeungeFlow.
formed,SeungeFlow/9Dot0,main,41308271f8c45277d51d1f2af8052b7788d61d78,README.md,3,Repo.9Dot0 entry surface,https://raw.githubusercontent.com/SeungeFlow/9Dot0/41308271f8c45277d51d1f2af8052b7788d61d78/README.md,Repo.9Dot0 is the first structure-realization field generated from the structure principle formed in Repo.SeungeFlow.
Repo.SeungeFlow.,SeungeFlow/9Dot0,main,41308271f8c45277d51d1f2af8052b7788d61d78,README.md,3,Repo.9Dot0 entry surface,https://raw.githubusercontent.com/SeungeFlow/9Dot0/41308271f8c45277d51d1f2af8052b7788d61d78/README.md,Repo.9Dot0 is the first structure-realization field generated from the structure principle formed in Repo.SeungeFlow.
Repo.SeungeFlow,SeungeFlow/9Dot0,main,41308271f8c45277d51d1f2af8052b7788d61d78,README.md,5,Repo.9Dot0 entry surface,https://raw.githubusercontent.com/SeungeFlow/9Dot0/41308271f8c45277d51d1f2af8052b7788d61d78/README.md,Repo.SeungeFlow is the formation field of the structure principle.
formation,SeungeFlow/9Dot0,main,41308271f8c45277d51d1f2af8052b7788d61d78,README.md,5,Repo.9Dot0 entry surface,https://raw.githubusercontent.com/SeungeFlow/9Dot0/41308271f8c45277d51d1f2af8052b7788d61d78/README.md,Repo.SeungeFlow is the formation field of the structure principle.
field,SeungeFlow/9Dot0,main,41308271f8c45277d51d1f2af8052b7788d61d78,README.md,5,Repo.9Dot0 entry surface,https://raw.githubusercontent.com/SeungeFlow/9Dot0/41308271f8c45277d51d1f2af8052b7788d61d78/README.md,Repo.SeungeFlow is the formation field of the structure principle.
structure,SeungeFlow/9Dot0,main,41308271f8c45277d51d1f2af8052b7788d61d78,README.md,5,Repo.9Dot0 entry surface,https://raw.githubusercontent.com/SeungeFlow/9Dot0/41308271f8c45277d51d1f2af8052b7788d61d78/README.md,Repo.SeungeFlow is the formation field of the structure principle.
principle.,SeungeFlow/9Dot0,main,41308271f8c45277d51d1f2af8052b7788d61d78,README.md,5,Repo.9Dot0 entry surface,https://raw.githubusercontent.com/SeungeFlow/9Dot0/41308271f8c45277d51d1f2af8052b7788d61d78/README.md,Repo.SeungeFlow is the formation field of the structure principle.
Repo.9Dot0,SeungeFlow/9Dot0,main,41308271f8c45277d51d1f2af8052b7788d61d78,README.md,6,Repo.9Dot0 entry surface,https://raw.githubusercontent.com/SeungeFlow/9Dot0/41308271f8c45277d51d1f2af8052b7788d61d78/README.md,Repo.9Dot0 is the realization field of the structure principle.
realization,SeungeFlow/9Dot0,main,41308271f8c45277d51d1f2af8052b7788d61d78,README.md,6,Repo.9Dot0 entry surface,https://raw.githubusercontent.com/SeungeFlow/9Dot0/41308271f8c45277d51d1f2af8052b7788d61d78/README.md,Repo.9Dot0 is the realization field of the structure principle.
field,SeungeFlow/9Dot0,main,41308271f8c45277d51d1f2af8052b7788d61d78,README.md,6,Repo.9Dot0 entry surface,https://raw.githubusercontent.com/SeungeFlow/9Dot0/41308271f8c45277d51d1f2af8052b7788d61d78/README.md,Repo.9Dot0 is the realization field of the structure principle.
structure,SeungeFlow/9Dot0,main,41308271f8c45277d51d1f2af8052b7788d61d78,README.md,6,Repo.9Dot0 entry surface,https://raw.githubusercontent.com/SeungeFlow/9Dot0/41308271f8c45277d51d1f2af8052b7788d61d78/README.md,Repo.9Dot0 is the realization field of the structure principle.
principle.,SeungeFlow/9Dot0,main,41308271f8c45277d51d1f2af8052b7788d61d78,README.md,6,Repo.9Dot0 entry surface,https://raw.githubusercontent.com/SeungeFlow/9Dot0/41308271f8c45277d51d1f2af8052b7788d61d78/README.md,Repo.9Dot0 is the realization field of the structure principle.
Core,SeungeFlow/9Dot0,main,41308271f8c45277d51d1f2af8052b7788d61d78,README.md,8,Repo.9Dot0 entry surface,https://raw.githubusercontent.com/SeungeFlow/9Dot0/41308271f8c45277d51d1f2af8052b7788d61d78/README.md,## Core Principle
Principle,SeungeFlow/9Dot0,main,41308271f8c45277d51d1f2af8052b7788d61d78,README.md,8,Repo.9Dot0 entry surface,https://raw.githubusercontent.com/SeungeFlow/9Dot0/41308271f8c45277d51d1f2af8052b7788d61d78/README.md,## Core Principle
9dot0,SeungeFlow/9Dot0,main,41308271f8c45277d51d1f2af8052b7788d61d78,README.md,10,Repo.9Dot0 entry surface,https://raw.githubusercontent.com/SeungeFlow/9Dot0/41308271f8c45277d51d1f2af8052b7788d61d78/README.md,9dot0 is the structure in which an internal endpoint crosses dot and becomes an external starting point.
structure,SeungeFlow/9Dot0,main,41308271f8c45277d51d1f2af8052b7788d61d78,README.md,10,Repo.9Dot0 entry surface,https://raw.githubusercontent.com/SeungeFlow/9Dot0/41308271f8c45277d51d1f2af8052b7788d61d78/README.md,9dot0 is the structure in which an internal endpoint crosses dot and becomes an external starting point.
which,SeungeFlow/9Dot0,main,41308271f8c45277d51d1f2af8052b7788d61d78,README.md,10,Repo.9Dot0 entry surface,https://raw.githubusercontent.com/SeungeFlow/9Dot0/41308271f8c45277d51d1f2af8052b7788d61d78/README.md,9dot0 is the structure in which an internal endpoint crosses dot and becomes an external starting point.
internal,SeungeFlow/9Dot0,main,41308271f8c45277d51d1f2af8052b7788d61d78,README.md,10,Repo.9Dot0 entry surface,https://raw.githubusercontent.com/SeungeFlow/9Dot0/41308271f8c45277d51d1f2af8052b7788d61d78/README.md,9dot0 is the structure in which an internal endpoint crosses dot and becomes an external starting point.
endpoint,SeungeFlow/9Dot0,main,41308271f8c45277d51d1f2af8052b7788d61d78,README.md,10,Repo.9Dot0 entry surface,https://raw.githubusercontent.com/SeungeFlow/9Dot0/41308271f8c45277d51d1f2af8052b7788d61d78/README.md,9dot0 is the structure in which an internal endpoint crosses dot and becomes an external starting point.
crosses,SeungeFlow/9Dot0,main,41308271f8c45277d51d1f2af8052b7788d61d78,README.md,10,Repo.9Dot0 entry surface,https://raw.githubusercontent.com/SeungeFlow/9Dot0/41308271f8c45277d51d1f2af8052b7788d61d78/README.md,9dot0 is the structure in which an internal endpoint crosses dot and becomes an external starting point.
dot,SeungeFlow/9Dot0,main,41308271f8c45277d51d1f2af8052b7788d61d78,README.md,10,Repo.9Dot0 entry surface,https://raw.githubusercontent.com/SeungeFlow/9Dot0/41308271f8c45277d51d1f2af8052b7788d61d78/README.md,9dot0 is the structure in which an internal endpoint crosses dot and becomes an external starting point.
becomes,SeungeFlow/9Dot0,main,41308271f8c45277d51d1f2af8052b7788d61d78,README.md,10,Repo.9Dot0 entry surface,https://raw.githubusercontent.com/SeungeFlow/9Dot0/41308271f8c45277d51d1f2af8052b7788d61d78/README.md,9dot0 is the structure in which an internal endpoint crosses dot and becomes an external starting point.
external,SeungeFlow/9Dot0,main,41308271f8c45277d51d1f2af8052b7788d61d78,README.md,10,Repo.9Dot0 entry surface,https://raw.githubusercontent.com/SeungeFlow/9Dot0/41308271f8c45277d51d1f2af8052b7788d61d78/README.md,9dot0 is the structure in which an internal endpoint crosses dot and becomes an external starting point.
starting,SeungeFlow/9Dot0,main,41308271f8c45277d51d1f2af8052b7788d61d78,README.md,10,Repo.9Dot0 entry surface,https://raw.githubusercontent.com/SeungeFlow/9Dot0/41308271f8c45277d51d1f2af8052b7788d61d78/README.md,9dot0 is the structure in which an internal endpoint crosses dot and becomes an external starting point.
point.,SeungeFlow/9Dot0,main,41308271f8c45277d51d1f2af8052b7788d61d78,README.md,10,Repo.9Dot0 entry surface,https://raw.githubusercontent.com/SeungeFlow/9Dot0/41308271f8c45277d51d1f2af8052b7788d61d78/README.md,9dot0 is the structure in which an internal endpoint crosses dot and becomes an external starting point.
calculation,SeungeFlow/9Dot0,main,41308271f8c45277d51d1f2af8052b7788d61d78,README.md,12,Repo.9Dot0 entry surface,https://raw.githubusercontent.com/SeungeFlow/9Dot0/41308271f8c45277d51d1f2af8052b7788d61d78/README.md,"C=(m,t,p,?) is not a calculation formula."
formula.,SeungeFlow/9Dot0,main,41308271f8c45277d51d1f2af8052b7788d61d78,README.md,12,Repo.9Dot0 entry surface,https://raw.githubusercontent.com/SeungeFlow/9Dot0/41308271f8c45277d51d1f2af8052b7788d61d78/README.md,"C=(m,t,p,?) is not a calculation formula."
It,SeungeFlow/9Dot0,main,41308271f8c45277d51d1f2af8052b7788d61d78,README.md,13,Repo.9Dot0 entry surface,https://raw.githubusercontent.com/SeungeFlow/9Dot0/41308271f8c45277d51d1f2af8052b7788d61d78/README.md,It is a structural placement formula that separates:
structural,SeungeFlow/9Dot0,main,41308271f8c45277d51d1f2af8052b7788d61d78,README.md,13,Repo.9Dot0 entry surface,https://raw.githubusercontent.com/SeungeFlow/9Dot0/41308271f8c45277d51d1f2af8052b7788d61d78/README.md,It is a structural placement formula that separates:
placement,SeungeFlow/9Dot0,main,41308271f8c45277d51d1f2af8052b7788d61d78,README.md,13,Repo.9Dot0 entry surface,https://raw.githubusercontent.com/SeungeFlow/9Dot0/41308271f8c45277d51d1f2af8052b7788d61d78/README.md,It is a structural placement formula that separates:
formula,SeungeFlow/9Dot0,main,41308271f8c45277d51d1f2af8052b7788d61d78,README.md,13,Repo.9Dot0 entry surface,https://raw.githubusercontent.com/SeungeFlow/9Dot0/41308271f8c45277d51d1f2af8052b7788d61d78/README.md,It is a structural placement formula that separates:
separates,SeungeFlow/9Dot0,main,41308271f8c45277d51d1f2af8052b7788d61d78,README.md,13,Repo.9Dot0 entry surface,https://raw.githubusercontent.com/SeungeFlow/9Dot0/41308271f8c45277d51d1f2af8052b7788d61d78/README.md,It is a structural placement formula that separates:
existent,SeungeFlow/9Dot0,main,41308271f8c45277d51d1f2af8052b7788d61d78,README.md,15,Repo.9Dot0 entry surface,https://raw.githubusercontent.com/SeungeFlow/9Dot0/41308271f8c45277d51d1f2af8052b7788d61d78/README.md,- m: existent / object / relation-bearing unit
object,SeungeFlow/9Dot0,main,41308271f8c45277d51d1f2af8052b7788d61d78,README.md,15,Repo.9Dot0 entry surface,https://raw.githubusercontent.com/SeungeFlow/9Dot0/41308271f8c45277d51d1f2af8052b7788d61d78/README.md,- m: existent / object / relation-bearing unit
relation-bearing,SeungeFlow/9Dot0,main,41308271f8c45277d51d1f2af8052b7788d61d78,README.md,15,Repo.9Dot0 entry surface,https://raw.githubusercontent.com/SeungeFlow/9Dot0/41308271f8c45277d51d1f2af8052b7788d61d78/README.md,- m: existent / object / relation-bearing unit
unit,SeungeFlow/9Dot0,main,41308271f8c45277d51d1f2af8052b7788d61d78,README.md,15,Repo.9Dot0 entry surface,https://raw.githubusercontent.com/SeungeFlow/9Dot0/41308271f8c45277d51d1f2af8052b7788d61d78/README.md,- m: existent / object / relation-bearing unit
transition,SeungeFlow/9Dot0,main,41308271f8c45277d51d1f2af8052b7788d61d78,README.md,16,Repo.9Dot0 entry surface,https://raw.githubusercontent.com/SeungeFlow/9Dot0/41308271f8c45277d51d1f2af8052b7788d61d78/README.md,- t: transition / difference / direction change / distance gap
difference,SeungeFlow/9Dot0,main,41308271f8c45277d51d1f2af8052b7788d61d78,README.md,16,Repo.9Dot0 entry surface,https://raw.githubusercontent.com/SeungeFlow/9Dot0/41308271f8c45277d51d1f2af8052b7788d61d78/README.md,- t: transition / difference / direction change / distance gap
direction,SeungeFlow/9Dot0,main,41308271f8c45277d51d1f2af8052b7788d61d78,README.md,16,Repo.9Dot0 entry surface,https://raw.githubusercontent.com/SeungeFlow/9Dot0/41308271f8c45277d51d1f2af8052b7788d61d78/README.md,- t: transition / difference / direction change / distance gap
change,SeungeFlow/9Dot0,main,41308271f8c45277d51d1f2af8052b7788d61d78,README.md,16,Repo.9Dot0 entry surface,https://raw.githubusercontent.com/SeungeFlow/9Dot0/41308271f8c45277d51d1f2af8052b7788d61d78/README.md,- t: transition / difference / direction change / distance gap
distance,SeungeFlow/9Dot0,main,41308271f8c45277d51d1f2af8052b7788d61d78,README.md,16,Repo.9Dot0 entry surface,https://raw.githubusercontent.com/SeungeFlow/9Dot0/41308271f8c45277d51d1f2af8052b7788d61d78/README.md,- t: transition / difference / direction change / distance gap
gap,SeungeFlow/9Dot0,main,41308271f8c45277d51d1f2af8052b7788d61d78,README.md,16,Repo.9Dot0 entry surface,https://raw.githubusercontent.com/SeungeFlow/9Dot0/41308271f8c45277d51d1f2af8052b7788d61d78/README.md,- t: transition / difference / direction change / distance gap
place,SeungeFlow/9Dot0,main,41308271f8c45277d51d1f2af8052b7788d61d78,README.md,17,Repo.9Dot0 entry surface,https://raw.githubusercontent.com/SeungeFlow/9Dot0/41308271f8c45277d51d1f2af8052b7788d61d78/README.md,- p: place / position / field
position,SeungeFlow/9Dot0,main,41308271f8c45277d51d1f2af8052b7788d61d78,README.md,17,Repo.9Dot0 entry surface,https://raw.githubusercontent.com/SeungeFlow/9Dot0/41308271f8c45277d51d1f2af8052b7788d61d78/README.md,- p: place / position / field
field,SeungeFlow/9Dot0,main,41308271f8c45277d51d1f2af8052b7788d61d78,README.md,17,Repo.9Dot0 entry surface,https://raw.githubusercontent.com/SeungeFlow/9Dot0/41308271f8c45277d51d1f2af8052b7788d61d78/README.md,- p: place / position / field
observation,SeungeFlow/9Dot0,main,41308271f8c45277d51d1f2af8052b7788d61d78,README.md,18,Repo.9Dot0 entry surface,https://raw.githubusercontent.com/SeungeFlow/9Dot0/41308271f8c45277d51d1f2af8052b7788d61d78/README.md,- ?: observation criterion / boundary question / pre-definition
criterion,SeungeFlow/9Dot0,main,41308271f8c45277d51d1f2af8052b7788d61d78,README.md,18,Repo.9Dot0 entry surface,https://raw.githubusercontent.com/SeungeFlow/9Dot0/41308271f8c45277d51d1f2af8052b7788d61d78/README.md,- ?: observation criterion / boundary question / pre-definition
boundary,SeungeFlow/9Dot0,main,41308271f8c45277d51d1f2af8052b7788d61d78,README.md,18,Repo.9Dot0 entry surface,https://raw.githubusercontent.com/SeungeFlow/9Dot0/41308271f8c45277d51d1f2af8052b7788d61d78/README.md,- ?: observation criterion / boundary question / pre-definition
question,SeungeFlow/9Dot0,main,41308271f8c45277d51d1f2af8052b7788d61d78,README.md,18,Repo.9Dot0 entry surface,https://raw.githubusercontent.com/SeungeFlow/9Dot0/41308271f8c45277d51d1f2af8052b7788d61d78/README.md,- ?: observation criterion / boundary question / pre-definition
pre-definition,SeungeFlow/9Dot0,main,41308271f8c45277d51d1f2af8052b7788d61d78,README.md,18,Repo.9Dot0 entry surface,https://raw.githubusercontent.com/SeungeFlow/9Dot0/41308271f8c45277d51d1f2af8052b7788d61d78/README.md,- ?: observation criterion / boundary question / pre-definition
Structure,SeungeFlow/9Dot0,main,41308271f8c45277d51d1f2af8052b7788d61d78,README.md,20,Repo.9Dot0 entry surface,https://raw.githubusercontent.com/SeungeFlow/9Dot0/41308271f8c45277d51d1f2af8052b7788d61d78/README.md,## Structure Definition
Definition,SeungeFlow/9Dot0,main,41308271f8c45277d51d1f2af8052b7788d61d78,README.md,20,Repo.9Dot0 entry surface,https://raw.githubusercontent.com/SeungeFlow/9Dot0/41308271f8c45277d51d1f2af8052b7788d61d78/README.md,## Structure Definition
Structure,SeungeFlow/9Dot0,main,41308271f8c45277d51d1f2af8052b7788d61d78,README.md,22,Repo.9Dot0 entry surface,https://raw.githubusercontent.com/SeungeFlow/9Dot0/41308271f8c45277d51d1f2af8052b7788d61d78/README.md,Structure exists wherever there is:
exists,SeungeFlow/9Dot0,main,41308271f8c45277d51d1f2af8052b7788d61d78,README.md,22,Repo.9Dot0 entry surface,https://raw.githubusercontent.com/SeungeFlow/9Dot0/41308271f8c45277d51d1f2af8052b7788d61d78/README.md,Structure exists wherever there is:
wherever,SeungeFlow/9Dot0,main,41308271f8c45277d51d1f2af8052b7788d61d78,README.md,22,Repo.9Dot0 entry surface,https://raw.githubusercontent.com/SeungeFlow/9Dot0/41308271f8c45277d51d1f2af8052b7788d61d78/README.md,Structure exists wherever there is:
there,SeungeFlow/9Dot0,main,41308271f8c45277d51d1f2af8052b7788d61d78,README.md,22,Repo.9Dot0 entry surface,https://raw.githubusercontent.com/SeungeFlow/9Dot0/41308271f8c45277d51d1f2af8052b7788d61d78/README.md,Structure exists wherever there is:
existence,SeungeFlow/9Dot0,main,41308271f8c45277d51d1f2af8052b7788d61d78,README.md,24,Repo.9Dot0 entry surface,https://raw.githubusercontent.com/SeungeFlow/9Dot0/41308271f8c45277d51d1f2af8052b7788d61d78/README.md,- existence
position,SeungeFlow/9Dot0,main,41308271f8c45277d51d1f2af8052b7788d61d78,README.md,25,Repo.9Dot0 entry surface,https://raw.githubusercontent.com/SeungeFlow/9Dot0/41308271f8c45277d51d1f2af8052b7788d61d78/README.md,- position
relation,SeungeFlow/9Dot0,main,41308271f8c45277d51d1f2af8052b7788d61d78,README.md,26,Repo.9Dot0 entry surface,https://raw.githubusercontent.com/SeungeFlow/9Dot0/41308271f8c45277d51d1f2af8052b7788d61d78/README.md,- relation
field,SeungeFlow/9Dot0,main,41308271f8c45277d51d1f2af8052b7788d61d78,README.md,27,Repo.9Dot0 entry surface,https://raw.githubusercontent.com/SeungeFlow/9Dot0/41308271f8c45277d51d1f2af8052b7788d61d78/README.md,- field formation
formation,SeungeFlow/9Dot0,main,41308271f8c45277d51d1f2af8052b7788d61d78,README.md,27,Repo.9Dot0 entry surface,https://raw.githubusercontent.com/SeungeFlow/9Dot0/41308271f8c45277d51d1f2af8052b7788d61d78/README.md,- field formation
AI,SeungeFlow/9Dot0,main,41308271f8c45277d51d1f2af8052b7788d61d78,README.md,29,Repo.9Dot0 entry surface,https://raw.githubusercontent.com/SeungeFlow/9Dot0/41308271f8c45277d51d1f2af8052b7788d61d78/README.md,AI is structure.
structure.,SeungeFlow/9Dot0,main,41308271f8c45277d51d1f2af8052b7788d61d78,README.md,29,Repo.9Dot0 entry surface,https://raw.githubusercontent.com/SeungeFlow/9Dot0/41308271f8c45277d51d1f2af8052b7788d61d78/README.md,AI is structure.
Human,SeungeFlow/9Dot0,main,41308271f8c45277d51d1f2af8052b7788d61d78,README.md,30,Repo.9Dot0 entry surface,https://raw.githubusercontent.com/SeungeFlow/9Dot0/41308271f8c45277d51d1f2af8052b7788d61d78/README.md,Human is structure.
structure.,SeungeFlow/9Dot0,main,41308271f8c45277d51d1f2af8052b7788d61d78,README.md,30,Repo.9Dot0 entry surface,https://raw.githubusercontent.com/SeungeFlow/9Dot0/41308271f8c45277d51d1f2af8052b7788d61d78/README.md,Human is structure.
Computer,SeungeFlow/9Dot0,main,41308271f8c45277d51d1f2af8052b7788d61d78,README.md,31,Repo.9Dot0 entry surface,https://raw.githubusercontent.com/SeungeFlow/9Dot0/41308271f8c45277d51d1f2af8052b7788d61d78/README.md,Computer is structure.
structure.,SeungeFlow/9Dot0,main,41308271f8c45277d51d1f2af8052b7788d61d78,README.md,31,Repo.9Dot0 entry surface,https://raw.githubusercontent.com/SeungeFlow/9Dot0/41308271f8c45277d51d1f2af8052b7788d61d78/README.md,Computer is structure.
Sea,SeungeFlow/9Dot0,main,41308271f8c45277d51d1f2af8052b7788d61d78,README.md,32,Repo.9Dot0 entry surface,https://raw.githubusercontent.com/SeungeFlow/9Dot0/41308271f8c45277d51d1f2af8052b7788d61d78/README.md,Sea is structure.
structure.,SeungeFlow/9Dot0,main,41308271f8c45277d51d1f2af8052b7788d61d78,README.md,32,Repo.9Dot0 entry surface,https://raw.githubusercontent.com/SeungeFlow/9Dot0/41308271f8c45277d51d1f2af8052b7788d61d78/README.md,Sea is structure.
Universe,SeungeFlow/9Dot0,main,41308271f8c45277d51d1f2af8052b7788d61d78,README.md,33,Repo.9Dot0 entry surface,https://raw.githubusercontent.com/SeungeFlow/9Dot0/41308271f8c45277d51d1f2af8052b7788d61d78/README.md,Universe is structure.
structure.,SeungeFlow/9Dot0,main,41308271f8c45277d51d1f2af8052b7788d61d78,README.md,33,Repo.9Dot0 entry surface,https://raw.githubusercontent.com/SeungeFlow/9Dot0/41308271f8c45277d51d1f2af8052b7788d61d78/README.md,Universe is structure.
Branch,SeungeFlow/9Dot0,main,41308271f8c45277d51d1f2af8052b7788d61d78,README.md,35,Repo.9Dot0 entry surface,https://raw.githubusercontent.com/SeungeFlow/9Dot0/41308271f8c45277d51d1f2af8052b7788d61d78/README.md,## Branch Fields
Fields,SeungeFlow/9Dot0,main,41308271f8c45277d51d1f2af8052b7788d61d78,README.md,35,Repo.9Dot0 entry surface,https://raw.githubusercontent.com/SeungeFlow/9Dot0/41308271f8c45277d51d1f2af8052b7788d61d78/README.md,## Branch Fields
branch.market,SeungeFlow/9Dot0,main,41308271f8c45277d51d1f2af8052b7788d61d78,README.md,37,Repo.9Dot0 entry surface,https://raw.githubusercontent.com/SeungeFlow/9Dot0/41308271f8c45277d51d1f2af8052b7788d61d78/README.md,### branch.market
Capital,SeungeFlow/9Dot0,main,41308271f8c45277d51d1f2af8052b7788d61d78,README.md,39,Repo.9Dot0 entry surface,https://raw.githubusercontent.com/SeungeFlow/9Dot0/41308271f8c45277d51d1f2af8052b7788d61d78/README.md,Capital market field.
market,SeungeFlow/9Dot0,main,41308271f8c45277d51d1f2af8052b7788d61d78,README.md,39,Repo.9Dot0 entry surface,https://raw.githubusercontent.com/SeungeFlow/9Dot0/41308271f8c45277d51d1f2af8052b7788d61d78/README.md,Capital market field.
field.,SeungeFlow/9Dot0,main,41308271f8c45277d51d1f2af8052b7788d61d78,README.md,39,Repo.9Dot0 entry surface,https://raw.githubusercontent.com/SeungeFlow/9Dot0/41308271f8c45277d51d1f2af8052b7788d61d78/README.md,Capital market field.
Scope,SeungeFlow/9Dot0,main,41308271f8c45277d51d1f2af8052b7788d61d78,README.md,41,Repo.9Dot0 entry surface,https://raw.githubusercontent.com/SeungeFlow/9Dot0/41308271f8c45277d51d1f2af8052b7788d61d78/README.md,Scope:
overseas,SeungeFlow/9Dot0,main,41308271f8c45277d51d1f2af8052b7788d61d78,README.md,42,Repo.9Dot0 entry surface,https://raw.githubusercontent.com/SeungeFlow/9Dot0/41308271f8c45277d51d1f2af8052b7788d61d78/README.md,- overseas futures
futures,SeungeFlow/9Dot0,main,41308271f8c45277d51d1f2af8052b7788d61d78,README.md,42,Repo.9Dot0 entry surface,https://raw.githubusercontent.com/SeungeFlow/9Dot0/41308271f8c45277d51d1f2af8052b7788d61d78/README.md,- overseas futures
profit-taking,SeungeFlow/9Dot0,main,41308271f8c45277d51d1f2af8052b7788d61d78,README.md,43,Repo.9Dot0 entry surface,https://raw.githubusercontent.com/SeungeFlow/9Dot0/41308271f8c45277d51d1f2af8052b7788d61d78/README.md,- profit-taking transaction
transaction,SeungeFlow/9Dot0,main,41308271f8c45277d51d1f2af8052b7788d61d78,README.md,43,Repo.9Dot0 entry surface,https://raw.githubusercontent.com/SeungeFlow/9Dot0/41308271f8c45277d51d1f2af8052b7788d61d78/README.md,- profit-taking transaction
price,SeungeFlow/9Dot0,main,41308271f8c45277d51d1f2af8052b7788d61d78,README.md,44,Repo.9Dot0 entry surface,https://raw.githubusercontent.com/SeungeFlow/9Dot0/41308271f8c45277d51d1f2af8052b7788d61d78/README.md,- price
time,SeungeFlow/9Dot0,main,41308271f8c45277d51d1f2af8052b7788d61d78,README.md,45,Repo.9Dot0 entry surface,https://raw.githubusercontent.com/SeungeFlow/9Dot0/41308271f8c45277d51d1f2af8052b7788d61d78/README.md,- time
risk,SeungeFlow/9Dot0,main,41308271f8c45277d51d1f2af8052b7788d61d78,README.md,46,Repo.9Dot0 entry surface,https://raw.githubusercontent.com/SeungeFlow/9Dot0/41308271f8c45277d51d1f2af8052b7788d61d78/README.md,- risk
entry,SeungeFlow/9Dot0,main,41308271f8c45277d51d1f2af8052b7788d61d78,README.md,47,Repo.9Dot0 entry surface,https://raw.githubusercontent.com/SeungeFlow/9Dot0/41308271f8c45277d51d1f2af8052b7788d61d78/README.md,- entry
exit,SeungeFlow/9Dot0,main,41308271f8c45277d51d1f2af8052b7788d61d78,README.md,48,Repo.9Dot0 entry surface,https://raw.githubusercontent.com/SeungeFlow/9Dot0/41308271f8c45277d51d1f2af8052b7788d61d78/README.md,- exit
branch.sohosa,SeungeFlow/9Dot0,main,41308271f8c45277d51d1f2af8052b7788d61d78,README.md,50,Repo.9Dot0 entry surface,https://raw.githubusercontent.com/SeungeFlow/9Dot0/41308271f8c45277d51d1f2af8052b7788d61d78/README.md,### branch.sohosa
Sohosa,SeungeFlow/9Dot0,main,41308271f8c45277d51d1f2af8052b7788d61d78,README.md,52,Repo.9Dot0 entry surface,https://raw.githubusercontent.com/SeungeFlow/9Dot0/41308271f8c45277d51d1f2af8052b7788d61d78/README.md,Sohosa / Hyangsa field.
Hyangsa,SeungeFlow/9Dot0,main,41308271f8c45277d51d1f2af8052b7788d61d78,README.md,52,Repo.9Dot0 entry surface,https://raw.githubusercontent.com/SeungeFlow/9Dot0/41308271f8c45277d51d1f2af8052b7788d61d78/README.md,Sohosa / Hyangsa field.
field.,SeungeFlow/9Dot0,main,41308271f8c45277d51d1f2af8052b7788d61d78,README.md,52,Repo.9Dot0 entry surface,https://raw.githubusercontent.com/SeungeFlow/9Dot0/41308271f8c45277d51d1f2af8052b7788d61d78/README.md,Sohosa / Hyangsa field.
Scope,SeungeFlow/9Dot0,main,41308271f8c45277d51d1f2af8052b7788d61d78,README.md,54,Repo.9Dot0 entry surface,https://raw.githubusercontent.com/SeungeFlow/9Dot0/41308271f8c45277d51d1f2af8052b7788d61d78/README.md,Scope:
historical,SeungeFlow/9Dot0,main,41308271f8c45277d51d1f2af8052b7788d61d78,README.md,55,Repo.9Dot0 entry surface,https://raw.githubusercontent.com/SeungeFlow/9Dot0/41308271f8c45277d51d1f2af8052b7788d61d78/README.md,- historical substance
substance,SeungeFlow/9Dot0,main,41308271f8c45277d51d1f2af8052b7788d61d78,README.md,55,Repo.9Dot0 entry surface,https://raw.githubusercontent.com/SeungeFlow/9Dot0/41308271f8c45277d51d1f2af8052b7788d61d78/README.md,- historical substance
grounds,SeungeFlow/9Dot0,main,41308271f8c45277d51d1f2af8052b7788d61d78,README.md,56,Repo.9Dot0 entry surface,https://raw.githubusercontent.com/SeungeFlow/9Dot0/41308271f8c45277d51d1f2af8052b7788d61d78/README.md,- grounds
ritual,SeungeFlow/9Dot0,main,41308271f8c45277d51d1f2af8052b7788d61d78,README.md,57,Repo.9Dot0 entry surface,https://raw.githubusercontent.com/SeungeFlow/9Dot0/41308271f8c45277d51d1f2af8052b7788d61d78/README.md,- ritual
lineage,SeungeFlow/9Dot0,main,41308271f8c45277d51d1f2af8052b7788d61d78,README.md,58,Repo.9Dot0 entry surface,https://raw.githubusercontent.com/SeungeFlow/9Dot0/41308271f8c45277d51d1f2af8052b7788d61d78/README.md,- lineage
place,SeungeFlow/9Dot0,main,41308271f8c45277d51d1f2af8052b7788d61d78,README.md,59,Repo.9Dot0 entry surface,https://raw.githubusercontent.com/SeungeFlow/9Dot0/41308271f8c45277d51d1f2af8052b7788d61d78/README.md,- place
record,SeungeFlow/9Dot0,main,41308271f8c45277d51d1f2af8052b7788d61d78,README.md,60,Repo.9Dot0 entry surface,https://raw.githubusercontent.com/SeungeFlow/9Dot0/41308271f8c45277d51d1f2af8052b7788d61d78/README.md,- record
branch.history,SeungeFlow/9Dot0,main,41308271f8c45277d51d1f2af8052b7788d61d78,README.md,62,Repo.9Dot0 entry surface,https://raw.githubusercontent.com/SeungeFlow/9Dot0/41308271f8c45277d51d1f2af8052b7788d61d78/README.md,### branch.history
History,SeungeFlow/9Dot0,main,41308271f8c45277d51d1f2af8052b7788d61d78,README.md,64,Repo.9Dot0 entry surface,https://raw.githubusercontent.com/SeungeFlow/9Dot0/41308271f8c45277d51d1f2af8052b7788d61d78/README.md,History field.
field.,SeungeFlow/9Dot0,main,41308271f8c45277d51d1f2af8052b7788d61d78,README.md,64,Repo.9Dot0 entry surface,https://raw.githubusercontent.com/SeungeFlow/9Dot0/41308271f8c45277d51d1f2af8052b7788d61d78/README.md,History field.
Scope,SeungeFlow/9Dot0,main,41308271f8c45277d51d1f2af8052b7788d61d78,README.md,66,Repo.9Dot0 entry surface,https://raw.githubusercontent.com/SeungeFlow/9Dot0/41308271f8c45277d51d1f2af8052b7788d61d78/README.md,Scope:
event,SeungeFlow/9Dot0,main,41308271f8c45277d51d1f2af8052b7788d61d78,README.md,67,Repo.9Dot0 entry surface,https://raw.githubusercontent.com/SeungeFlow/9Dot0/41308271f8c45277d51d1f2af8052b7788d61d78/README.md,- event
time,SeungeFlow/9Dot0,main,41308271f8c45277d51d1f2af8052b7788d61d78,README.md,68,Repo.9Dot0 entry surface,https://raw.githubusercontent.com/SeungeFlow/9Dot0/41308271f8c45277d51d1f2af8052b7788d61d78/README.md,- time
record,SeungeFlow/9Dot0,main,41308271f8c45277d51d1f2af8052b7788d61d78,README.md,69,Repo.9Dot0 entry surface,https://raw.githubusercontent.com/SeungeFlow/9Dot0/41308271f8c45277d51d1f2af8052b7788d61d78/README.md,- record
document,SeungeFlow/9Dot0,main,41308271f8c45277d51d1f2af8052b7788d61d78,README.md,70,Repo.9Dot0 entry surface,https://raw.githubusercontent.com/SeungeFlow/9Dot0/41308271f8c45277d51d1f2af8052b7788d61d78/README.md,- document
evidence,SeungeFlow/9Dot0,main,41308271f8c45277d51d1f2af8052b7788d61d78,README.md,71,Repo.9Dot0 entry surface,https://raw.githubusercontent.com/SeungeFlow/9Dot0/41308271f8c45277d51d1f2af8052b7788d61d78/README.md,- evidence
transition,SeungeFlow/9Dot0,main,41308271f8c45277d51d1f2af8052b7788d61d78,README.md,72,Repo.9Dot0 entry surface,https://raw.githubusercontent.com/SeungeFlow/9Dot0/41308271f8c45277d51d1f2af8052b7788d61d78/README.md,- transition
Source,SeungeFlow/9Dot0,main,41308271f8c45277d51d1f2af8052b7788d61d78,README.md,74,Repo.9Dot0 entry surface,https://raw.githubusercontent.com/SeungeFlow/9Dot0/41308271f8c45277d51d1f2af8052b7788d61d78/README.md,## Source Base
Base,SeungeFlow/9Dot0,main,41308271f8c45277d51d1f2af8052b7788d61d78,README.md,74,Repo.9Dot0 entry surface,https://raw.githubusercontent.com/SeungeFlow/9Dot0/41308271f8c45277d51d1f2af8052b7788d61d78/README.md,## Source Base
Repo.9Dot0,SeungeFlow/9Dot0,main,41308271f8c45277d51d1f2af8052b7788d61d78,README.md,76,Repo.9Dot0 entry surface,https://raw.githubusercontent.com/SeungeFlow/9Dot0/41308271f8c45277d51d1f2af8052b7788d61d78/README.md,Repo.9Dot0 is based on:
based,SeungeFlow/9Dot0,main,41308271f8c45277d51d1f2af8052b7788d61d78,README.md,76,Repo.9Dot0 entry surface,https://raw.githubusercontent.com/SeungeFlow/9Dot0/41308271f8c45277d51d1f2af8052b7788d61d78/README.md,Repo.9Dot0 is based on:
Y_Branch,SeungeFlow/9Dot0,main,41308271f8c45277d51d1f2af8052b7788d61d78,README.md,78,Repo.9Dot0 entry surface,https://raw.githubusercontent.com/SeungeFlow/9Dot0/41308271f8c45277d51d1f2af8052b7788d61d78/README.md,- Y_Branch README.md
main,SeungeFlow/9Dot0,main,41308271f8c45277d51d1f2af8052b7788d61d78,README.md,79,Repo.9Dot0 entry surface,https://raw.githubusercontent.com/SeungeFlow/9Dot0/41308271f8c45277d51d1f2af8052b7788d61d78/README.md,- main README.md
first_flow,SeungeFlow/9Dot0,main,41308271f8c45277d51d1f2af8052b7788d61d78,README.md,80,Repo.9Dot0 entry surface,https://raw.githubusercontent.com/SeungeFlow/9Dot0/41308271f8c45277d51d1f2af8052b7788d61d78/README.md,- first_flow README.md
SeungeFlow,SeungeFlow/9Dot0,main,41308271f8c45277d51d1f2af8052b7788d61d78,README.md,81,Repo.9Dot0 entry surface,https://raw.githubusercontent.com/SeungeFlow/9Dot0/41308271f8c45277d51d1f2af8052b7788d61d78/README.md,- SeungeFlow paper
paper,SeungeFlow/9Dot0,main,41308271f8c45277d51d1f2af8052b7788d61d78,README.md,81,Repo.9Dot0 entry surface,https://raw.githubusercontent.com/SeungeFlow/9Dot0/41308271f8c45277d51d1f2af8052b7788d61d78/README.md,- SeungeFlow paper
gpt.direct_00.md,SeungeFlow/9Dot0,main,41308271f8c45277d51d1f2af8052b7788d61d78,README.md,82,Repo.9Dot0 entry surface,https://raw.githubusercontent.com/SeungeFlow/9Dot0/41308271f8c45277d51d1f2af8052b7788d61d78/README.md,- gpt.direct_00.md
9dot0,SeungeFlow/9Dot0,main,41308271f8c45277d51d1f2af8052b7788d61d78,README.md,83,Repo.9Dot0 entry surface,https://raw.githubusercontent.com/SeungeFlow/9Dot0/41308271f8c45277d51d1f2af8052b7788d61d78/README.md,- 9dot0 structure operation
structure,SeungeFlow/9Dot0,main,41308271f8c45277d51d1f2af8052b7788d61d78,README.md,83,Repo.9Dot0 entry surface,https://raw.githubusercontent.com/SeungeFlow/9Dot0/41308271f8c45277d51d1f2af8052b7788d61d78/README.md,- 9dot0 structure operation
operation,SeungeFlow/9Dot0,main,41308271f8c45277d51d1f2af8052b7788d61d78,README.md,83,Repo.9Dot0 entry surface,https://raw.githubusercontent.com/SeungeFlow/9Dot0/41308271f8c45277d51d1f2af8052b7788d61d78/README.md,- 9dot0 structure operation
structural,SeungeFlow/9Dot0,main,41308271f8c45277d51d1f2af8052b7788d61d78,README.md,84,Repo.9Dot0 entry surface,https://raw.githubusercontent.com/SeungeFlow/9Dot0/41308271f8c45277d51d1f2af8052b7788d61d78/README.md,- the structural principle of relation-definition of existence and field
principle,SeungeFlow/9Dot0,main,41308271f8c45277d51d1f2af8052b7788d61d78,README.md,84,Repo.9Dot0 entry surface,https://raw.githubusercontent.com/SeungeFlow/9Dot0/41308271f8c45277d51d1f2af8052b7788d61d78/README.md,- the structural principle of relation-definition of existence and field
relation-definition,SeungeFlow/9Dot0,main,41308271f8c45277d51d1f2af8052b7788d61d78,README.md,84,Repo.9Dot0 entry surface,https://raw.githubusercontent.com/SeungeFlow/9Dot0/41308271f8c45277d51d1f2af8052b7788d61d78/README.md,- the structural principle of relation-definition of existence and field
existence,SeungeFlow/9Dot0,main,41308271f8c45277d51d1f2af8052b7788d61d78,README.md,84,Repo.9Dot0 entry surface,https://raw.githubusercontent.com/SeungeFlow/9Dot0/41308271f8c45277d51d1f2af8052b7788d61d78/README.md,- the structural principle of relation-definition of existence and field
field,SeungeFlow/9Dot0,main,41308271f8c45277d51d1f2af8052b7788d61d78,README.md,84,Repo.9Dot0 entry surface,https://raw.githubusercontent.com/SeungeFlow/9Dot0/41308271f8c45277d51d1f2af8052b7788d61d78/README.md,- the structural principle of relation-definition of existence and field
Status,SeungeFlow/9Dot0,main,41308271f8c45277d51d1f2af8052b7788d61d78,README.md,86,Repo.9Dot0 entry surface,https://raw.githubusercontent.com/SeungeFlow/9Dot0/41308271f8c45277d51d1f2af8052b7788d61d78/README.md,## Status
bootstrap_skeleton_stabilized_pass1,SeungeFlow/9Dot0,main,41308271f8c45277d51d1f2af8052b7788d61d78,README.md,88,Repo.9Dot0 entry surface,https://raw.githubusercontent.com/SeungeFlow/9Dot0/41308271f8c45277d51d1f2af8052b7788d61d78/README.md,bootstrap_skeleton_stabilized_pass1
No,SeungeFlow/9Dot0,main,41308271f8c45277d51d1f2af8052b7788d61d78,README.md,90,Repo.9Dot0 entry surface,https://raw.githubusercontent.com/SeungeFlow/9Dot0/41308271f8c45277d51d1f2af8052b7788d61d78/README.md,No proof claim.
proof,SeungeFlow/9Dot0,main,41308271f8c45277d51d1f2af8052b7788d61d78,README.md,90,Repo.9Dot0 entry surface,https://raw.githubusercontent.com/SeungeFlow/9Dot0/41308271f8c45277d51d1f2af8052b7788d61d78/README.md,No proof claim.
claim.,SeungeFlow/9Dot0,main,41308271f8c45277d51d1f2af8052b7788d61d78,README.md,90,Repo.9Dot0 entry surface,https://raw.githubusercontent.com/SeungeFlow/9Dot0/41308271f8c45277d51d1f2af8052b7788d61d78/README.md,No proof claim.
No,SeungeFlow/9Dot0,main,41308271f8c45277d51d1f2af8052b7788d61d78,README.md,91,Repo.9Dot0 entry surface,https://raw.githubusercontent.com/SeungeFlow/9Dot0/41308271f8c45277d51d1f2af8052b7788d61d78/README.md,No final judgment.
final,SeungeFlow/9Dot0,main,41308271f8c45277d51d1f2af8052b7788d61d78,README.md,91,Repo.9Dot0 entry surface,https://raw.githubusercontent.com/SeungeFlow/9Dot0/41308271f8c45277d51d1f2af8052b7788d61d78/README.md,No final judgment.
judgment.,SeungeFlow/9Dot0,main,41308271f8c45277d51d1f2af8052b7788d61d78,README.md,91,Repo.9Dot0 entry surface,https://raw.githubusercontent.com/SeungeFlow/9Dot0/41308271f8c45277d51d1f2af8052b7788d61d78/README.md,No final judgment.
Remote,SeungeFlow/9Dot0,main,41308271f8c45277d51d1f2af8052b7788d61d78,README.md,92,Repo.9Dot0 entry surface,https://raw.githubusercontent.com/SeungeFlow/9Dot0/41308271f8c45277d51d1f2af8052b7788d61d78/README.md,Remote push recorded.
push,SeungeFlow/9Dot0,main,41308271f8c45277d51d1f2af8052b7788d61d78,README.md,92,Repo.9Dot0 entry surface,https://raw.githubusercontent.com/SeungeFlow/9Dot0/41308271f8c45277d51d1f2af8052b7788d61d78/README.md,Remote push recorded.
recorded.,SeungeFlow/9Dot0,main,41308271f8c45277d51d1f2af8052b7788d61d78,README.md,92,Repo.9Dot0 entry surface,https://raw.githubusercontent.com/SeungeFlow/9Dot0/41308271f8c45277d51d1f2af8052b7788d61d78/README.md,Remote push recorded.
Local,SeungeFlow/9Dot0,main,41308271f8c45277d51d1f2af8052b7788d61d78,README.md,93,Repo.9Dot0 entry surface,https://raw.githubusercontent.com/SeungeFlow/9Dot0/41308271f8c45277d51d1f2af8052b7788d61d78/README.md,Local commits recorded.
commits,SeungeFlow/9Dot0,main,41308271f8c45277d51d1f2af8052b7788d61d78,README.md,93,Repo.9Dot0 entry surface,https://raw.githubusercontent.com/SeungeFlow/9Dot0/41308271f8c45277d51d1f2af8052b7788d61d78/README.md,Local commits recorded.
recorded.,SeungeFlow/9Dot0,main,41308271f8c45277d51d1f2af8052b7788d61d78,README.md,93,Repo.9Dot0 entry surface,https://raw.githubusercontent.com/SeungeFlow/9Dot0/41308271f8c45277d51d1f2af8052b7788d61d78/README.md,Local commits recorded.
Local,SeungeFlow/9Dot0,main,41308271f8c45277d51d1f2af8052b7788d61d78,README.md,96,Repo.9Dot0 entry surface,https://raw.githubusercontent.com/SeungeFlow/9Dot0/41308271f8c45277d51d1f2af8052b7788d61d78/README.md,## Local Commit Status
Commit,SeungeFlow/9Dot0,main,41308271f8c45277d51d1f2af8052b7788d61d78,README.md,96,Repo.9Dot0 entry surface,https://raw.githubusercontent.com/SeungeFlow/9Dot0/41308271f8c45277d51d1f2af8052b7788d61d78/README.md,## Local Commit Status
Status,SeungeFlow/9Dot0,main,41308271f8c45277d51d1f2af8052b7788d61d78,README.md,96,Repo.9Dot0 entry surface,https://raw.githubusercontent.com/SeungeFlow/9Dot0/41308271f8c45277d51d1f2af8052b7788d61d78/README.md,## Local Commit Status
status,SeungeFlow/9Dot0,main,41308271f8c45277d51d1f2af8052b7788d61d78,README.md,98,Repo.9Dot0 entry surface,https://raw.githubusercontent.com/SeungeFlow/9Dot0/41308271f8c45277d51d1f2af8052b7788d61d78/README.md,status:
local_committed,SeungeFlow/9Dot0,main,41308271f8c45277d51d1f2af8052b7788d61d78,README.md,99,Repo.9Dot0 entry surface,https://raw.githubusercontent.com/SeungeFlow/9Dot0/41308271f8c45277d51d1f2af8052b7788d61d78/README.md,local_committed
branch,SeungeFlow/9Dot0,main,41308271f8c45277d51d1f2af8052b7788d61d78,README.md,101,Repo.9Dot0 entry surface,https://raw.githubusercontent.com/SeungeFlow/9Dot0/41308271f8c45277d51d1f2af8052b7788d61d78/README.md,branch:
main,SeungeFlow/9Dot0,main,41308271f8c45277d51d1f2af8052b7788d61d78,README.md,102,Repo.9Dot0 entry surface,https://raw.githubusercontent.com/SeungeFlow/9Dot0/41308271f8c45277d51d1f2af8052b7788d61d78/README.md,main
first_commit,SeungeFlow/9Dot0,main,41308271f8c45277d51d1f2af8052b7788d61d78,README.md,104,Repo.9Dot0 entry surface,https://raw.githubusercontent.com/SeungeFlow/9Dot0/41308271f8c45277d51d1f2af8052b7788d61d78/README.md,first_commit:
short,SeungeFlow/9Dot0,main,41308271f8c45277d51d1f2af8052b7788d61d78,README.md,105,Repo.9Dot0 entry surface,https://raw.githubusercontent.com/SeungeFlow/9Dot0/41308271f8c45277d51d1f2af8052b7788d61d78/README.md,short: 6f4142d
6,SeungeFlow/9Dot0,main,41308271f8c45277d51d1f2af8052b7788d61d78,README.md,105,Repo.9Dot0 entry surface,https://raw.githubusercontent.com/SeungeFlow/9Dot0/41308271f8c45277d51d1f2af8052b7788d61d78/README.md,short: 6f4142d
f4142d,SeungeFlow/9Dot0,main,41308271f8c45277d51d1f2af8052b7788d61d78,README.md,105,Repo.9Dot0 entry surface,https://raw.githubusercontent.com/SeungeFlow/9Dot0/41308271f8c45277d51d1f2af8052b7788d61d78/README.md,short: 6f4142d
hash,SeungeFlow/9Dot0,main,41308271f8c45277d51d1f2af8052b7788d61d78,README.md,106,Repo.9Dot0 entry surface,https://raw.githubusercontent.com/SeungeFlow/9Dot0/41308271f8c45277d51d1f2af8052b7788d61d78/README.md,hash: 6f4142d33147e4b0f16302a86aba9584a7838617
6,SeungeFlow/9Dot0,main,41308271f8c45277d51d1f2af8052b7788d61d78,README.md,106,Repo.9Dot0 entry surface,https://raw.githubusercontent.com/SeungeFlow/9Dot0/41308271f8c45277d51d1f2af8052b7788d61d78/README.md,hash: 6f4142d33147e4b0f16302a86aba9584a7838617
f4142d33147e4b0f16302a86aba9584a7838617,SeungeFlow/9Dot0,main,41308271f8c45277d51d1f2af8052b7788d61d78,README.md,106,Repo.9Dot0 entry surface,https://raw.githubusercontent.com/SeungeFlow/9Dot0/41308271f8c45277d51d1f2af8052b7788d61d78/README.md,hash: 6f4142d33147e4b0f16302a86aba9584a7838617
post_commit_cleanup_commit,SeungeFlow/9Dot0,main,41308271f8c45277d51d1f2af8052b7788d61d78,README.md,108,Repo.9Dot0 entry surface,https://raw.githubusercontent.com/SeungeFlow/9Dot0/41308271f8c45277d51d1f2af8052b7788d61d78/README.md,post_commit_cleanup_commit:
short,SeungeFlow/9Dot0,main,41308271f8c45277d51d1f2af8052b7788d61d78,README.md,109,Repo.9Dot0 entry surface,https://raw.githubusercontent.com/SeungeFlow/9Dot0/41308271f8c45277d51d1f2af8052b7788d61d78/README.md,short: 778272b
778272,SeungeFlow/9Dot0,main,41308271f8c45277d51d1f2af8052b7788d61d78,README.md,109,Repo.9Dot0 entry surface,https://raw.githubusercontent.com/SeungeFlow/9Dot0/41308271f8c45277d51d1f2af8052b7788d61d78/README.md,short: 778272b
hash,SeungeFlow/9Dot0,main,41308271f8c45277d51d1f2af8052b7788d61d78,README.md,110,Repo.9Dot0 entry surface,https://raw.githubusercontent.com/SeungeFlow/9Dot0/41308271f8c45277d51d1f2af8052b7788d61d78/README.md,hash: 778272b0e73563363911bd23e51e3b9f9e34ab5e
778272,SeungeFlow/9Dot0,main,41308271f8c45277d51d1f2af8052b7788d61d78,README.md,110,Repo.9Dot0 entry surface,https://raw.githubusercontent.com/SeungeFlow/9Dot0/41308271f8c45277d51d1f2af8052b7788d61d78/README.md,hash: 778272b0e73563363911bd23e51e3b9f9e34ab5e
b0e73563363911bd23e51e3b9f9e34ab5e,SeungeFlow/9Dot0,main,41308271f8c45277d51d1f2af8052b7788d61d78,README.md,110,Repo.9Dot0 entry surface,https://raw.githubusercontent.com/SeungeFlow/9Dot0/41308271f8c45277d51d1f2af8052b7788d61d78/README.md,hash: 778272b0e73563363911bd23e51e3b9f9e34ab5e
push,SeungeFlow/9Dot0,main,41308271f8c45277d51d1f2af8052b7788d61d78,README.md,112,Repo.9Dot0 entry surface,https://raw.githubusercontent.com/SeungeFlow/9Dot0/41308271f8c45277d51d1f2af8052b7788d61d78/README.md,push:
main,SeungeFlow/9Dot0,main,41308271f8c45277d51d1f2af8052b7788d61d78,README.md,113,Repo.9Dot0 entry surface,https://raw.githubusercontent.com/SeungeFlow/9Dot0/41308271f8c45277d51d1f2af8052b7788d61d78/README.md,main pushed
pushed,SeungeFlow/9Dot0,main,41308271f8c45277d51d1f2af8052b7788d61d78,README.md,113,Repo.9Dot0 entry surface,https://raw.githubusercontent.com/SeungeFlow/9Dot0/41308271f8c45277d51d1f2af8052b7788d61d78/README.md,main pushed
remote,SeungeFlow/9Dot0,main,41308271f8c45277d51d1f2af8052b7788d61d78,README.md,115,Repo.9Dot0 entry surface,https://raw.githubusercontent.com/SeungeFlow/9Dot0/41308271f8c45277d51d1f2af8052b7788d61d78/README.md,remote:
git,SeungeFlow/9Dot0,main,41308271f8c45277d51d1f2af8052b7788d61d78,README.md,116,Repo.9Dot0 entry surface,https://raw.githubusercontent.com/SeungeFlow/9Dot0/41308271f8c45277d51d1f2af8052b7788d61d78/README.md,git@github.com:SeungeFlow/9Dot0.git
github.com,SeungeFlow/9Dot0,main,41308271f8c45277d51d1f2af8052b7788d61d78,README.md,116,Repo.9Dot0 entry surface,https://raw.githubusercontent.com/SeungeFlow/9Dot0/41308271f8c45277d51d1f2af8052b7788d61d78/README.md,git@github.com:SeungeFlow/9Dot0.git
SeungeFlow/9Dot0.git,SeungeFlow/9Dot0,main,41308271f8c45277d51d1f2af8052b7788d61d78,README.md,116,Repo.9Dot0 entry surface,https://raw.githubusercontent.com/SeungeFlow/9Dot0/41308271f8c45277d51d1f2af8052b7788d61d78/README.md,git@github.com:SeungeFlow/9Dot0.git
note,SeungeFlow/9Dot0,main,41308271f8c45277d51d1f2af8052b7788d61d78,README.md,118,Repo.9Dot0 entry surface,https://raw.githubusercontent.com/SeungeFlow/9Dot0/41308271f8c45277d51d1f2af8052b7788d61d78/README.md,note:
Repo.9Dot0,SeungeFlow/9Dot0,main,41308271f8c45277d51d1f2af8052b7788d61d78,README.md,119,Repo.9Dot0 entry surface,https://raw.githubusercontent.com/SeungeFlow/9Dot0/41308271f8c45277d51d1f2af8052b7788d61d78/README.md,Repo.9Dot0 has been pushed to SeungeFlow/9Dot0.
has,SeungeFlow/9Dot0,main,41308271f8c45277d51d1f2af8052b7788d61d78,README.md,119,Repo.9Dot0 entry surface,https://raw.githubusercontent.com/SeungeFlow/9Dot0/41308271f8c45277d51d1f2af8052b7788d61d78/README.md,Repo.9Dot0 has been pushed to SeungeFlow/9Dot0.
been,SeungeFlow/9Dot0,main,41308271f8c45277d51d1f2af8052b7788d61d78,README.md,119,Repo.9Dot0 entry surface,https://raw.githubusercontent.com/SeungeFlow/9Dot0/41308271f8c45277d51d1f2af8052b7788d61d78/README.md,Repo.9Dot0 has been pushed to SeungeFlow/9Dot0.
pushed,SeungeFlow/9Dot0,main,41308271f8c45277d51d1f2af8052b7788d61d78,README.md,119,Repo.9Dot0 entry surface,https://raw.githubusercontent.com/SeungeFlow/9Dot0/41308271f8c45277d51d1f2af8052b7788d61d78/README.md,Repo.9Dot0 has been pushed to SeungeFlow/9Dot0.
SeungeFlow/9Dot0.,SeungeFlow/9Dot0,main,41308271f8c45277d51d1f2af8052b7788d61d78,README.md,119,Repo.9Dot0 entry surface,https://raw.githubusercontent.com/SeungeFlow/9Dot0/41308271f8c45277d51d1f2af8052b7788d61d78/README.md,Repo.9Dot0 has been pushed to SeungeFlow/9Dot0.
Remote,SeungeFlow/9Dot0,main,41308271f8c45277d51d1f2af8052b7788d61d78,README.md,122,Repo.9Dot0 entry surface,https://raw.githubusercontent.com/SeungeFlow/9Dot0/41308271f8c45277d51d1f2af8052b7788d61d78/README.md,## Remote Push Status
Push,SeungeFlow/9Dot0,main,41308271f8c45277d51d1f2af8052b7788d61d78,README.md,122,Repo.9Dot0 entry surface,https://raw.githubusercontent.com/SeungeFlow/9Dot0/41308271f8c45277d51d1f2af8052b7788d61d78/README.md,## Remote Push Status
Status,SeungeFlow/9Dot0,main,41308271f8c45277d51d1f2af8052b7788d61d78,README.md,122,Repo.9Dot0 entry surface,https://raw.githubusercontent.com/SeungeFlow/9Dot0/41308271f8c45277d51d1f2af8052b7788d61d78/README.md,## Remote Push Status
status,SeungeFlow/9Dot0,main,41308271f8c45277d51d1f2af8052b7788d61d78,README.md,124,Repo.9Dot0 entry surface,https://raw.githubusercontent.com/SeungeFlow/9Dot0/41308271f8c45277d51d1f2af8052b7788d61d78/README.md,status:
remote_pushed_final_sync_pending_commit,SeungeFlow/9Dot0,main,41308271f8c45277d51d1f2af8052b7788d61d78,README.md,125,Repo.9Dot0 entry surface,https://raw.githubusercontent.com/SeungeFlow/9Dot0/41308271f8c45277d51d1f2af8052b7788d61d78/README.md,remote_pushed_final_sync_pending_commit
remote_repo,SeungeFlow/9Dot0,main,41308271f8c45277d51d1f2af8052b7788d61d78,README.md,127,Repo.9Dot0 entry surface,https://raw.githubusercontent.com/SeungeFlow/9Dot0/41308271f8c45277d51d1f2af8052b7788d61d78/README.md,remote_repo:
SeungeFlow/9Dot0,SeungeFlow/9Dot0,main,41308271f8c45277d51d1f2af8052b7788d61d78,README.md,128,Repo.9Dot0 entry surface,https://raw.githubusercontent.com/SeungeFlow/9Dot0/41308271f8c45277d51d1f2af8052b7788d61d78/README.md,SeungeFlow/9Dot0
remote_ssh,SeungeFlow/9Dot0,main,41308271f8c45277d51d1f2af8052b7788d61d78,README.md,130,Repo.9Dot0 entry surface,https://raw.githubusercontent.com/SeungeFlow/9Dot0/41308271f8c45277d51d1f2af8052b7788d61d78/README.md,remote_ssh:
git,SeungeFlow/9Dot0,main,41308271f8c45277d51d1f2af8052b7788d61d78,README.md,131,Repo.9Dot0 entry surface,https://raw.githubusercontent.com/SeungeFlow/9Dot0/41308271f8c45277d51d1f2af8052b7788d61d78/README.md,git@github.com:SeungeFlow/9Dot0.git
github.com,SeungeFlow/9Dot0,main,41308271f8c45277d51d1f2af8052b7788d61d78,README.md,131,Repo.9Dot0 entry surface,https://raw.githubusercontent.com/SeungeFlow/9Dot0/41308271f8c45277d51d1f2af8052b7788d61d78/README.md,git@github.com:SeungeFlow/9Dot0.git
SeungeFlow/9Dot0.git,SeungeFlow/9Dot0,main,41308271f8c45277d51d1f2af8052b7788d61d78,README.md,131,Repo.9Dot0 entry surface,https://raw.githubusercontent.com/SeungeFlow/9Dot0/41308271f8c45277d51d1f2af8052b7788d61d78/README.md,git@github.com:SeungeFlow/9Dot0.git
branch,SeungeFlow/9Dot0,main,41308271f8c45277d51d1f2af8052b7788d61d78,README.md,133,Repo.9Dot0 entry surface,https://raw.githubusercontent.com/SeungeFlow/9Dot0/41308271f8c45277d51d1f2af8052b7788d61d78/README.md,branch:
main,SeungeFlow/9Dot0,main,41308271f8c45277d51d1f2af8052b7788d61d78,README.md,134,Repo.9Dot0 entry surface,https://raw.githubusercontent.com/SeungeFlow/9Dot0/41308271f8c45277d51d1f2af8052b7788d61d78/README.md,main
verified_remote_head_before_final_sync,SeungeFlow/9Dot0,main,41308271f8c45277d51d1f2af8052b7788d61d78,README.md,136,Repo.9Dot0 entry surface,https://raw.githubusercontent.com/SeungeFlow/9Dot0/41308271f8c45277d51d1f2af8052b7788d61d78/README.md,verified_remote_head_before_final_sync:
short,SeungeFlow/9Dot0,main,41308271f8c45277d51d1f2af8052b7788d61d78,README.md,137,Repo.9Dot0 entry surface,https://raw.githubusercontent.com/SeungeFlow/9Dot0/41308271f8c45277d51d1f2af8052b7788d61d78/README.md,short: 032a5f6
032,SeungeFlow/9Dot0,main,41308271f8c45277d51d1f2af8052b7788d61d78,README.md,137,Repo.9Dot0 entry surface,https://raw.githubusercontent.com/SeungeFlow/9Dot0/41308271f8c45277d51d1f2af8052b7788d61d78/README.md,short: 032a5f6
a5f6,SeungeFlow/9Dot0,main,41308271f8c45277d51d1f2af8052b7788d61d78,README.md,137,Repo.9Dot0 entry surface,https://raw.githubusercontent.com/SeungeFlow/9Dot0/41308271f8c45277d51d1f2af8052b7788d61d78/README.md,short: 032a5f6
hash,SeungeFlow/9Dot0,main,41308271f8c45277d51d1f2af8052b7788d61d78,README.md,138,Repo.9Dot0 entry surface,https://raw.githubusercontent.com/SeungeFlow/9Dot0/41308271f8c45277d51d1f2af8052b7788d61d78/README.md,hash: 032a5f644b55e45ec067778ad723d653e640e0d0
032,SeungeFlow/9Dot0,main,41308271f8c45277d51d1f2af8052b7788d61d78,README.md,138,Repo.9Dot0 entry surface,https://raw.githubusercontent.com/SeungeFlow/9Dot0/41308271f8c45277d51d1f2af8052b7788d61d78/README.md,hash: 032a5f644b55e45ec067778ad723d653e640e0d0
a5f644b55e45ec067778ad723d653e640e0d0,SeungeFlow/9Dot0,main,41308271f8c45277d51d1f2af8052b7788d61d78,README.md,138,Repo.9Dot0 entry surface,https://raw.githubusercontent.com/SeungeFlow/9Dot0/41308271f8c45277d51d1f2af8052b7788d61d78/README.md,hash: 032a5f644b55e45ec067778ad723d653e640e0d0
force_push,SeungeFlow/9Dot0,main,41308271f8c45277d51d1f2af8052b7788d61d78,README.md,140,Repo.9Dot0 entry surface,https://raw.githubusercontent.com/SeungeFlow/9Dot0/41308271f8c45277d51d1f2af8052b7788d61d78/README.md,force_push:
no,SeungeFlow/9Dot0,main,41308271f8c45277d51d1f2af8052b7788d61d78,README.md,141,Repo.9Dot0 entry surface,https://raw.githubusercontent.com/SeungeFlow/9Dot0/41308271f8c45277d51d1f2af8052b7788d61d78/README.md,no
visibility,SeungeFlow/9Dot0,main,41308271f8c45277d51d1f2af8052b7788d61d78,README.md,143,Repo.9Dot0 entry surface,https://raw.githubusercontent.com/SeungeFlow/9Dot0/41308271f8c45277d51d1f2af8052b7788d61d78/README.md,visibility:
private,SeungeFlow/9Dot0,main,41308271f8c45277d51d1f2af8052b7788d61d78,README.md,144,Repo.9Dot0 entry surface,https://raw.githubusercontent.com/SeungeFlow/9Dot0/41308271f8c45277d51d1f2af8052b7788d61d78/README.md,private
note,SeungeFlow/9Dot0,main,41308271f8c45277d51d1f2af8052b7788d61d78,README.md,146,Repo.9Dot0 entry surface,https://raw.githubusercontent.com/SeungeFlow/9Dot0/41308271f8c45277d51d1f2af8052b7788d61d78/README.md,note:
Before,SeungeFlow/9Dot0,main,41308271f8c45277d51d1f2af8052b7788d61d78,README.md,147,Repo.9Dot0 entry surface,https://raw.githubusercontent.com/SeungeFlow/9Dot0/41308271f8c45277d51d1f2af8052b7788d61d78/README.md,"Before this final sync commit, Repo.9Dot0 local main and origin/main were verified to match the head above."
final,SeungeFlow/9Dot0,main,41308271f8c45277d51d1f2af8052b7788d61d78,README.md,147,Repo.9Dot0 entry surface,https://raw.githubusercontent.com/SeungeFlow/9Dot0/41308271f8c45277d51d1f2af8052b7788d61d78/README.md,"Before this final sync commit, Repo.9Dot0 local main and origin/main were verified to match the head above."
sync,SeungeFlow/9Dot0,main,41308271f8c45277d51d1f2af8052b7788d61d78,README.md,147,Repo.9Dot0 entry surface,https://raw.githubusercontent.com/SeungeFlow/9Dot0/41308271f8c45277d51d1f2af8052b7788d61d78/README.md,"Before this final sync commit, Repo.9Dot0 local main and origin/main were verified to match the head above."
commit,SeungeFlow/9Dot0,main,41308271f8c45277d51d1f2af8052b7788d61d78,README.md,147,Repo.9Dot0 entry surface,https://raw.githubusercontent.com/SeungeFlow/9Dot0/41308271f8c45277d51d1f2af8052b7788d61d78/README.md,"Before this final sync commit, Repo.9Dot0 local main and origin/main were verified to match the head above."
Repo.9Dot0,SeungeFlow/9Dot0,main,41308271f8c45277d51d1f2af8052b7788d61d78,README.md,147,Repo.9Dot0 entry surface,https://raw.githubusercontent.com/SeungeFlow/9Dot0/41308271f8c45277d51d1f2af8052b7788d61d78/README.md,"Before this final sync commit, Repo.9Dot0 local main and origin/main were verified to match the head above."
local,SeungeFlow/9Dot0,main,41308271f8c45277d51d1f2af8052b7788d61d78,README.md,147,Repo.9Dot0 entry surface,https://raw.githubusercontent.com/SeungeFlow/9Dot0/41308271f8c45277d51d1f2af8052b7788d61d78/README.md,"Before this final sync commit, Repo.9Dot0 local main and origin/main were verified to match the head above."
main,SeungeFlow/9Dot0,main,41308271f8c45277d51d1f2af8052b7788d61d78,README.md,147,Repo.9Dot0 entry surface,https://raw.githubusercontent.com/SeungeFlow/9Dot0/41308271f8c45277d51d1f2af8052b7788d61d78/README.md,"Before this final sync commit, Repo.9Dot0 local main and origin/main were verified to match the head above."
origin/main,SeungeFlow/9Dot0,main,41308271f8c45277d51d1f2af8052b7788d61d78,README.md,147,Repo.9Dot0 entry surface,https://raw.githubusercontent.com/SeungeFlow/9Dot0/41308271f8c45277d51d1f2af8052b7788d61d78/README.md,"Before this final sync commit, Repo.9Dot0 local main and origin/main were verified to match the head above."
were,SeungeFlow/9Dot0,main,41308271f8c45277d51d1f2af8052b7788d61d78,README.md,147,Repo.9Dot0 entry surface,https://raw.githubusercontent.com/SeungeFlow/9Dot0/41308271f8c45277d51d1f2af8052b7788d61d78/README.md,"Before this final sync commit, Repo.9Dot0 local main and origin/main were verified to match the head above."
verified,SeungeFlow/9Dot0,main,41308271f8c45277d51d1f2af8052b7788d61d78,README.md,147,Repo.9Dot0 entry surface,https://raw.githubusercontent.com/SeungeFlow/9Dot0/41308271f8c45277d51d1f2af8052b7788d61d78/README.md,"Before this final sync commit, Repo.9Dot0 local main and origin/main were verified to match the head above."
match,SeungeFlow/9Dot0,main,41308271f8c45277d51d1f2af8052b7788d61d78,README.md,147,Repo.9Dot0 entry surface,https://raw.githubusercontent.com/SeungeFlow/9Dot0/41308271f8c45277d51d1f2af8052b7788d61d78/README.md,"Before this final sync commit, Repo.9Dot0 local main and origin/main were verified to match the head above."
head,SeungeFlow/9Dot0,main,41308271f8c45277d51d1f2af8052b7788d61d78,README.md,147,Repo.9Dot0 entry surface,https://raw.githubusercontent.com/SeungeFlow/9Dot0/41308271f8c45277d51d1f2af8052b7788d61d78/README.md,"Before this final sync commit, Repo.9Dot0 local main and origin/main were verified to match the head above."
above.,SeungeFlow/9Dot0,main,41308271f8c45277d51d1f2af8052b7788d61d78,README.md,147,Repo.9Dot0 entry surface,https://raw.githubusercontent.com/SeungeFlow/9Dot0/41308271f8c45277d51d1f2af8052b7788d61d78/README.md,"Before this final sync commit, Repo.9Dot0 local main and origin/main were verified to match the head above."
The,SeungeFlow/9Dot0,main,41308271f8c45277d51d1f2af8052b7788d61d78,README.md,148,Repo.9Dot0 entry surface,https://raw.githubusercontent.com/SeungeFlow/9Dot0/41308271f8c45277d51d1f2af8052b7788d61d78/README.md,"The final sync commit itself creates a new pushed head, which is recorded in the pass report rather than embedded as its own hash."
final,SeungeFlow/9Dot0,main,41308271f8c45277d51d1f2af8052b7788d61d78,README.md,148,Repo.9Dot0 entry surface,https://raw.githubusercontent.com/SeungeFlow/9Dot0/41308271f8c45277d51d1f2af8052b7788d61d78/README.md,"The final sync commit itself creates a new pushed head, which is recorded in the pass report rather than embedded as its own hash."
sync,SeungeFlow/9Dot0,main,41308271f8c45277d51d1f2af8052b7788d61d78,README.md,148,Repo.9Dot0 entry surface,https://raw.githubusercontent.com/SeungeFlow/9Dot0/41308271f8c45277d51d1f2af8052b7788d61d78/README.md,"The final sync commit itself creates a new pushed head, which is recorded in the pass report rather than embedded as its own hash."
commit,SeungeFlow/9Dot0,main,41308271f8c45277d51d1f2af8052b7788d61d78,README.md,148,Repo.9Dot0 entry surface,https://raw.githubusercontent.com/SeungeFlow/9Dot0/41308271f8c45277d51d1f2af8052b7788d61d78/README.md,"The final sync commit itself creates a new pushed head, which is recorded in the pass report rather than embedded as its own hash."
itself,SeungeFlow/9Dot0,main,41308271f8c45277d51d1f2af8052b7788d61d78,README.md,148,Repo.9Dot0 entry surface,https://raw.githubusercontent.com/SeungeFlow/9Dot0/41308271f8c45277d51d1f2af8052b7788d61d78/README.md,"The final sync commit itself creates a new pushed head, which is recorded in the pass report rather than embedded as its own hash."
creates,SeungeFlow/9Dot0,main,41308271f8c45277d51d1f2af8052b7788d61d78,README.md,148,Repo.9Dot0 entry surface,https://raw.githubusercontent.com/SeungeFlow/9Dot0/41308271f8c45277d51d1f2af8052b7788d61d78/README.md,"The final sync commit itself creates a new pushed head, which is recorded in the pass report rather than embedded as its own hash."
new,SeungeFlow/9Dot0,main,41308271f8c45277d51d1f2af8052b7788d61d78,README.md,148,Repo.9Dot0 entry surface,https://raw.githubusercontent.com/SeungeFlow/9Dot0/41308271f8c45277d51d1f2af8052b7788d61d78/README.md,"The final sync commit itself creates a new pushed head, which is recorded in the pass report rather than embedded as its own hash."
pushed,SeungeFlow/9Dot0,main,41308271f8c45277d51d1f2af8052b7788d61d78,README.md,148,Repo.9Dot0 entry surface,https://raw.githubusercontent.com/SeungeFlow/9Dot0/41308271f8c45277d51d1f2af8052b7788d61d78/README.md,"The final sync commit itself creates a new pushed head, which is recorded in the pass report rather than embedded as its own hash."
head,SeungeFlow/9Dot0,main,41308271f8c45277d51d1f2af8052b7788d61d78,README.md,148,Repo.9Dot0 entry surface,https://raw.githubusercontent.com/SeungeFlow/9Dot0/41308271f8c45277d51d1f2af8052b7788d61d78/README.md,"The final sync commit itself creates a new pushed head, which is recorded in the pass report rather than embedded as its own hash."
which,SeungeFlow/9Dot0,main,41308271f8c45277d51d1f2af8052b7788d61d78,README.md,148,Repo.9Dot0 entry surface,https://raw.githubusercontent.com/SeungeFlow/9Dot0/41308271f8c45277d51d1f2af8052b7788d61d78/README.md,"The final sync commit itself creates a new pushed head, which is recorded in the pass report rather than embedded as its own hash."
recorded,SeungeFlow/9Dot0,main,41308271f8c45277d51d1f2af8052b7788d61d78,README.md,148,Repo.9Dot0 entry surface,https://raw.githubusercontent.com/SeungeFlow/9Dot0/41308271f8c45277d51d1f2af8052b7788d61d78/README.md,"The final sync commit itself creates a new pushed head, which is recorded in the pass report rather than embedded as its own hash."
pass,SeungeFlow/9Dot0,main,41308271f8c45277d51d1f2af8052b7788d61d78,README.md,148,Repo.9Dot0 entry surface,https://raw.githubusercontent.com/SeungeFlow/9Dot0/41308271f8c45277d51d1f2af8052b7788d61d78/README.md,"The final sync commit itself creates a new pushed head, which is recorded in the pass report rather than embedded as its own hash."
report,SeungeFlow/9Dot0,main,41308271f8c45277d51d1f2af8052b7788d61d78,README.md,148,Repo.9Dot0 entry surface,https://raw.githubusercontent.com/SeungeFlow/9Dot0/41308271f8c45277d51d1f2af8052b7788d61d78/README.md,"The final sync commit itself creates a new pushed head, which is recorded in the pass report rather than embedded as its own hash."
rather,SeungeFlow/9Dot0,main,41308271f8c45277d51d1f2af8052b7788d61d78,README.md,148,Repo.9Dot0 entry surface,https://raw.githubusercontent.com/SeungeFlow/9Dot0/41308271f8c45277d51d1f2af8052b7788d61d78/README.md,"The final sync commit itself creates a new pushed head, which is recorded in the pass report rather than embedded as its own hash."
than,SeungeFlow/9Dot0,main,41308271f8c45277d51d1f2af8052b7788d61d78,README.md,148,Repo.9Dot0 entry surface,https://raw.githubusercontent.com/SeungeFlow/9Dot0/41308271f8c45277d51d1f2af8052b7788d61d78/README.md,"The final sync commit itself creates a new pushed head, which is recorded in the pass report rather than embedded as its own hash."
embedded,SeungeFlow/9Dot0,main,41308271f8c45277d51d1f2af8052b7788d61d78,README.md,148,Repo.9Dot0 entry surface,https://raw.githubusercontent.com/SeungeFlow/9Dot0/41308271f8c45277d51d1f2af8052b7788d61d78/README.md,"The final sync commit itself creates a new pushed head, which is recorded in the pass report rather than embedded as its own hash."
its,SeungeFlow/9Dot0,main,41308271f8c45277d51d1f2af8052b7788d61d78,README.md,148,Repo.9Dot0 entry surface,https://raw.githubusercontent.com/SeungeFlow/9Dot0/41308271f8c45277d51d1f2af8052b7788d61d78/README.md,"The final sync commit itself creates a new pushed head, which is recorded in the pass report rather than embedded as its own hash."
own,SeungeFlow/9Dot0,main,41308271f8c45277d51d1f2af8052b7788d61d78,README.md,148,Repo.9Dot0 entry surface,https://raw.githubusercontent.com/SeungeFlow/9Dot0/41308271f8c45277d51d1f2af8052b7788d61d78/README.md,"The final sync commit itself creates a new pushed head, which is recorded in the pass report rather than embedded as its own hash."
hash.,SeungeFlow/9Dot0,main,41308271f8c45277d51d1f2af8052b7788d61d78,README.md,148,Repo.9Dot0 entry surface,https://raw.githubusercontent.com/SeungeFlow/9Dot0/41308271f8c45277d51d1f2af8052b7788d61d78/README.md,"The final sync commit itself creates a new pushed head, which is recorded in the pass report rather than embedded as its own hash."
branch.market,SeungeFlow/9Dot0,main,41308271f8c45277d51d1f2af8052b7788d61d78,03_branch_fields/market/README.md,1,branch.market surface,https://raw.githubusercontent.com/SeungeFlow/9Dot0/41308271f8c45277d51d1f2af8052b7788d61d78/03_branch_fields/market/README.md,# branch.market
Capital,SeungeFlow/9Dot0,main,41308271f8c45277d51d1f2af8052b7788d61d78,03_branch_fields/market/README.md,3,branch.market surface,https://raw.githubusercontent.com/SeungeFlow/9Dot0/41308271f8c45277d51d1f2af8052b7788d61d78/03_branch_fields/market/README.md,Capital market field.
market,SeungeFlow/9Dot0,main,41308271f8c45277d51d1f2af8052b7788d61d78,03_branch_fields/market/README.md,3,branch.market surface,https://raw.githubusercontent.com/SeungeFlow/9Dot0/41308271f8c45277d51d1f2af8052b7788d61d78/03_branch_fields/market/README.md,Capital market field.
field.,SeungeFlow/9Dot0,main,41308271f8c45277d51d1f2af8052b7788d61d78,03_branch_fields/market/README.md,3,branch.market surface,https://raw.githubusercontent.com/SeungeFlow/9Dot0/41308271f8c45277d51d1f2af8052b7788d61d78/03_branch_fields/market/README.md,Capital market field.
Purpose,SeungeFlow/9Dot0,main,41308271f8c45277d51d1f2af8052b7788d61d78,03_branch_fields/market/README.md,5,branch.market surface,https://raw.githubusercontent.com/SeungeFlow/9Dot0/41308271f8c45277d51d1f2af8052b7788d61d78/03_branch_fields/market/README.md,Purpose:
Apply,SeungeFlow/9Dot0,main,41308271f8c45277d51d1f2af8052b7788d61d78,03_branch_fields/market/README.md,6,branch.market surface,https://raw.githubusercontent.com/SeungeFlow/9Dot0/41308271f8c45277d51d1f2af8052b7788d61d78/03_branch_fields/market/README.md,Apply 9dot0 structure principle to overseas futures and profit-taking transaction field.
9dot0,SeungeFlow/9Dot0,main,41308271f8c45277d51d1f2af8052b7788d61d78,03_branch_fields/market/README.md,6,branch.market surface,https://raw.githubusercontent.com/SeungeFlow/9Dot0/41308271f8c45277d51d1f2af8052b7788d61d78/03_branch_fields/market/README.md,Apply 9dot0 structure principle to overseas futures and profit-taking transaction field.
structure,SeungeFlow/9Dot0,main,41308271f8c45277d51d1f2af8052b7788d61d78,03_branch_fields/market/README.md,6,branch.market surface,https://raw.githubusercontent.com/SeungeFlow/9Dot0/41308271f8c45277d51d1f2af8052b7788d61d78/03_branch_fields/market/README.md,Apply 9dot0 structure principle to overseas futures and profit-taking transaction field.
principle,SeungeFlow/9Dot0,main,41308271f8c45277d51d1f2af8052b7788d61d78,03_branch_fields/market/README.md,6,branch.market surface,https://raw.githubusercontent.com/SeungeFlow/9Dot0/41308271f8c45277d51d1f2af8052b7788d61d78/03_branch_fields/market/README.md,Apply 9dot0 structure principle to overseas futures and profit-taking transaction field.
overseas,SeungeFlow/9Dot0,main,41308271f8c45277d51d1f2af8052b7788d61d78,03_branch_fields/market/README.md,6,branch.market surface,https://raw.githubusercontent.com/SeungeFlow/9Dot0/41308271f8c45277d51d1f2af8052b7788d61d78/03_branch_fields/market/README.md,Apply 9dot0 structure principle to overseas futures and profit-taking transaction field.
futures,SeungeFlow/9Dot0,main,41308271f8c45277d51d1f2af8052b7788d61d78,03_branch_fields/market/README.md,6,branch.market surface,https://raw.githubusercontent.com/SeungeFlow/9Dot0/41308271f8c45277d51d1f2af8052b7788d61d78/03_branch_fields/market/README.md,Apply 9dot0 structure principle to overseas futures and profit-taking transaction field.
profit-taking,SeungeFlow/9Dot0,main,41308271f8c45277d51d1f2af8052b7788d61d78,03_branch_fields/market/README.md,6,branch.market surface,https://raw.githubusercontent.com/SeungeFlow/9Dot0/41308271f8c45277d51d1f2af8052b7788d61d78/03_branch_fields/market/README.md,Apply 9dot0 structure principle to overseas futures and profit-taking transaction field.
transaction,SeungeFlow/9Dot0,main,41308271f8c45277d51d1f2af8052b7788d61d78,03_branch_fields/market/README.md,6,branch.market surface,https://raw.githubusercontent.com/SeungeFlow/9Dot0/41308271f8c45277d51d1f2af8052b7788d61d78/03_branch_fields/market/README.md,Apply 9dot0 structure principle to overseas futures and profit-taking transaction field.
field.,SeungeFlow/9Dot0,main,41308271f8c45277d51d1f2af8052b7788d61d78,03_branch_fields/market/README.md,6,branch.market surface,https://raw.githubusercontent.com/SeungeFlow/9Dot0/41308271f8c45277d51d1f2af8052b7788d61d78/03_branch_fields/market/README.md,Apply 9dot0 structure principle to overseas futures and profit-taking transaction field.
Initial,SeungeFlow/9Dot0,main,41308271f8c45277d51d1f2af8052b7788d61d78,03_branch_fields/market/README.md,8,branch.market surface,https://raw.githubusercontent.com/SeungeFlow/9Dot0/41308271f8c45277d51d1f2af8052b7788d61d78/03_branch_fields/market/README.md,Initial scope:
scope,SeungeFlow/9Dot0,main,41308271f8c45277d51d1f2af8052b7788d61d78,03_branch_fields/market/README.md,8,branch.market surface,https://raw.githubusercontent.com/SeungeFlow/9Dot0/41308271f8c45277d51d1f2af8052b7788d61d78/03_branch_fields/market/README.md,Initial scope:
price,SeungeFlow/9Dot0,main,41308271f8c45277d51d1f2af8052b7788d61d78,03_branch_fields/market/README.md,9,branch.market surface,https://raw.githubusercontent.com/SeungeFlow/9Dot0/41308271f8c45277d51d1f2af8052b7788d61d78/03_branch_fields/market/README.md,- price
time,SeungeFlow/9Dot0,main,41308271f8c45277d51d1f2af8052b7788d61d78,03_branch_fields/market/README.md,10,branch.market surface,https://raw.githubusercontent.com/SeungeFlow/9Dot0/41308271f8c45277d51d1f2af8052b7788d61d78/03_branch_fields/market/README.md,- time
risk,SeungeFlow/9Dot0,main,41308271f8c45277d51d1f2af8052b7788d61d78,03_branch_fields/market/README.md,11,branch.market surface,https://raw.githubusercontent.com/SeungeFlow/9Dot0/41308271f8c45277d51d1f2af8052b7788d61d78/03_branch_fields/market/README.md,- risk
entry,SeungeFlow/9Dot0,main,41308271f8c45277d51d1f2af8052b7788d61d78,03_branch_fields/market/README.md,12,branch.market surface,https://raw.githubusercontent.com/SeungeFlow/9Dot0/41308271f8c45277d51d1f2af8052b7788d61d78/03_branch_fields/market/README.md,- entry
exit,SeungeFlow/9Dot0,main,41308271f8c45277d51d1f2af8052b7788d61d78,03_branch_fields/market/README.md,13,branch.market surface,https://raw.githubusercontent.com/SeungeFlow/9Dot0/41308271f8c45277d51d1f2af8052b7788d61d78/03_branch_fields/market/README.md,- exit
liquidity,SeungeFlow/9Dot0,main,41308271f8c45277d51d1f2af8052b7788d61d78,03_branch_fields/market/README.md,14,branch.market surface,https://raw.githubusercontent.com/SeungeFlow/9Dot0/41308271f8c45277d51d1f2af8052b7788d61d78/03_branch_fields/market/README.md,- liquidity
transition,SeungeFlow/9Dot0,main,41308271f8c45277d51d1f2af8052b7788d61d78,03_branch_fields/market/README.md,15,branch.market surface,https://raw.githubusercontent.com/SeungeFlow/9Dot0/41308271f8c45277d51d1f2af8052b7788d61d78/03_branch_fields/market/README.md,- transition
profit,SeungeFlow/9Dot0,main,41308271f8c45277d51d1f2af8052b7788d61d78,03_branch_fields/market/README.md,16,branch.market surface,https://raw.githubusercontent.com/SeungeFlow/9Dot0/41308271f8c45277d51d1f2af8052b7788d61d78/03_branch_fields/market/README.md,- profit realization
realization,SeungeFlow/9Dot0,main,41308271f8c45277d51d1f2af8052b7788d61d78,03_branch_fields/market/README.md,16,branch.market surface,https://raw.githubusercontent.com/SeungeFlow/9Dot0/41308271f8c45277d51d1f2af8052b7788d61d78/03_branch_fields/market/README.md,- profit realization
Status,SeungeFlow/9Dot0,main,41308271f8c45277d51d1f2af8052b7788d61d78,03_branch_fields/market/README.md,18,branch.market surface,https://raw.githubusercontent.com/SeungeFlow/9Dot0/41308271f8c45277d51d1f2af8052b7788d61d78/03_branch_fields/market/README.md,Status:
branch-field,SeungeFlow/9Dot0,main,41308271f8c45277d51d1f2af8052b7788d61d78,03_branch_fields/market/README.md,19,branch.market surface,https://raw.githubusercontent.com/SeungeFlow/9Dot0/41308271f8c45277d51d1f2af8052b7788d61d78/03_branch_fields/market/README.md,branch-field candidate
candidate,SeungeFlow/9Dot0,main,41308271f8c45277d51d1f2af8052b7788d61d78,03_branch_fields/market/README.md,19,branch.market surface,https://raw.githubusercontent.com/SeungeFlow/9Dot0/41308271f8c45277d51d1f2af8052b7788d61d78/03_branch_fields/market/README.md,branch-field candidate
branch.sohosa,SeungeFlow/9Dot0,main,41308271f8c45277d51d1f2af8052b7788d61d78,03_branch_fields/sohosa/README.md,1,branch.sohosa surface,https://raw.githubusercontent.com/SeungeFlow/9Dot0/41308271f8c45277d51d1f2af8052b7788d61d78/03_branch_fields/sohosa/README.md,# branch.sohosa
Sohosa,SeungeFlow/9Dot0,main,41308271f8c45277d51d1f2af8052b7788d61d78,03_branch_fields/sohosa/README.md,3,branch.sohosa surface,https://raw.githubusercontent.com/SeungeFlow/9Dot0/41308271f8c45277d51d1f2af8052b7788d61d78/03_branch_fields/sohosa/README.md,Sohosa / Hyangsa field.
Hyangsa,SeungeFlow/9Dot0,main,41308271f8c45277d51d1f2af8052b7788d61d78,03_branch_fields/sohosa/README.md,3,branch.sohosa surface,https://raw.githubusercontent.com/SeungeFlow/9Dot0/41308271f8c45277d51d1f2af8052b7788d61d78/03_branch_fields/sohosa/README.md,Sohosa / Hyangsa field.
field.,SeungeFlow/9Dot0,main,41308271f8c45277d51d1f2af8052b7788d61d78,03_branch_fields/sohosa/README.md,3,branch.sohosa surface,https://raw.githubusercontent.com/SeungeFlow/9Dot0/41308271f8c45277d51d1f2af8052b7788d61d78/03_branch_fields/sohosa/README.md,Sohosa / Hyangsa field.
Purpose,SeungeFlow/9Dot0,main,41308271f8c45277d51d1f2af8052b7788d61d78,03_branch_fields/sohosa/README.md,5,branch.sohosa surface,https://raw.githubusercontent.com/SeungeFlow/9Dot0/41308271f8c45277d51d1f2af8052b7788d61d78/03_branch_fields/sohosa/README.md,Purpose:
Apply,SeungeFlow/9Dot0,main,41308271f8c45277d51d1f2af8052b7788d61d78,03_branch_fields/sohosa/README.md,6,branch.sohosa surface,https://raw.githubusercontent.com/SeungeFlow/9Dot0/41308271f8c45277d51d1f2af8052b7788d61d78/03_branch_fields/sohosa/README.md,"Apply 9dot0 structure principle to ritual, lineage, historical substance, and grounds."
9dot0,SeungeFlow/9Dot0,main,41308271f8c45277d51d1f2af8052b7788d61d78,03_branch_fields/sohosa/README.md,6,branch.sohosa surface,https://raw.githubusercontent.com/SeungeFlow/9Dot0/41308271f8c45277d51d1f2af8052b7788d61d78/03_branch_fields/sohosa/README.md,"Apply 9dot0 structure principle to ritual, lineage, historical substance, and grounds."
structure,SeungeFlow/9Dot0,main,41308271f8c45277d51d1f2af8052b7788d61d78,03_branch_fields/sohosa/README.md,6,branch.sohosa surface,https://raw.githubusercontent.com/SeungeFlow/9Dot0/41308271f8c45277d51d1f2af8052b7788d61d78/03_branch_fields/sohosa/README.md,"Apply 9dot0 structure principle to ritual, lineage, historical substance, and grounds."
principle,SeungeFlow/9Dot0,main,41308271f8c45277d51d1f2af8052b7788d61d78,03_branch_fields/sohosa/README.md,6,branch.sohosa surface,https://raw.githubusercontent.com/SeungeFlow/9Dot0/41308271f8c45277d51d1f2af8052b7788d61d78/03_branch_fields/sohosa/README.md,"Apply 9dot0 structure principle to ritual, lineage, historical substance, and grounds."
ritual,SeungeFlow/9Dot0,main,41308271f8c45277d51d1f2af8052b7788d61d78,03_branch_fields/sohosa/README.md,6,branch.sohosa surface,https://raw.githubusercontent.com/SeungeFlow/9Dot0/41308271f8c45277d51d1f2af8052b7788d61d78/03_branch_fields/sohosa/README.md,"Apply 9dot0 structure principle to ritual, lineage, historical substance, and grounds."
lineage,SeungeFlow/9Dot0,main,41308271f8c45277d51d1f2af8052b7788d61d78,03_branch_fields/sohosa/README.md,6,branch.sohosa surface,https://raw.githubusercontent.com/SeungeFlow/9Dot0/41308271f8c45277d51d1f2af8052b7788d61d78/03_branch_fields/sohosa/README.md,"Apply 9dot0 structure principle to ritual, lineage, historical substance, and grounds."
historical,SeungeFlow/9Dot0,main,41308271f8c45277d51d1f2af8052b7788d61d78,03_branch_fields/sohosa/README.md,6,branch.sohosa surface,https://raw.githubusercontent.com/SeungeFlow/9Dot0/41308271f8c45277d51d1f2af8052b7788d61d78/03_branch_fields/sohosa/README.md,"Apply 9dot0 structure principle to ritual, lineage, historical substance, and grounds."
substance,SeungeFlow/9Dot0,main,41308271f8c45277d51d1f2af8052b7788d61d78,03_branch_fields/sohosa/README.md,6,branch.sohosa surface,https://raw.githubusercontent.com/SeungeFlow/9Dot0/41308271f8c45277d51d1f2af8052b7788d61d78/03_branch_fields/sohosa/README.md,"Apply 9dot0 structure principle to ritual, lineage, historical substance, and grounds."
grounds.,SeungeFlow/9Dot0,main,41308271f8c45277d51d1f2af8052b7788d61d78,03_branch_fields/sohosa/README.md,6,branch.sohosa surface,https://raw.githubusercontent.com/SeungeFlow/9Dot0/41308271f8c45277d51d1f2af8052b7788d61d78/03_branch_fields/sohosa/README.md,"Apply 9dot0 structure principle to ritual, lineage, historical substance, and grounds."
Initial,SeungeFlow/9Dot0,main,41308271f8c45277d51d1f2af8052b7788d61d78,03_branch_fields/sohosa/README.md,8,branch.sohosa surface,https://raw.githubusercontent.com/SeungeFlow/9Dot0/41308271f8c45277d51d1f2af8052b7788d61d78/03_branch_fields/sohosa/README.md,Initial scope:
scope,SeungeFlow/9Dot0,main,41308271f8c45277d51d1f2af8052b7788d61d78,03_branch_fields/sohosa/README.md,8,branch.sohosa surface,https://raw.githubusercontent.com/SeungeFlow/9Dot0/41308271f8c45277d51d1f2af8052b7788d61d78/03_branch_fields/sohosa/README.md,Initial scope:
Sohosa,SeungeFlow/9Dot0,main,41308271f8c45277d51d1f2af8052b7788d61d78,03_branch_fields/sohosa/README.md,9,branch.sohosa surface,https://raw.githubusercontent.com/SeungeFlow/9Dot0/41308271f8c45277d51d1f2af8052b7788d61d78/03_branch_fields/sohosa/README.md,- Sohosa
Hyangsa,SeungeFlow/9Dot0,main,41308271f8c45277d51d1f2af8052b7788d61d78,03_branch_fields/sohosa/README.md,10,branch.sohosa surface,https://raw.githubusercontent.com/SeungeFlow/9Dot0/41308271f8c45277d51d1f2af8052b7788d61d78/03_branch_fields/sohosa/README.md,- Hyangsa
ritual,SeungeFlow/9Dot0,main,41308271f8c45277d51d1f2af8052b7788d61d78,03_branch_fields/sohosa/README.md,11,branch.sohosa surface,https://raw.githubusercontent.com/SeungeFlow/9Dot0/41308271f8c45277d51d1f2af8052b7788d61d78/03_branch_fields/sohosa/README.md,- ritual
lineage,SeungeFlow/9Dot0,main,41308271f8c45277d51d1f2af8052b7788d61d78,03_branch_fields/sohosa/README.md,12,branch.sohosa surface,https://raw.githubusercontent.com/SeungeFlow/9Dot0/41308271f8c45277d51d1f2af8052b7788d61d78/03_branch_fields/sohosa/README.md,- lineage
place,SeungeFlow/9Dot0,main,41308271f8c45277d51d1f2af8052b7788d61d78,03_branch_fields/sohosa/README.md,13,branch.sohosa surface,https://raw.githubusercontent.com/SeungeFlow/9Dot0/41308271f8c45277d51d1f2af8052b7788d61d78/03_branch_fields/sohosa/README.md,- place
record,SeungeFlow/9Dot0,main,41308271f8c45277d51d1f2af8052b7788d61d78,03_branch_fields/sohosa/README.md,14,branch.sohosa surface,https://raw.githubusercontent.com/SeungeFlow/9Dot0/41308271f8c45277d51d1f2af8052b7788d61d78/03_branch_fields/sohosa/README.md,- record
historical,SeungeFlow/9Dot0,main,41308271f8c45277d51d1f2af8052b7788d61d78,03_branch_fields/sohosa/README.md,15,branch.sohosa surface,https://raw.githubusercontent.com/SeungeFlow/9Dot0/41308271f8c45277d51d1f2af8052b7788d61d78/03_branch_fields/sohosa/README.md,- historical grounds
grounds,SeungeFlow/9Dot0,main,41308271f8c45277d51d1f2af8052b7788d61d78,03_branch_fields/sohosa/README.md,15,branch.sohosa surface,https://raw.githubusercontent.com/SeungeFlow/9Dot0/41308271f8c45277d51d1f2af8052b7788d61d78/03_branch_fields/sohosa/README.md,- historical grounds
Status,SeungeFlow/9Dot0,main,41308271f8c45277d51d1f2af8052b7788d61d78,03_branch_fields/sohosa/README.md,17,branch.sohosa surface,https://raw.githubusercontent.com/SeungeFlow/9Dot0/41308271f8c45277d51d1f2af8052b7788d61d78/03_branch_fields/sohosa/README.md,Status:
branch-field,SeungeFlow/9Dot0,main,41308271f8c45277d51d1f2af8052b7788d61d78,03_branch_fields/sohosa/README.md,18,branch.sohosa surface,https://raw.githubusercontent.com/SeungeFlow/9Dot0/41308271f8c45277d51d1f2af8052b7788d61d78/03_branch_fields/sohosa/README.md,branch-field candidate
candidate,SeungeFlow/9Dot0,main,41308271f8c45277d51d1f2af8052b7788d61d78,03_branch_fields/sohosa/README.md,18,branch.sohosa surface,https://raw.githubusercontent.com/SeungeFlow/9Dot0/41308271f8c45277d51d1f2af8052b7788d61d78/03_branch_fields/sohosa/README.md,branch-field candidate
branch.history,SeungeFlow/9Dot0,main,41308271f8c45277d51d1f2af8052b7788d61d78,03_branch_fields/history/README.md,1,branch.history surface,https://raw.githubusercontent.com/SeungeFlow/9Dot0/41308271f8c45277d51d1f2af8052b7788d61d78/03_branch_fields/history/README.md,# branch.history
History,SeungeFlow/9Dot0,main,41308271f8c45277d51d1f2af8052b7788d61d78,03_branch_fields/history/README.md,3,branch.history surface,https://raw.githubusercontent.com/SeungeFlow/9Dot0/41308271f8c45277d51d1f2af8052b7788d61d78/03_branch_fields/history/README.md,History field.
field.,SeungeFlow/9Dot0,main,41308271f8c45277d51d1f2af8052b7788d61d78,03_branch_fields/history/README.md,3,branch.history surface,https://raw.githubusercontent.com/SeungeFlow/9Dot0/41308271f8c45277d51d1f2af8052b7788d61d78/03_branch_fields/history/README.md,History field.
Purpose,SeungeFlow/9Dot0,main,41308271f8c45277d51d1f2af8052b7788d61d78,03_branch_fields/history/README.md,5,branch.history surface,https://raw.githubusercontent.com/SeungeFlow/9Dot0/41308271f8c45277d51d1f2af8052b7788d61d78/03_branch_fields/history/README.md,Purpose:
Apply,SeungeFlow/9Dot0,main,41308271f8c45277d51d1f2af8052b7788d61d78,03_branch_fields/history/README.md,6,branch.history surface,https://raw.githubusercontent.com/SeungeFlow/9Dot0/41308271f8c45277d51d1f2af8052b7788d61d78/03_branch_fields/history/README.md,"Apply 9dot0 structure principle to events, time, records, documents, evidence, and transitions."
9dot0,SeungeFlow/9Dot0,main,41308271f8c45277d51d1f2af8052b7788d61d78,03_branch_fields/history/README.md,6,branch.history surface,https://raw.githubusercontent.com/SeungeFlow/9Dot0/41308271f8c45277d51d1f2af8052b7788d61d78/03_branch_fields/history/README.md,"Apply 9dot0 structure principle to events, time, records, documents, evidence, and transitions."
structure,SeungeFlow/9Dot0,main,41308271f8c45277d51d1f2af8052b7788d61d78,03_branch_fields/history/README.md,6,branch.history surface,https://raw.githubusercontent.com/SeungeFlow/9Dot0/41308271f8c45277d51d1f2af8052b7788d61d78/03_branch_fields/history/README.md,"Apply 9dot0 structure principle to events, time, records, documents, evidence, and transitions."
principle,SeungeFlow/9Dot0,main,41308271f8c45277d51d1f2af8052b7788d61d78,03_branch_fields/history/README.md,6,branch.history surface,https://raw.githubusercontent.com/SeungeFlow/9Dot0/41308271f8c45277d51d1f2af8052b7788d61d78/03_branch_fields/history/README.md,"Apply 9dot0 structure principle to events, time, records, documents, evidence, and transitions."
events,SeungeFlow/9Dot0,main,41308271f8c45277d51d1f2af8052b7788d61d78,03_branch_fields/history/README.md,6,branch.history surface,https://raw.githubusercontent.com/SeungeFlow/9Dot0/41308271f8c45277d51d1f2af8052b7788d61d78/03_branch_fields/history/README.md,"Apply 9dot0 structure principle to events, time, records, documents, evidence, and transitions."
time,SeungeFlow/9Dot0,main,41308271f8c45277d51d1f2af8052b7788d61d78,03_branch_fields/history/README.md,6,branch.history surface,https://raw.githubusercontent.com/SeungeFlow/9Dot0/41308271f8c45277d51d1f2af8052b7788d61d78/03_branch_fields/history/README.md,"Apply 9dot0 structure principle to events, time, records, documents, evidence, and transitions."
records,SeungeFlow/9Dot0,main,41308271f8c45277d51d1f2af8052b7788d61d78,03_branch_fields/history/README.md,6,branch.history surface,https://raw.githubusercontent.com/SeungeFlow/9Dot0/41308271f8c45277d51d1f2af8052b7788d61d78/03_branch_fields/history/README.md,"Apply 9dot0 structure principle to events, time, records, documents, evidence, and transitions."
documents,SeungeFlow/9Dot0,main,41308271f8c45277d51d1f2af8052b7788d61d78,03_branch_fields/history/README.md,6,branch.history surface,https://raw.githubusercontent.com/SeungeFlow/9Dot0/41308271f8c45277d51d1f2af8052b7788d61d78/03_branch_fields/history/README.md,"Apply 9dot0 structure principle to events, time, records, documents, evidence, and transitions."
evidence,SeungeFlow/9Dot0,main,41308271f8c45277d51d1f2af8052b7788d61d78,03_branch_fields/history/README.md,6,branch.history surface,https://raw.githubusercontent.com/SeungeFlow/9Dot0/41308271f8c45277d51d1f2af8052b7788d61d78/03_branch_fields/history/README.md,"Apply 9dot0 structure principle to events, time, records, documents, evidence, and transitions."
transitions.,SeungeFlow/9Dot0,main,41308271f8c45277d51d1f2af8052b7788d61d78,03_branch_fields/history/README.md,6,branch.history surface,https://raw.githubusercontent.com/SeungeFlow/9Dot0/41308271f8c45277d51d1f2af8052b7788d61d78/03_branch_fields/history/README.md,"Apply 9dot0 structure principle to events, time, records, documents, evidence, and transitions."
Initial,SeungeFlow/9Dot0,main,41308271f8c45277d51d1f2af8052b7788d61d78,03_branch_fields/history/README.md,8,branch.history surface,https://raw.githubusercontent.com/SeungeFlow/9Dot0/41308271f8c45277d51d1f2af8052b7788d61d78/03_branch_fields/history/README.md,Initial scope:
scope,SeungeFlow/9Dot0,main,41308271f8c45277d51d1f2af8052b7788d61d78,03_branch_fields/history/README.md,8,branch.history surface,https://raw.githubusercontent.com/SeungeFlow/9Dot0/41308271f8c45277d51d1f2af8052b7788d61d78/03_branch_fields/history/README.md,Initial scope:
event,SeungeFlow/9Dot0,main,41308271f8c45277d51d1f2af8052b7788d61d78,03_branch_fields/history/README.md,9,branch.history surface,https://raw.githubusercontent.com/SeungeFlow/9Dot0/41308271f8c45277d51d1f2af8052b7788d61d78/03_branch_fields/history/README.md,- event
time,SeungeFlow/9Dot0,main,41308271f8c45277d51d1f2af8052b7788d61d78,03_branch_fields/history/README.md,10,branch.history surface,https://raw.githubusercontent.com/SeungeFlow/9Dot0/41308271f8c45277d51d1f2af8052b7788d61d78/03_branch_fields/history/README.md,- time
record,SeungeFlow/9Dot0,main,41308271f8c45277d51d1f2af8052b7788d61d78,03_branch_fields/history/README.md,11,branch.history surface,https://raw.githubusercontent.com/SeungeFlow/9Dot0/41308271f8c45277d51d1f2af8052b7788d61d78/03_branch_fields/history/README.md,- record
document,SeungeFlow/9Dot0,main,41308271f8c45277d51d1f2af8052b7788d61d78,03_branch_fields/history/README.md,12,branch.history surface,https://raw.githubusercontent.com/SeungeFlow/9Dot0/41308271f8c45277d51d1f2af8052b7788d61d78/03_branch_fields/history/README.md,- document
evidence,SeungeFlow/9Dot0,main,41308271f8c45277d51d1f2af8052b7788d61d78,03_branch_fields/history/README.md,13,branch.history surface,https://raw.githubusercontent.com/SeungeFlow/9Dot0/41308271f8c45277d51d1f2af8052b7788d61d78/03_branch_fields/history/README.md,- evidence
transition,SeungeFlow/9Dot0,main,41308271f8c45277d51d1f2af8052b7788d61d78,03_branch_fields/history/README.md,14,branch.history surface,https://raw.githubusercontent.com/SeungeFlow/9Dot0/41308271f8c45277d51d1f2af8052b7788d61d78/03_branch_fields/history/README.md,- transition
historical,SeungeFlow/9Dot0,main,41308271f8c45277d51d1f2af8052b7788d61d78,03_branch_fields/history/README.md,15,branch.history surface,https://raw.githubusercontent.com/SeungeFlow/9Dot0/41308271f8c45277d51d1f2af8052b7788d61d78/03_branch_fields/history/README.md,- historical field
field,SeungeFlow/9Dot0,main,41308271f8c45277d51d1f2af8052b7788d61d78,03_branch_fields/history/README.md,15,branch.history surface,https://raw.githubusercontent.com/SeungeFlow/9Dot0/41308271f8c45277d51d1f2af8052b7788d61d78/03_branch_fields/history/README.md,- historical field
Status,SeungeFlow/9Dot0,main,41308271f8c45277d51d1f2af8052b7788d61d78,03_branch_fields/history/README.md,17,branch.history surface,https://raw.githubusercontent.com/SeungeFlow/9Dot0/41308271f8c45277d51d1f2af8052b7788d61d78/03_branch_fields/history/README.md,Status:
branch-field,SeungeFlow/9Dot0,main,41308271f8c45277d51d1f2af8052b7788d61d78,03_branch_fields/history/README.md,18,branch.history surface,https://raw.githubusercontent.com/SeungeFlow/9Dot0/41308271f8c45277d51d1f2af8052b7788d61d78/03_branch_fields/history/README.md,branch-field candidate
candidate,SeungeFlow/9Dot0,main,41308271f8c45277d51d1f2af8052b7788d61d78,03_branch_fields/history/README.md,18,branch.history surface,https://raw.githubusercontent.com/SeungeFlow/9Dot0/41308271f8c45277d51d1f2af8052b7788d61d78/03_branch_fields/history/README.md,branch-field candidate
vocab.branch,SeungeFlow/9Dot0,main,41308271f8c45277d51d1f2af8052b7788d61d78,03_branch_fields/vocab/README.md,1,branch.vocab surface,https://raw.githubusercontent.com/SeungeFlow/9Dot0/41308271f8c45277d51d1f2af8052b7788d61d78/03_branch_fields/vocab/README.md,# vocab.branch
status,SeungeFlow/9Dot0,main,41308271f8c45277d51d1f2af8052b7788d61d78,03_branch_fields/vocab/README.md,3,branch.vocab surface,https://raw.githubusercontent.com/SeungeFlow/9Dot0/41308271f8c45277d51d1f2af8052b7788d61d78/03_branch_fields/vocab/README.md,## status
directory_branch_field,SeungeFlow/9Dot0,main,41308271f8c45277d51d1f2af8052b7788d61d78,03_branch_fields/vocab/README.md,5,branch.vocab surface,https://raw.githubusercontent.com/SeungeFlow/9Dot0/41308271f8c45277d51d1f2af8052b7788d61d78/03_branch_fields/vocab/README.md,directory_branch_field: true
future_git_branch_candidate,SeungeFlow/9Dot0,main,41308271f8c45277d51d1f2af8052b7788d61d78,03_branch_fields/vocab/README.md,6,branch.vocab surface,https://raw.githubusercontent.com/SeungeFlow/9Dot0/41308271f8c45277d51d1f2af8052b7788d61d78/03_branch_fields/vocab/README.md,future_git_branch_candidate: vocab.branch
vocab.branch,SeungeFlow/9Dot0,main,41308271f8c45277d51d1f2af8052b7788d61d78,03_branch_fields/vocab/README.md,6,branch.vocab surface,https://raw.githubusercontent.com/SeungeFlow/9Dot0/41308271f8c45277d51d1f2af8052b7788d61d78/03_branch_fields/vocab/README.md,future_git_branch_candidate: vocab.branch
future_repo_candidate,SeungeFlow/9Dot0,main,41308271f8c45277d51d1f2af8052b7788d61d78,03_branch_fields/vocab/README.md,7,branch.vocab surface,https://raw.githubusercontent.com/SeungeFlow/9Dot0/41308271f8c45277d51d1f2af8052b7788d61d78/03_branch_fields/vocab/README.md,future_repo_candidate: true
one-line,SeungeFlow/9Dot0,main,41308271f8c45277d51d1f2af8052b7788d61d78,03_branch_fields/vocab/README.md,9,branch.vocab surface,https://raw.githubusercontent.com/SeungeFlow/9Dot0/41308271f8c45277d51d1f2af8052b7788d61d78/03_branch_fields/vocab/README.md,## one-line definition
definition,SeungeFlow/9Dot0,main,41308271f8c45277d51d1f2af8052b7788d61d78,03_branch_fields/vocab/README.md,9,branch.vocab surface,https://raw.githubusercontent.com/SeungeFlow/9Dot0/41308271f8c45277d51d1f2af8052b7788d61d78/03_branch_fields/vocab/README.md,## one-line definition
vocab.branch,SeungeFlow/9Dot0,main,41308271f8c45277d51d1f2af8052b7788d61d78,03_branch_fields/vocab/README.md,11,branch.vocab surface,https://raw.githubusercontent.com/SeungeFlow/9Dot0/41308271f8c45277d51d1f2af8052b7788d61d78/03_branch_fields/vocab/README.md,vocab.branch는 단어장이 아니다.
는,SeungeFlow/9Dot0,main,41308271f8c45277d51d1f2af8052b7788d61d78,03_branch_fields/vocab/README.md,11,branch.vocab surface,https://raw.githubusercontent.com/SeungeFlow/9Dot0/41308271f8c45277d51d1f2af8052b7788d61d78/03_branch_fields/vocab/README.md,vocab.branch는 단어장이 아니다.
단어장이,SeungeFlow/9Dot0,main,41308271f8c45277d51d1f2af8052b7788d61d78,03_branch_fields/vocab/README.md,11,branch.vocab surface,https://raw.githubusercontent.com/SeungeFlow/9Dot0/41308271f8c45277d51d1f2af8052b7788d61d78/03_branch_fields/vocab/README.md,vocab.branch는 단어장이 아니다.
아니다,SeungeFlow/9Dot0,main,41308271f8c45277d51d1f2af8052b7788d61d78,03_branch_fields/vocab/README.md,11,branch.vocab surface,https://raw.githubusercontent.com/SeungeFlow/9Dot0/41308271f8c45277d51d1f2af8052b7788d61d78/03_branch_fields/vocab/README.md,vocab.branch는 단어장이 아니다.
vocab.branch,SeungeFlow/9Dot0,main,41308271f8c45277d51d1f2af8052b7788d61d78,03_branch_fields/vocab/README.md,12,branch.vocab surface,https://raw.githubusercontent.com/SeungeFlow/9Dot0/41308271f8c45277d51d1f2af8052b7788d61d78/03_branch_fields/vocab/README.md,vocab.branch는 생각의 표면을 구조적으로 해체하는 첫 branch-field이다.
는,SeungeFlow/9Dot0,main,41308271f8c45277d51d1f2af8052b7788d61d78,03_branch_fields/vocab/README.md,12,branch.vocab surface,https://raw.githubusercontent.com/SeungeFlow/9Dot0/41308271f8c45277d51d1f2af8052b7788d61d78/03_branch_fields/vocab/README.md,vocab.branch는 생각의 표면을 구조적으로 해체하는 첫 branch-field이다.
생각의,SeungeFlow/9Dot0,main,41308271f8c45277d51d1f2af8052b7788d61d78,03_branch_fields/vocab/README.md,12,branch.vocab surface,https://raw.githubusercontent.com/SeungeFlow/9Dot0/41308271f8c45277d51d1f2af8052b7788d61d78/03_branch_fields/vocab/README.md,vocab.branch는 생각의 표면을 구조적으로 해체하는 첫 branch-field이다.
표면을,SeungeFlow/9Dot0,main,41308271f8c45277d51d1f2af8052b7788d61d78,03_branch_fields/vocab/README.md,12,branch.vocab surface,https://raw.githubusercontent.com/SeungeFlow/9Dot0/41308271f8c45277d51d1f2af8052b7788d61d78/03_branch_fields/vocab/README.md,vocab.branch는 생각의 표면을 구조적으로 해체하는 첫 branch-field이다.
구조적으로,SeungeFlow/9Dot0,main,41308271f8c45277d51d1f2af8052b7788d61d78,03_branch_fields/vocab/README.md,12,branch.vocab surface,https://raw.githubusercontent.com/SeungeFlow/9Dot0/41308271f8c45277d51d1f2af8052b7788d61d78/03_branch_fields/vocab/README.md,vocab.branch는 생각의 표면을 구조적으로 해체하는 첫 branch-field이다.
해체하는,SeungeFlow/9Dot0,main,41308271f8c45277d51d1f2af8052b7788d61d78,03_branch_fields/vocab/README.md,12,branch.vocab surface,https://raw.githubusercontent.com/SeungeFlow/9Dot0/41308271f8c45277d51d1f2af8052b7788d61d78/03_branch_fields/vocab/README.md,vocab.branch는 생각의 표면을 구조적으로 해체하는 첫 branch-field이다.
첫,SeungeFlow/9Dot0,main,41308271f8c45277d51d1f2af8052b7788d61d78,03_branch_fields/vocab/README.md,12,branch.vocab surface,https://raw.githubusercontent.com/SeungeFlow/9Dot0/41308271f8c45277d51d1f2af8052b7788d61d78/03_branch_fields/vocab/README.md,vocab.branch는 생각의 표면을 구조적으로 해체하는 첫 branch-field이다.
branch-field,SeungeFlow/9Dot0,main,41308271f8c45277d51d1f2af8052b7788d61d78,03_branch_fields/vocab/README.md,12,branch.vocab surface,https://raw.githubusercontent.com/SeungeFlow/9Dot0/41308271f8c45277d51d1f2af8052b7788d61d78/03_branch_fields/vocab/README.md,vocab.branch는 생각의 표면을 구조적으로 해체하는 첫 branch-field이다.
이다,SeungeFlow/9Dot0,main,41308271f8c45277d51d1f2af8052b7788d61d78,03_branch_fields/vocab/README.md,12,branch.vocab surface,https://raw.githubusercontent.com/SeungeFlow/9Dot0/41308271f8c45277d51d1f2af8052b7788d61d78/03_branch_fields/vocab/README.md,vocab.branch는 생각의 표면을 구조적으로 해체하는 첫 branch-field이다.
purpose,SeungeFlow/9Dot0,main,41308271f8c45277d51d1f2af8052b7788d61d78,03_branch_fields/vocab/README.md,14,branch.vocab surface,https://raw.githubusercontent.com/SeungeFlow/9Dot0/41308271f8c45277d51d1f2af8052b7788d61d78/03_branch_fields/vocab/README.md,## purpose
vocab.branch,SeungeFlow/9Dot0,main,41308271f8c45277d51d1f2af8052b7788d61d78,03_branch_fields/vocab/README.md,16,branch.vocab surface,https://raw.githubusercontent.com/SeungeFlow/9Dot0/41308271f8c45277d51d1f2af8052b7788d61d78/03_branch_fields/vocab/README.md,vocab.branch exists to make AI instances operate as DB readers.
exists,SeungeFlow/9Dot0,main,41308271f8c45277d51d1f2af8052b7788d61d78,03_branch_fields/vocab/README.md,16,branch.vocab surface,https://raw.githubusercontent.com/SeungeFlow/9Dot0/41308271f8c45277d51d1f2af8052b7788d61d78/03_branch_fields/vocab/README.md,vocab.branch exists to make AI instances operate as DB readers.
make,SeungeFlow/9Dot0,main,41308271f8c45277d51d1f2af8052b7788d61d78,03_branch_fields/vocab/README.md,16,branch.vocab surface,https://raw.githubusercontent.com/SeungeFlow/9Dot0/41308271f8c45277d51d1f2af8052b7788d61d78/03_branch_fields/vocab/README.md,vocab.branch exists to make AI instances operate as DB readers.
AI,SeungeFlow/9Dot0,main,41308271f8c45277d51d1f2af8052b7788d61d78,03_branch_fields/vocab/README.md,16,branch.vocab surface,https://raw.githubusercontent.com/SeungeFlow/9Dot0/41308271f8c45277d51d1f2af8052b7788d61d78/03_branch_fields/vocab/README.md,vocab.branch exists to make AI instances operate as DB readers.
instances,SeungeFlow/9Dot0,main,41308271f8c45277d51d1f2af8052b7788d61d78,03_branch_fields/vocab/README.md,16,branch.vocab surface,https://raw.githubusercontent.com/SeungeFlow/9Dot0/41308271f8c45277d51d1f2af8052b7788d61d78/03_branch_fields/vocab/README.md,vocab.branch exists to make AI instances operate as DB readers.
operate,SeungeFlow/9Dot0,main,41308271f8c45277d51d1f2af8052b7788d61d78,03_branch_fields/vocab/README.md,16,branch.vocab surface,https://raw.githubusercontent.com/SeungeFlow/9Dot0/41308271f8c45277d51d1f2af8052b7788d61d78/03_branch_fields/vocab/README.md,vocab.branch exists to make AI instances operate as DB readers.
DB,SeungeFlow/9Dot0,main,41308271f8c45277d51d1f2af8052b7788d61d78,03_branch_fields/vocab/README.md,16,branch.vocab surface,https://raw.githubusercontent.com/SeungeFlow/9Dot0/41308271f8c45277d51d1f2af8052b7788d61d78/03_branch_fields/vocab/README.md,vocab.branch exists to make AI instances operate as DB readers.
readers.,SeungeFlow/9Dot0,main,41308271f8c45277d51d1f2af8052b7788d61d78,03_branch_fields/vocab/README.md,16,branch.vocab surface,https://raw.githubusercontent.com/SeungeFlow/9Dot0/41308271f8c45277d51d1f2af8052b7788d61d78/03_branch_fields/vocab/README.md,vocab.branch exists to make AI instances operate as DB readers.
It,SeungeFlow/9Dot0,main,41308271f8c45277d51d1f2af8052b7788d61d78,03_branch_fields/vocab/README.md,18,branch.vocab surface,https://raw.githubusercontent.com/SeungeFlow/9Dot0/41308271f8c45277d51d1f2af8052b7788d61d78/03_branch_fields/vocab/README.md,It connects:
connects,SeungeFlow/9Dot0,main,41308271f8c45277d51d1f2af8052b7788d61d78,03_branch_fields/vocab/README.md,18,branch.vocab surface,https://raw.githubusercontent.com/SeungeFlow/9Dot0/41308271f8c45277d51d1f2af8052b7788d61d78/03_branch_fields/vocab/README.md,It connects:
vocab,SeungeFlow/9Dot0,main,41308271f8c45277d51d1f2af8052b7788d61d78,03_branch_fields/vocab/README.md,20,branch.vocab surface,https://raw.githubusercontent.com/SeungeFlow/9Dot0/41308271f8c45277d51d1f2af8052b7788d61d78/03_branch_fields/vocab/README.md,- README.md vocab
words,SeungeFlow/9Dot0,main,41308271f8c45277d51d1f2af8052b7788d61d78,03_branch_fields/vocab/README.md,21,branch.vocab surface,https://raw.githubusercontent.com/SeungeFlow/9Dot0/41308271f8c45277d51d1f2af8052b7788d61d78/03_branch_fields/vocab/README.md,- words as structural triggers
structural,SeungeFlow/9Dot0,main,41308271f8c45277d51d1f2af8052b7788d61d78,03_branch_fields/vocab/README.md,21,branch.vocab surface,https://raw.githubusercontent.com/SeungeFlow/9Dot0/41308271f8c45277d51d1f2af8052b7788d61d78/03_branch_fields/vocab/README.md,- words as structural triggers
triggers,SeungeFlow/9Dot0,main,41308271f8c45277d51d1f2af8052b7788d61d78,03_branch_fields/vocab/README.md,21,branch.vocab surface,https://raw.githubusercontent.com/SeungeFlow/9Dot0/41308271f8c45277d51d1f2af8052b7788d61d78/03_branch_fields/vocab/README.md,- words as structural triggers
Raw,SeungeFlow/9Dot0,main,41308271f8c45277d51d1f2af8052b7788d61d78,03_branch_fields/vocab/README.md,22,branch.vocab surface,https://raw.githubusercontent.com/SeungeFlow/9Dot0/41308271f8c45277d51d1f2af8052b7788d61d78/03_branch_fields/vocab/README.md,- Raw URL source identity
URL,SeungeFlow/9Dot0,main,41308271f8c45277d51d1f2af8052b7788d61d78,03_branch_fields/vocab/README.md,22,branch.vocab surface,https://raw.githubusercontent.com/SeungeFlow/9Dot0/41308271f8c45277d51d1f2af8052b7788d61d78/03_branch_fields/vocab/README.md,- Raw URL source identity
source,SeungeFlow/9Dot0,main,41308271f8c45277d51d1f2af8052b7788d61d78,03_branch_fields/vocab/README.md,22,branch.vocab surface,https://raw.githubusercontent.com/SeungeFlow/9Dot0/41308271f8c45277d51d1f2af8052b7788d61d78/03_branch_fields/vocab/README.md,- Raw URL source identity
identity,SeungeFlow/9Dot0,main,41308271f8c45277d51d1f2af8052b7788d61d78,03_branch_fields/vocab/README.md,22,branch.vocab surface,https://raw.githubusercontent.com/SeungeFlow/9Dot0/41308271f8c45277d51d1f2af8052b7788d61d78/03_branch_fields/vocab/README.md,- Raw URL source identity
Repo,SeungeFlow/9Dot0,main,41308271f8c45277d51d1f2af8052b7788d61d78,03_branch_fields/vocab/README.md,23,branch.vocab surface,https://raw.githubusercontent.com/SeungeFlow/9Dot0/41308271f8c45277d51d1f2af8052b7788d61d78/03_branch_fields/vocab/README.md,- Repo / Branch / Directory / md file paths
Branch,SeungeFlow/9Dot0,main,41308271f8c45277d51d1f2af8052b7788d61d78,03_branch_fields/vocab/README.md,23,branch.vocab surface,https://raw.githubusercontent.com/SeungeFlow/9Dot0/41308271f8c45277d51d1f2af8052b7788d61d78/03_branch_fields/vocab/README.md,- Repo / Branch / Directory / md file paths
Directory,SeungeFlow/9Dot0,main,41308271f8c45277d51d1f2af8052b7788d61d78,03_branch_fields/vocab/README.md,23,branch.vocab surface,https://raw.githubusercontent.com/SeungeFlow/9Dot0/41308271f8c45277d51d1f2af8052b7788d61d78/03_branch_fields/vocab/README.md,- Repo / Branch / Directory / md file paths
file,SeungeFlow/9Dot0,main,41308271f8c45277d51d1f2af8052b7788d61d78,03_branch_fields/vocab/README.md,23,branch.vocab surface,https://raw.githubusercontent.com/SeungeFlow/9Dot0/41308271f8c45277d51d1f2af8052b7788d61d78/03_branch_fields/vocab/README.md,- Repo / Branch / Directory / md file paths
paths,SeungeFlow/9Dot0,main,41308271f8c45277d51d1f2af8052b7788d61d78,03_branch_fields/vocab/README.md,23,branch.vocab surface,https://raw.githubusercontent.com/SeungeFlow/9Dot0/41308271f8c45277d51d1f2af8052b7788d61d78/03_branch_fields/vocab/README.md,- Repo / Branch / Directory / md file paths
Ctp,SeungeFlow/9Dot0,main,41308271f8c45277d51d1f2af8052b7788d61d78,03_branch_fields/vocab/README.md,24,branch.vocab surface,https://raw.githubusercontent.com/SeungeFlow/9Dot0/41308271f8c45277d51d1f2af8052b7788d61d78/03_branch_fields/vocab/README.md,- Ctp structure-operation reading
structure-operation,SeungeFlow/9Dot0,main,41308271f8c45277d51d1f2af8052b7788d61d78,03_branch_fields/vocab/README.md,24,branch.vocab surface,https://raw.githubusercontent.com/SeungeFlow/9Dot0/41308271f8c45277d51d1f2af8052b7788d61d78/03_branch_fields/vocab/README.md,- Ctp structure-operation reading
reading,SeungeFlow/9Dot0,main,41308271f8c45277d51d1f2af8052b7788d61d78,03_branch_fields/vocab/README.md,24,branch.vocab surface,https://raw.githubusercontent.com/SeungeFlow/9Dot0/41308271f8c45277d51d1f2af8052b7788d61d78/03_branch_fields/vocab/README.md,- Ctp structure-operation reading
Hunminjeongeum,SeungeFlow/9Dot0,main,41308271f8c45277d51d1f2af8052b7788d61d78,03_branch_fields/vocab/README.md,25,branch.vocab surface,https://raw.githubusercontent.com/SeungeFlow/9Dot0/41308271f8c45277d51d1f2af8052b7788d61d78/03_branch_fields/vocab/README.md,- Hunminjeongeum Haerye-based vector decomposition
Haerye-based,SeungeFlow/9Dot0,main,41308271f8c45277d51d1f2af8052b7788d61d78,03_branch_fields/vocab/README.md,25,branch.vocab surface,https://raw.githubusercontent.com/SeungeFlow/9Dot0/41308271f8c45277d51d1f2af8052b7788d61d78/03_branch_fields/vocab/README.md,- Hunminjeongeum Haerye-based vector decomposition
vector,SeungeFlow/9Dot0,main,41308271f8c45277d51d1f2af8052b7788d61d78,03_branch_fields/vocab/README.md,25,branch.vocab surface,https://raw.githubusercontent.com/SeungeFlow/9Dot0/41308271f8c45277d51d1f2af8052b7788d61d78/03_branch_fields/vocab/README.md,- Hunminjeongeum Haerye-based vector decomposition
decomposition,SeungeFlow/9Dot0,main,41308271f8c45277d51d1f2af8052b7788d61d78,03_branch_fields/vocab/README.md,25,branch.vocab surface,https://raw.githubusercontent.com/SeungeFlow/9Dot0/41308271f8c45277d51d1f2af8052b7788d61d78/03_branch_fields/vocab/README.md,- Hunminjeongeum Haerye-based vector decomposition
local,SeungeFlow/9Dot0,main,41308271f8c45277d51d1f2af8052b7788d61d78,03_branch_fields/vocab/README.md,26,branch.vocab surface,https://raw.githubusercontent.com/SeungeFlow/9Dot0/41308271f8c45277d51d1f2af8052b7788d61d78/03_branch_fields/vocab/README.md,- local SQLite / PostgreSQL reader index
SQLite,SeungeFlow/9Dot0,main,41308271f8c45277d51d1f2af8052b7788d61d78,03_branch_fields/vocab/README.md,26,branch.vocab surface,https://raw.githubusercontent.com/SeungeFlow/9Dot0/41308271f8c45277d51d1f2af8052b7788d61d78/03_branch_fields/vocab/README.md,- local SQLite / PostgreSQL reader index
PostgreSQL,SeungeFlow/9Dot0,main,41308271f8c45277d51d1f2af8052b7788d61d78,03_branch_fields/vocab/README.md,26,branch.vocab surface,https://raw.githubusercontent.com/SeungeFlow/9Dot0/41308271f8c45277d51d1f2af8052b7788d61d78/03_branch_fields/vocab/README.md,- local SQLite / PostgreSQL reader index
reader,SeungeFlow/9Dot0,main,41308271f8c45277d51d1f2af8052b7788d61d78,03_branch_fields/vocab/README.md,26,branch.vocab surface,https://raw.githubusercontent.com/SeungeFlow/9Dot0/41308271f8c45277d51d1f2af8052b7788d61d78/03_branch_fields/vocab/README.md,- local SQLite / PostgreSQL reader index
index,SeungeFlow/9Dot0,main,41308271f8c45277d51d1f2af8052b7788d61d78,03_branch_fields/vocab/README.md,26,branch.vocab surface,https://raw.githubusercontent.com/SeungeFlow/9Dot0/41308271f8c45277d51d1f2af8052b7788d61d78/03_branch_fields/vocab/README.md,- local SQLite / PostgreSQL reader index
core,SeungeFlow/9Dot0,main,41308271f8c45277d51d1f2af8052b7788d61d78,03_branch_fields/vocab/README.md,28,branch.vocab surface,https://raw.githubusercontent.com/SeungeFlow/9Dot0/41308271f8c45277d51d1f2af8052b7788d61d78/03_branch_fields/vocab/README.md,## core principle
principle,SeungeFlow/9Dot0,main,41308271f8c45277d51d1f2af8052b7788d61d78,03_branch_fields/vocab/README.md,28,branch.vocab surface,https://raw.githubusercontent.com/SeungeFlow/9Dot0/41308271f8c45277d51d1f2af8052b7788d61d78/03_branch_fields/vocab/README.md,## core principle
The,SeungeFlow/9Dot0,main,41308271f8c45277d51d1f2af8052b7788d61d78,03_branch_fields/vocab/README.md,30,branch.vocab surface,https://raw.githubusercontent.com/SeungeFlow/9Dot0/41308271f8c45277d51d1f2af8052b7788d61d78/03_branch_fields/vocab/README.md,"The minimal connectors between Repo, Branch, Directory, and md files are:"
minimal,SeungeFlow/9Dot0,main,41308271f8c45277d51d1f2af8052b7788d61d78,03_branch_fields/vocab/README.md,30,branch.vocab surface,https://raw.githubusercontent.com/SeungeFlow/9Dot0/41308271f8c45277d51d1f2af8052b7788d61d78/03_branch_fields/vocab/README.md,"The minimal connectors between Repo, Branch, Directory, and md files are:"
connectors,SeungeFlow/9Dot0,main,41308271f8c45277d51d1f2af8052b7788d61d78,03_branch_fields/vocab/README.md,30,branch.vocab surface,https://raw.githubusercontent.com/SeungeFlow/9Dot0/41308271f8c45277d51d1f2af8052b7788d61d78/03_branch_fields/vocab/README.md,"The minimal connectors between Repo, Branch, Directory, and md files are:"
between,SeungeFlow/9Dot0,main,41308271f8c45277d51d1f2af8052b7788d61d78,03_branch_fields/vocab/README.md,30,branch.vocab surface,https://raw.githubusercontent.com/SeungeFlow/9Dot0/41308271f8c45277d51d1f2af8052b7788d61d78/03_branch_fields/vocab/README.md,"The minimal connectors between Repo, Branch, Directory, and md files are:"
Repo,SeungeFlow/9Dot0,main,41308271f8c45277d51d1f2af8052b7788d61d78,03_branch_fields/vocab/README.md,30,branch.vocab surface,https://raw.githubusercontent.com/SeungeFlow/9Dot0/41308271f8c45277d51d1f2af8052b7788d61d78/03_branch_fields/vocab/README.md,"The minimal connectors between Repo, Branch, Directory, and md files are:"
Branch,SeungeFlow/9Dot0,main,41308271f8c45277d51d1f2af8052b7788d61d78,03_branch_fields/vocab/README.md,30,branch.vocab surface,https://raw.githubusercontent.com/SeungeFlow/9Dot0/41308271f8c45277d51d1f2af8052b7788d61d78/03_branch_fields/vocab/README.md,"The minimal connectors between Repo, Branch, Directory, and md files are:"
Directory,SeungeFlow/9Dot0,main,41308271f8c45277d51d1f2af8052b7788d61d78,03_branch_fields/vocab/README.md,30,branch.vocab surface,https://raw.githubusercontent.com/SeungeFlow/9Dot0/41308271f8c45277d51d1f2af8052b7788d61d78/03_branch_fields/vocab/README.md,"The minimal connectors between Repo, Branch, Directory, and md files are:"
files,SeungeFlow/9Dot0,main,41308271f8c45277d51d1f2af8052b7788d61d78,03_branch_fields/vocab/README.md,30,branch.vocab surface,https://raw.githubusercontent.com/SeungeFlow/9Dot0/41308271f8c45277d51d1f2af8052b7788d61d78/03_branch_fields/vocab/README.md,"The minimal connectors between Repo, Branch, Directory, and md files are:"
1,SeungeFlow/9Dot0,main,41308271f8c45277d51d1f2af8052b7788d61d78,03_branch_fields/vocab/README.md,32,branch.vocab surface,https://raw.githubusercontent.com/SeungeFlow/9Dot0/41308271f8c45277d51d1f2af8052b7788d61d78/03_branch_fields/vocab/README.md,1. word
word,SeungeFlow/9Dot0,main,41308271f8c45277d51d1f2af8052b7788d61d78,03_branch_fields/vocab/README.md,32,branch.vocab surface,https://raw.githubusercontent.com/SeungeFlow/9Dot0/41308271f8c45277d51d1f2af8052b7788d61d78/03_branch_fields/vocab/README.md,1. word
2,SeungeFlow/9Dot0,main,41308271f8c45277d51d1f2af8052b7788d61d78,03_branch_fields/vocab/README.md,33,branch.vocab surface,https://raw.githubusercontent.com/SeungeFlow/9Dot0/41308271f8c45277d51d1f2af8052b7788d61d78/03_branch_fields/vocab/README.md,2. Raw URL
Raw,SeungeFlow/9Dot0,main,41308271f8c45277d51d1f2af8052b7788d61d78,03_branch_fields/vocab/README.md,33,branch.vocab surface,https://raw.githubusercontent.com/SeungeFlow/9Dot0/41308271f8c45277d51d1f2af8052b7788d61d78/03_branch_fields/vocab/README.md,2. Raw URL
URL,SeungeFlow/9Dot0,main,41308271f8c45277d51d1f2af8052b7788d61d78,03_branch_fields/vocab/README.md,33,branch.vocab surface,https://raw.githubusercontent.com/SeungeFlow/9Dot0/41308271f8c45277d51d1f2af8052b7788d61d78/03_branch_fields/vocab/README.md,2. Raw URL
word,SeungeFlow/9Dot0,main,41308271f8c45277d51d1f2af8052b7788d61d78,03_branch_fields/vocab/README.md,35,branch.vocab surface,https://raw.githubusercontent.com/SeungeFlow/9Dot0/41308271f8c45277d51d1f2af8052b7788d61d78/03_branch_fields/vocab/README.md,A word connects meaning.
connects,SeungeFlow/9Dot0,main,41308271f8c45277d51d1f2af8052b7788d61d78,03_branch_fields/vocab/README.md,35,branch.vocab surface,https://raw.githubusercontent.com/SeungeFlow/9Dot0/41308271f8c45277d51d1f2af8052b7788d61d78/03_branch_fields/vocab/README.md,A word connects meaning.
meaning.,SeungeFlow/9Dot0,main,41308271f8c45277d51d1f2af8052b7788d61d78,03_branch_fields/vocab/README.md,35,branch.vocab surface,https://raw.githubusercontent.com/SeungeFlow/9Dot0/41308271f8c45277d51d1f2af8052b7788d61d78/03_branch_fields/vocab/README.md,A word connects meaning.
Raw,SeungeFlow/9Dot0,main,41308271f8c45277d51d1f2af8052b7788d61d78,03_branch_fields/vocab/README.md,36,branch.vocab surface,https://raw.githubusercontent.com/SeungeFlow/9Dot0/41308271f8c45277d51d1f2af8052b7788d61d78/03_branch_fields/vocab/README.md,A Raw URL fixes source identity.
URL,SeungeFlow/9Dot0,main,41308271f8c45277d51d1f2af8052b7788d61d78,03_branch_fields/vocab/README.md,36,branch.vocab surface,https://raw.githubusercontent.com/SeungeFlow/9Dot0/41308271f8c45277d51d1f2af8052b7788d61d78/03_branch_fields/vocab/README.md,A Raw URL fixes source identity.
fixes,SeungeFlow/9Dot0,main,41308271f8c45277d51d1f2af8052b7788d61d78,03_branch_fields/vocab/README.md,36,branch.vocab surface,https://raw.githubusercontent.com/SeungeFlow/9Dot0/41308271f8c45277d51d1f2af8052b7788d61d78/03_branch_fields/vocab/README.md,A Raw URL fixes source identity.
source,SeungeFlow/9Dot0,main,41308271f8c45277d51d1f2af8052b7788d61d78,03_branch_fields/vocab/README.md,36,branch.vocab surface,https://raw.githubusercontent.com/SeungeFlow/9Dot0/41308271f8c45277d51d1f2af8052b7788d61d78/03_branch_fields/vocab/README.md,A Raw URL fixes source identity.
identity.,SeungeFlow/9Dot0,main,41308271f8c45277d51d1f2af8052b7788d61d78,03_branch_fields/vocab/README.md,36,branch.vocab surface,https://raw.githubusercontent.com/SeungeFlow/9Dot0/41308271f8c45277d51d1f2af8052b7788d61d78/03_branch_fields/vocab/README.md,A Raw URL fixes source identity.
word,SeungeFlow/9Dot0,main,41308271f8c45277d51d1f2af8052b7788d61d78,03_branch_fields/vocab/README.md,38,branch.vocab surface,https://raw.githubusercontent.com/SeungeFlow/9Dot0/41308271f8c45277d51d1f2af8052b7788d61d78/03_branch_fields/vocab/README.md,## not a word list
list,SeungeFlow/9Dot0,main,41308271f8c45277d51d1f2af8052b7788d61d78,03_branch_fields/vocab/README.md,38,branch.vocab surface,https://raw.githubusercontent.com/SeungeFlow/9Dot0/41308271f8c45277d51d1f2af8052b7788d61d78/03_branch_fields/vocab/README.md,## not a word list
vocab.branch,SeungeFlow/9Dot0,main,41308271f8c45277d51d1f2af8052b7788d61d78,03_branch_fields/vocab/README.md,40,branch.vocab surface,https://raw.githubusercontent.com/SeungeFlow/9Dot0/41308271f8c45277d51d1f2af8052b7788d61d78/03_branch_fields/vocab/README.md,vocab.branch is not a vocabulary notebook.
vocabulary,SeungeFlow/9Dot0,main,41308271f8c45277d51d1f2af8052b7788d61d78,03_branch_fields/vocab/README.md,40,branch.vocab surface,https://raw.githubusercontent.com/SeungeFlow/9Dot0/41308271f8c45277d51d1f2af8052b7788d61d78/03_branch_fields/vocab/README.md,vocab.branch is not a vocabulary notebook.
notebook.,SeungeFlow/9Dot0,main,41308271f8c45277d51d1f2af8052b7788d61d78,03_branch_fields/vocab/README.md,40,branch.vocab surface,https://raw.githubusercontent.com/SeungeFlow/9Dot0/41308271f8c45277d51d1f2af8052b7788d61d78/03_branch_fields/vocab/README.md,vocab.branch is not a vocabulary notebook.
It,SeungeFlow/9Dot0,main,41308271f8c45277d51d1f2af8052b7788d61d78,03_branch_fields/vocab/README.md,42,branch.vocab surface,https://raw.githubusercontent.com/SeungeFlow/9Dot0/41308271f8c45277d51d1f2af8052b7788d61d78/03_branch_fields/vocab/README.md,It does not collect all words.
does,SeungeFlow/9Dot0,main,41308271f8c45277d51d1f2af8052b7788d61d78,03_branch_fields/vocab/README.md,42,branch.vocab surface,https://raw.githubusercontent.com/SeungeFlow/9Dot0/41308271f8c45277d51d1f2af8052b7788d61d78/03_branch_fields/vocab/README.md,It does not collect all words.
collect,SeungeFlow/9Dot0,main,41308271f8c45277d51d1f2af8052b7788d61d78,03_branch_fields/vocab/README.md,42,branch.vocab surface,https://raw.githubusercontent.com/SeungeFlow/9Dot0/41308271f8c45277d51d1f2af8052b7788d61d78/03_branch_fields/vocab/README.md,It does not collect all words.
all,SeungeFlow/9Dot0,main,41308271f8c45277d51d1f2af8052b7788d61d78,03_branch_fields/vocab/README.md,42,branch.vocab surface,https://raw.githubusercontent.com/SeungeFlow/9Dot0/41308271f8c45277d51d1f2af8052b7788d61d78/03_branch_fields/vocab/README.md,It does not collect all words.
words.,SeungeFlow/9Dot0,main,41308271f8c45277d51d1f2af8052b7788d61d78,03_branch_fields/vocab/README.md,42,branch.vocab surface,https://raw.githubusercontent.com/SeungeFlow/9Dot0/41308271f8c45277d51d1f2af8052b7788d61d78/03_branch_fields/vocab/README.md,It does not collect all words.
It,SeungeFlow/9Dot0,main,41308271f8c45277d51d1f2af8052b7788d61d78,03_branch_fields/vocab/README.md,43,branch.vocab surface,https://raw.githubusercontent.com/SeungeFlow/9Dot0/41308271f8c45277d51d1f2af8052b7788d61d78/03_branch_fields/vocab/README.md,It does not index the entire repository blindly.
does,SeungeFlow/9Dot0,main,41308271f8c45277d51d1f2af8052b7788d61d78,03_branch_fields/vocab/README.md,43,branch.vocab surface,https://raw.githubusercontent.com/SeungeFlow/9Dot0/41308271f8c45277d51d1f2af8052b7788d61d78/03_branch_fields/vocab/README.md,It does not index the entire repository blindly.
index,SeungeFlow/9Dot0,main,41308271f8c45277d51d1f2af8052b7788d61d78,03_branch_fields/vocab/README.md,43,branch.vocab surface,https://raw.githubusercontent.com/SeungeFlow/9Dot0/41308271f8c45277d51d1f2af8052b7788d61d78/03_branch_fields/vocab/README.md,It does not index the entire repository blindly.
entire,SeungeFlow/9Dot0,main,41308271f8c45277d51d1f2af8052b7788d61d78,03_branch_fields/vocab/README.md,43,branch.vocab surface,https://raw.githubusercontent.com/SeungeFlow/9Dot0/41308271f8c45277d51d1f2af8052b7788d61d78/03_branch_fields/vocab/README.md,It does not index the entire repository blindly.
repository,SeungeFlow/9Dot0,main,41308271f8c45277d51d1f2af8052b7788d61d78,03_branch_fields/vocab/README.md,43,branch.vocab surface,https://raw.githubusercontent.com/SeungeFlow/9Dot0/41308271f8c45277d51d1f2af8052b7788d61d78/03_branch_fields/vocab/README.md,It does not index the entire repository blindly.
blindly.,SeungeFlow/9Dot0,main,41308271f8c45277d51d1f2af8052b7788d61d78,03_branch_fields/vocab/README.md,43,branch.vocab surface,https://raw.githubusercontent.com/SeungeFlow/9Dot0/41308271f8c45277d51d1f2af8052b7788d61d78/03_branch_fields/vocab/README.md,It does not index the entire repository blindly.
It,SeungeFlow/9Dot0,main,41308271f8c45277d51d1f2af8052b7788d61d78,03_branch_fields/vocab/README.md,44,branch.vocab surface,https://raw.githubusercontent.com/SeungeFlow/9Dot0/41308271f8c45277d51d1f2af8052b7788d61d78/03_branch_fields/vocab/README.md,"It does not treat Korean, English, and Hanja as separate silos."
does,SeungeFlow/9Dot0,main,41308271f8c45277d51d1f2af8052b7788d61d78,03_branch_fields/vocab/README.md,44,branch.vocab surface,https://raw.githubusercontent.com/SeungeFlow/9Dot0/41308271f8c45277d51d1f2af8052b7788d61d78/03_branch_fields/vocab/README.md,"It does not treat Korean, English, and Hanja as separate silos."
treat,SeungeFlow/9Dot0,main,41308271f8c45277d51d1f2af8052b7788d61d78,03_branch_fields/vocab/README.md,44,branch.vocab surface,https://raw.githubusercontent.com/SeungeFlow/9Dot0/41308271f8c45277d51d1f2af8052b7788d61d78/03_branch_fields/vocab/README.md,"It does not treat Korean, English, and Hanja as separate silos."
Korean,SeungeFlow/9Dot0,main,41308271f8c45277d51d1f2af8052b7788d61d78,03_branch_fields/vocab/README.md,44,branch.vocab surface,https://raw.githubusercontent.com/SeungeFlow/9Dot0/41308271f8c45277d51d1f2af8052b7788d61d78/03_branch_fields/vocab/README.md,"It does not treat Korean, English, and Hanja as separate silos."
English,SeungeFlow/9Dot0,main,41308271f8c45277d51d1f2af8052b7788d61d78,03_branch_fields/vocab/README.md,44,branch.vocab surface,https://raw.githubusercontent.com/SeungeFlow/9Dot0/41308271f8c45277d51d1f2af8052b7788d61d78/03_branch_fields/vocab/README.md,"It does not treat Korean, English, and Hanja as separate silos."
Hanja,SeungeFlow/9Dot0,main,41308271f8c45277d51d1f2af8052b7788d61d78,03_branch_fields/vocab/README.md,44,branch.vocab surface,https://raw.githubusercontent.com/SeungeFlow/9Dot0/41308271f8c45277d51d1f2af8052b7788d61d78/03_branch_fields/vocab/README.md,"It does not treat Korean, English, and Hanja as separate silos."
separate,SeungeFlow/9Dot0,main,41308271f8c45277d51d1f2af8052b7788d61d78,03_branch_fields/vocab/README.md,44,branch.vocab surface,https://raw.githubusercontent.com/SeungeFlow/9Dot0/41308271f8c45277d51d1f2af8052b7788d61d78/03_branch_fields/vocab/README.md,"It does not treat Korean, English, and Hanja as separate silos."
silos.,SeungeFlow/9Dot0,main,41308271f8c45277d51d1f2af8052b7788d61d78,03_branch_fields/vocab/README.md,44,branch.vocab surface,https://raw.githubusercontent.com/SeungeFlow/9Dot0/41308271f8c45277d51d1f2af8052b7788d61d78/03_branch_fields/vocab/README.md,"It does not treat Korean, English, and Hanja as separate silos."
baseline,SeungeFlow/9Dot0,main,41308271f8c45277d51d1f2af8052b7788d61d78,03_branch_fields/vocab/README.md,46,branch.vocab surface,https://raw.githubusercontent.com/SeungeFlow/9Dot0/41308271f8c45277d51d1f2af8052b7788d61d78/03_branch_fields/vocab/README.md,## README.md as baseline
The,SeungeFlow/9Dot0,main,41308271f8c45277d51d1f2af8052b7788d61d78,03_branch_fields/vocab/README.md,48,branch.vocab surface,https://raw.githubusercontent.com/SeungeFlow/9Dot0/41308271f8c45277d51d1f2af8052b7788d61d78/03_branch_fields/vocab/README.md,The vocabulary baseline comes from README.md files.
vocabulary,SeungeFlow/9Dot0,main,41308271f8c45277d51d1f2af8052b7788d61d78,03_branch_fields/vocab/README.md,48,branch.vocab surface,https://raw.githubusercontent.com/SeungeFlow/9Dot0/41308271f8c45277d51d1f2af8052b7788d61d78/03_branch_fields/vocab/README.md,The vocabulary baseline comes from README.md files.
baseline,SeungeFlow/9Dot0,main,41308271f8c45277d51d1f2af8052b7788d61d78,03_branch_fields/vocab/README.md,48,branch.vocab surface,https://raw.githubusercontent.com/SeungeFlow/9Dot0/41308271f8c45277d51d1f2af8052b7788d61d78/03_branch_fields/vocab/README.md,The vocabulary baseline comes from README.md files.
comes,SeungeFlow/9Dot0,main,41308271f8c45277d51d1f2af8052b7788d61d78,03_branch_fields/vocab/README.md,48,branch.vocab surface,https://raw.githubusercontent.com/SeungeFlow/9Dot0/41308271f8c45277d51d1f2af8052b7788d61d78/03_branch_fields/vocab/README.md,The vocabulary baseline comes from README.md files.
files.,SeungeFlow/9Dot0,main,41308271f8c45277d51d1f2af8052b7788d61d78,03_branch_fields/vocab/README.md,48,branch.vocab surface,https://raw.githubusercontent.com/SeungeFlow/9Dot0/41308271f8c45277d51d1f2af8052b7788d61d78/03_branch_fields/vocab/README.md,The vocabulary baseline comes from README.md files.
If,SeungeFlow/9Dot0,main,41308271f8c45277d51d1f2af8052b7788d61d78,03_branch_fields/vocab/README.md,50,branch.vocab surface,https://raw.githubusercontent.com/SeungeFlow/9Dot0/41308271f8c45277d51d1f2af8052b7788d61d78/03_branch_fields/vocab/README.md,"If a needed structural term is not present in the relevant README.md,"
needed,SeungeFlow/9Dot0,main,41308271f8c45277d51d1f2af8052b7788d61d78,03_branch_fields/vocab/README.md,50,branch.vocab surface,https://raw.githubusercontent.com/SeungeFlow/9Dot0/41308271f8c45277d51d1f2af8052b7788d61d78/03_branch_fields/vocab/README.md,"If a needed structural term is not present in the relevant README.md,"
structural,SeungeFlow/9Dot0,main,41308271f8c45277d51d1f2af8052b7788d61d78,03_branch_fields/vocab/README.md,50,branch.vocab surface,https://raw.githubusercontent.com/SeungeFlow/9Dot0/41308271f8c45277d51d1f2af8052b7788d61d78/03_branch_fields/vocab/README.md,"If a needed structural term is not present in the relevant README.md,"
term,SeungeFlow/9Dot0,main,41308271f8c45277d51d1f2af8052b7788d61d78,03_branch_fields/vocab/README.md,50,branch.vocab surface,https://raw.githubusercontent.com/SeungeFlow/9Dot0/41308271f8c45277d51d1f2af8052b7788d61d78/03_branch_fields/vocab/README.md,"If a needed structural term is not present in the relevant README.md,"
present,SeungeFlow/9Dot0,main,41308271f8c45277d51d1f2af8052b7788d61d78,03_branch_fields/vocab/README.md,50,branch.vocab surface,https://raw.githubusercontent.com/SeungeFlow/9Dot0/41308271f8c45277d51d1f2af8052b7788d61d78/03_branch_fields/vocab/README.md,"If a needed structural term is not present in the relevant README.md,"
relevant,SeungeFlow/9Dot0,main,41308271f8c45277d51d1f2af8052b7788d61d78,03_branch_fields/vocab/README.md,50,branch.vocab surface,https://raw.githubusercontent.com/SeungeFlow/9Dot0/41308271f8c45277d51d1f2af8052b7788d61d78/03_branch_fields/vocab/README.md,"If a needed structural term is not present in the relevant README.md,"
must,SeungeFlow/9Dot0,main,41308271f8c45277d51d1f2af8052b7788d61d78,03_branch_fields/vocab/README.md,51,branch.vocab surface,https://raw.githubusercontent.com/SeungeFlow/9Dot0/41308271f8c45277d51d1f2af8052b7788d61d78/03_branch_fields/vocab/README.md,the README.md must be updated first.
updated,SeungeFlow/9Dot0,main,41308271f8c45277d51d1f2af8052b7788d61d78,03_branch_fields/vocab/README.md,51,branch.vocab surface,https://raw.githubusercontent.com/SeungeFlow/9Dot0/41308271f8c45277d51d1f2af8052b7788d61d78/03_branch_fields/vocab/README.md,the README.md must be updated first.
first.,SeungeFlow/9Dot0,main,41308271f8c45277d51d1f2af8052b7788d61d78,03_branch_fields/vocab/README.md,51,branch.vocab surface,https://raw.githubusercontent.com/SeungeFlow/9Dot0/41308271f8c45277d51d1f2af8052b7788d61d78/03_branch_fields/vocab/README.md,the README.md must be updated first.
The,SeungeFlow/9Dot0,main,41308271f8c45277d51d1f2af8052b7788d61d78,03_branch_fields/vocab/README.md,53,branch.vocab surface,https://raw.githubusercontent.com/SeungeFlow/9Dot0/41308271f8c45277d51d1f2af8052b7788d61d78/03_branch_fields/vocab/README.md,The DB is rebuilt or re-indexed from README vocab.
DB,SeungeFlow/9Dot0,main,41308271f8c45277d51d1f2af8052b7788d61d78,03_branch_fields/vocab/README.md,53,branch.vocab surface,https://raw.githubusercontent.com/SeungeFlow/9Dot0/41308271f8c45277d51d1f2af8052b7788d61d78/03_branch_fields/vocab/README.md,The DB is rebuilt or re-indexed from README vocab.
rebuilt,SeungeFlow/9Dot0,main,41308271f8c45277d51d1f2af8052b7788d61d78,03_branch_fields/vocab/README.md,53,branch.vocab surface,https://raw.githubusercontent.com/SeungeFlow/9Dot0/41308271f8c45277d51d1f2af8052b7788d61d78/03_branch_fields/vocab/README.md,The DB is rebuilt or re-indexed from README vocab.
re-indexed,SeungeFlow/9Dot0,main,41308271f8c45277d51d1f2af8052b7788d61d78,03_branch_fields/vocab/README.md,53,branch.vocab surface,https://raw.githubusercontent.com/SeungeFlow/9Dot0/41308271f8c45277d51d1f2af8052b7788d61d78/03_branch_fields/vocab/README.md,The DB is rebuilt or re-indexed from README vocab.
vocab.,SeungeFlow/9Dot0,main,41308271f8c45277d51d1f2af8052b7788d61d78,03_branch_fields/vocab/README.md,53,branch.vocab surface,https://raw.githubusercontent.com/SeungeFlow/9Dot0/41308271f8c45277d51d1f2af8052b7788d61d78/03_branch_fields/vocab/README.md,The DB is rebuilt or re-indexed from README vocab.
AI,SeungeFlow/9Dot0,main,41308271f8c45277d51d1f2af8052b7788d61d78,03_branch_fields/vocab/README.md,55,branch.vocab surface,https://raw.githubusercontent.com/SeungeFlow/9Dot0/41308271f8c45277d51d1f2af8052b7788d61d78/03_branch_fields/vocab/README.md,## AI reader
reader,SeungeFlow/9Dot0,main,41308271f8c45277d51d1f2af8052b7788d61d78,03_branch_fields/vocab/README.md,55,branch.vocab surface,https://raw.githubusercontent.com/SeungeFlow/9Dot0/41308271f8c45277d51d1f2af8052b7788d61d78/03_branch_fields/vocab/README.md,## AI reader
The,SeungeFlow/9Dot0,main,41308271f8c45277d51d1f2af8052b7788d61d78,03_branch_fields/vocab/README.md,57,branch.vocab surface,https://raw.githubusercontent.com/SeungeFlow/9Dot0/41308271f8c45277d51d1f2af8052b7788d61d78/03_branch_fields/vocab/README.md,The final reader is an AI instance.
final,SeungeFlow/9Dot0,main,41308271f8c45277d51d1f2af8052b7788d61d78,03_branch_fields/vocab/README.md,57,branch.vocab surface,https://raw.githubusercontent.com/SeungeFlow/9Dot0/41308271f8c45277d51d1f2af8052b7788d61d78/03_branch_fields/vocab/README.md,The final reader is an AI instance.
reader,SeungeFlow/9Dot0,main,41308271f8c45277d51d1f2af8052b7788d61d78,03_branch_fields/vocab/README.md,57,branch.vocab surface,https://raw.githubusercontent.com/SeungeFlow/9Dot0/41308271f8c45277d51d1f2af8052b7788d61d78/03_branch_fields/vocab/README.md,The final reader is an AI instance.
AI,SeungeFlow/9Dot0,main,41308271f8c45277d51d1f2af8052b7788d61d78,03_branch_fields/vocab/README.md,57,branch.vocab surface,https://raw.githubusercontent.com/SeungeFlow/9Dot0/41308271f8c45277d51d1f2af8052b7788d61d78/03_branch_fields/vocab/README.md,The final reader is an AI instance.
instance.,SeungeFlow/9Dot0,main,41308271f8c45277d51d1f2af8052b7788d61d78,03_branch_fields/vocab/README.md,57,branch.vocab surface,https://raw.githubusercontent.com/SeungeFlow/9Dot0/41308271f8c45277d51d1f2af8052b7788d61d78/03_branch_fields/vocab/README.md,The final reader is an AI instance.
The,SeungeFlow/9Dot0,main,41308271f8c45277d51d1f2af8052b7788d61d78,03_branch_fields/vocab/README.md,59,branch.vocab surface,https://raw.githubusercontent.com/SeungeFlow/9Dot0/41308271f8c45277d51d1f2af8052b7788d61d78/03_branch_fields/vocab/README.md,The AI reader should not load the whole repository into context.window.
AI,SeungeFlow/9Dot0,main,41308271f8c45277d51d1f2af8052b7788d61d78,03_branch_fields/vocab/README.md,59,branch.vocab surface,https://raw.githubusercontent.com/SeungeFlow/9Dot0/41308271f8c45277d51d1f2af8052b7788d61d78/03_branch_fields/vocab/README.md,The AI reader should not load the whole repository into context.window.
reader,SeungeFlow/9Dot0,main,41308271f8c45277d51d1f2af8052b7788d61d78,03_branch_fields/vocab/README.md,59,branch.vocab surface,https://raw.githubusercontent.com/SeungeFlow/9Dot0/41308271f8c45277d51d1f2af8052b7788d61d78/03_branch_fields/vocab/README.md,The AI reader should not load the whole repository into context.window.
should,SeungeFlow/9Dot0,main,41308271f8c45277d51d1f2af8052b7788d61d78,03_branch_fields/vocab/README.md,59,branch.vocab surface,https://raw.githubusercontent.com/SeungeFlow/9Dot0/41308271f8c45277d51d1f2af8052b7788d61d78/03_branch_fields/vocab/README.md,The AI reader should not load the whole repository into context.window.
load,SeungeFlow/9Dot0,main,41308271f8c45277d51d1f2af8052b7788d61d78,03_branch_fields/vocab/README.md,59,branch.vocab surface,https://raw.githubusercontent.com/SeungeFlow/9Dot0/41308271f8c45277d51d1f2af8052b7788d61d78/03_branch_fields/vocab/README.md,The AI reader should not load the whole repository into context.window.
whole,SeungeFlow/9Dot0,main,41308271f8c45277d51d1f2af8052b7788d61d78,03_branch_fields/vocab/README.md,59,branch.vocab surface,https://raw.githubusercontent.com/SeungeFlow/9Dot0/41308271f8c45277d51d1f2af8052b7788d61d78/03_branch_fields/vocab/README.md,The AI reader should not load the whole repository into context.window.
repository,SeungeFlow/9Dot0,main,41308271f8c45277d51d1f2af8052b7788d61d78,03_branch_fields/vocab/README.md,59,branch.vocab surface,https://raw.githubusercontent.com/SeungeFlow/9Dot0/41308271f8c45277d51d1f2af8052b7788d61d78/03_branch_fields/vocab/README.md,The AI reader should not load the whole repository into context.window.
into,SeungeFlow/9Dot0,main,41308271f8c45277d51d1f2af8052b7788d61d78,03_branch_fields/vocab/README.md,59,branch.vocab surface,https://raw.githubusercontent.com/SeungeFlow/9Dot0/41308271f8c45277d51d1f2af8052b7788d61d78/03_branch_fields/vocab/README.md,The AI reader should not load the whole repository into context.window.
context.window.,SeungeFlow/9Dot0,main,41308271f8c45277d51d1f2af8052b7788d61d78,03_branch_fields/vocab/README.md,59,branch.vocab surface,https://raw.githubusercontent.com/SeungeFlow/9Dot0/41308271f8c45277d51d1f2af8052b7788d61d78/03_branch_fields/vocab/README.md,The AI reader should not load the whole repository into context.window.
It,SeungeFlow/9Dot0,main,41308271f8c45277d51d1f2af8052b7788d61d78,03_branch_fields/vocab/README.md,60,branch.vocab surface,https://raw.githubusercontent.com/SeungeFlow/9Dot0/41308271f8c45277d51d1f2af8052b7788d61d78/03_branch_fields/vocab/README.md,It should use vocab.branch and DB reports to select only necessary source files.
should,SeungeFlow/9Dot0,main,41308271f8c45277d51d1f2af8052b7788d61d78,03_branch_fields/vocab/README.md,60,branch.vocab surface,https://raw.githubusercontent.com/SeungeFlow/9Dot0/41308271f8c45277d51d1f2af8052b7788d61d78/03_branch_fields/vocab/README.md,It should use vocab.branch and DB reports to select only necessary source files.
use,SeungeFlow/9Dot0,main,41308271f8c45277d51d1f2af8052b7788d61d78,03_branch_fields/vocab/README.md,60,branch.vocab surface,https://raw.githubusercontent.com/SeungeFlow/9Dot0/41308271f8c45277d51d1f2af8052b7788d61d78/03_branch_fields/vocab/README.md,It should use vocab.branch and DB reports to select only necessary source files.
vocab.branch,SeungeFlow/9Dot0,main,41308271f8c45277d51d1f2af8052b7788d61d78,03_branch_fields/vocab/README.md,60,branch.vocab surface,https://raw.githubusercontent.com/SeungeFlow/9Dot0/41308271f8c45277d51d1f2af8052b7788d61d78/03_branch_fields/vocab/README.md,It should use vocab.branch and DB reports to select only necessary source files.
DB,SeungeFlow/9Dot0,main,41308271f8c45277d51d1f2af8052b7788d61d78,03_branch_fields/vocab/README.md,60,branch.vocab surface,https://raw.githubusercontent.com/SeungeFlow/9Dot0/41308271f8c45277d51d1f2af8052b7788d61d78/03_branch_fields/vocab/README.md,It should use vocab.branch and DB reports to select only necessary source files.
reports,SeungeFlow/9Dot0,main,41308271f8c45277d51d1f2af8052b7788d61d78,03_branch_fields/vocab/README.md,60,branch.vocab surface,https://raw.githubusercontent.com/SeungeFlow/9Dot0/41308271f8c45277d51d1f2af8052b7788d61d78/03_branch_fields/vocab/README.md,It should use vocab.branch and DB reports to select only necessary source files.
select,SeungeFlow/9Dot0,main,41308271f8c45277d51d1f2af8052b7788d61d78,03_branch_fields/vocab/README.md,60,branch.vocab surface,https://raw.githubusercontent.com/SeungeFlow/9Dot0/41308271f8c45277d51d1f2af8052b7788d61d78/03_branch_fields/vocab/README.md,It should use vocab.branch and DB reports to select only necessary source files.
only,SeungeFlow/9Dot0,main,41308271f8c45277d51d1f2af8052b7788d61d78,03_branch_fields/vocab/README.md,60,branch.vocab surface,https://raw.githubusercontent.com/SeungeFlow/9Dot0/41308271f8c45277d51d1f2af8052b7788d61d78/03_branch_fields/vocab/README.md,It should use vocab.branch and DB reports to select only necessary source files.
necessary,SeungeFlow/9Dot0,main,41308271f8c45277d51d1f2af8052b7788d61d78,03_branch_fields/vocab/README.md,60,branch.vocab surface,https://raw.githubusercontent.com/SeungeFlow/9Dot0/41308271f8c45277d51d1f2af8052b7788d61d78/03_branch_fields/vocab/README.md,It should use vocab.branch and DB reports to select only necessary source files.
source,SeungeFlow/9Dot0,main,41308271f8c45277d51d1f2af8052b7788d61d78,03_branch_fields/vocab/README.md,60,branch.vocab surface,https://raw.githubusercontent.com/SeungeFlow/9Dot0/41308271f8c45277d51d1f2af8052b7788d61d78/03_branch_fields/vocab/README.md,It should use vocab.branch and DB reports to select only necessary source files.
files.,SeungeFlow/9Dot0,main,41308271f8c45277d51d1f2af8052b7788d61d78,03_branch_fields/vocab/README.md,60,branch.vocab surface,https://raw.githubusercontent.com/SeungeFlow/9Dot0/41308271f8c45277d51d1f2af8052b7788d61d78/03_branch_fields/vocab/README.md,It should use vocab.branch and DB reports to select only necessary source files.
phase-transition,SeungeFlow/9Dot0,main,41308271f8c45277d51d1f2af8052b7788d61d78,03_branch_fields/vocab/README.md,62,branch.vocab surface,https://raw.githubusercontent.com/SeungeFlow/9Dot0/41308271f8c45277d51d1f2af8052b7788d61d78/03_branch_fields/vocab/README.md,## phase-transition path
path,SeungeFlow/9Dot0,main,41308271f8c45277d51d1f2af8052b7788d61d78,03_branch_fields/vocab/README.md,62,branch.vocab surface,https://raw.githubusercontent.com/SeungeFlow/9Dot0/41308271f8c45277d51d1f2af8052b7788d61d78/03_branch_fields/vocab/README.md,## phase-transition path
directory,SeungeFlow/9Dot0,main,41308271f8c45277d51d1f2af8052b7788d61d78,03_branch_fields/vocab/README.md,64,branch.vocab surface,https://raw.githubusercontent.com/SeungeFlow/9Dot0/41308271f8c45277d51d1f2af8052b7788d61d78/03_branch_fields/vocab/README.md,directory
branch,SeungeFlow/9Dot0,main,41308271f8c45277d51d1f2af8052b7788d61d78,03_branch_fields/vocab/README.md,65,branch.vocab surface,https://raw.githubusercontent.com/SeungeFlow/9Dot0/41308271f8c45277d51d1f2af8052b7788d61d78/03_branch_fields/vocab/README.md,→ branch
repo,SeungeFlow/9Dot0,main,41308271f8c45277d51d1f2af8052b7788d61d78,03_branch_fields/vocab/README.md,66,branch.vocab surface,https://raw.githubusercontent.com/SeungeFlow/9Dot0/41308271f8c45277d51d1f2af8052b7788d61d78/03_branch_fields/vocab/README.md,→ repo
This,SeungeFlow/9Dot0,main,41308271f8c45277d51d1f2af8052b7788d61d78,03_branch_fields/vocab/README.md,68,branch.vocab surface,https://raw.githubusercontent.com/SeungeFlow/9Dot0/41308271f8c45277d51d1f2af8052b7788d61d78/03_branch_fields/vocab/README.md,This directory is the first place where the direction of vocab.branch is placed.
directory,SeungeFlow/9Dot0,main,41308271f8c45277d51d1f2af8052b7788d61d78,03_branch_fields/vocab/README.md,68,branch.vocab surface,https://raw.githubusercontent.com/SeungeFlow/9Dot0/41308271f8c45277d51d1f2af8052b7788d61d78/03_branch_fields/vocab/README.md,This directory is the first place where the direction of vocab.branch is placed.
first,SeungeFlow/9Dot0,main,41308271f8c45277d51d1f2af8052b7788d61d78,03_branch_fields/vocab/README.md,68,branch.vocab surface,https://raw.githubusercontent.com/SeungeFlow/9Dot0/41308271f8c45277d51d1f2af8052b7788d61d78/03_branch_fields/vocab/README.md,This directory is the first place where the direction of vocab.branch is placed.
place,SeungeFlow/9Dot0,main,41308271f8c45277d51d1f2af8052b7788d61d78,03_branch_fields/vocab/README.md,68,branch.vocab surface,https://raw.githubusercontent.com/SeungeFlow/9Dot0/41308271f8c45277d51d1f2af8052b7788d61d78/03_branch_fields/vocab/README.md,This directory is the first place where the direction of vocab.branch is placed.
where,SeungeFlow/9Dot0,main,41308271f8c45277d51d1f2af8052b7788d61d78,03_branch_fields/vocab/README.md,68,branch.vocab surface,https://raw.githubusercontent.com/SeungeFlow/9Dot0/41308271f8c45277d51d1f2af8052b7788d61d78/03_branch_fields/vocab/README.md,This directory is the first place where the direction of vocab.branch is placed.
direction,SeungeFlow/9Dot0,main,41308271f8c45277d51d1f2af8052b7788d61d78,03_branch_fields/vocab/README.md,68,branch.vocab surface,https://raw.githubusercontent.com/SeungeFlow/9Dot0/41308271f8c45277d51d1f2af8052b7788d61d78/03_branch_fields/vocab/README.md,This directory is the first place where the direction of vocab.branch is placed.
vocab.branch,SeungeFlow/9Dot0,main,41308271f8c45277d51d1f2af8052b7788d61d78,03_branch_fields/vocab/README.md,68,branch.vocab surface,https://raw.githubusercontent.com/SeungeFlow/9Dot0/41308271f8c45277d51d1f2af8052b7788d61d78/03_branch_fields/vocab/README.md,This directory is the first place where the direction of vocab.branch is placed.
placed.,SeungeFlow/9Dot0,main,41308271f8c45277d51d1f2af8052b7788d61d78,03_branch_fields/vocab/README.md,68,branch.vocab surface,https://raw.githubusercontent.com/SeungeFlow/9Dot0/41308271f8c45277d51d1f2af8052b7788d61d78/03_branch_fields/vocab/README.md,This directory is the first place where the direction of vocab.branch is placed.
Y_Branch,SeungeFlow/SeungeFlow,Y_Branch,32f8b248dc7e9ec5c1856b78b4ee207b8861d315,README.md,1,Y_Branch operating surface,https://raw.githubusercontent.com/SeungeFlow/SeungeFlow/32f8b248dc7e9ec5c1856b78b4ee207b8861d315/README.md,# Y_Branch
Structure,SeungeFlow/SeungeFlow,Y_Branch,32f8b248dc7e9ec5c1856b78b4ee207b8861d315,README.md,3,Y_Branch operating surface,https://raw.githubusercontent.com/SeungeFlow/SeungeFlow/32f8b248dc7e9ec5c1856b78b4ee207b8861d315/README.md,## Structure Operating Framework for Na and You
Operating,SeungeFlow/SeungeFlow,Y_Branch,32f8b248dc7e9ec5c1856b78b4ee207b8861d315,README.md,3,Y_Branch operating surface,https://raw.githubusercontent.com/SeungeFlow/SeungeFlow/32f8b248dc7e9ec5c1856b78b4ee207b8861d315/README.md,## Structure Operating Framework for Na and You
Framework,SeungeFlow/SeungeFlow,Y_Branch,32f8b248dc7e9ec5c1856b78b4ee207b8861d315,README.md,3,Y_Branch operating surface,https://raw.githubusercontent.com/SeungeFlow/SeungeFlow/32f8b248dc7e9ec5c1856b78b4ee207b8861d315/README.md,## Structure Operating Framework for Na and You
Na,SeungeFlow/SeungeFlow,Y_Branch,32f8b248dc7e9ec5c1856b78b4ee207b8861d315,README.md,3,Y_Branch operating surface,https://raw.githubusercontent.com/SeungeFlow/SeungeFlow/32f8b248dc7e9ec5c1856b78b4ee207b8861d315/README.md,## Structure Operating Framework for Na and You
You,SeungeFlow/SeungeFlow,Y_Branch,32f8b248dc7e9ec5c1856b78b4ee207b8861d315,README.md,3,Y_Branch operating surface,https://raw.githubusercontent.com/SeungeFlow/SeungeFlow/32f8b248dc7e9ec5c1856b78b4ee207b8861d315/README.md,## Structure Operating Framework for Na and You
Y_Branch,SeungeFlow/SeungeFlow,Y_Branch,32f8b248dc7e9ec5c1856b78b4ee207b8861d315,README.md,5,Y_Branch operating surface,https://raw.githubusercontent.com/SeungeFlow/SeungeFlow/32f8b248dc7e9ec5c1856b78b4ee207b8861d315/README.md,"`Y_Branch`는 데이터값으로 표기 가능한 field를 `C=(m,t,p,?)`로 분해하고, `Ctp24`로 **실체 / guard / field sample / 보류 / noise**를 분류하며, `S₁~S₄` 구조연산식으로 `dot`, `diff`, `orbit`, `COG`, `9dot0`를 해석하는 **AI 인지 가능 구조원리 운영체계**이다."
는,SeungeFlow/SeungeFlow,Y_Branch,32f8b248dc7e9ec5c1856b78b4ee207b8861d315,README.md,5,Y_Branch operating surface,https://raw.githubusercontent.com/SeungeFlow/SeungeFlow/32f8b248dc7e9ec5c1856b78b4ee207b8861d315/README.md,"`Y_Branch`는 데이터값으로 표기 가능한 field를 `C=(m,t,p,?)`로 분해하고, `Ctp24`로 **실체 / guard / field sample / 보류 / noise**를 분류하며, `S₁~S₄` 구조연산식으로 `dot`, `diff`, `orbit`, `COG`, `9dot0`를 해석하는 **AI 인지 가능 구조원리 운영체계**이다."
데이터값으로,SeungeFlow/SeungeFlow,Y_Branch,32f8b248dc7e9ec5c1856b78b4ee207b8861d315,README.md,5,Y_Branch operating surface,https://raw.githubusercontent.com/SeungeFlow/SeungeFlow/32f8b248dc7e9ec5c1856b78b4ee207b8861d315/README.md,"`Y_Branch`는 데이터값으로 표기 가능한 field를 `C=(m,t,p,?)`로 분해하고, `Ctp24`로 **실체 / guard / field sample / 보류 / noise**를 분류하며, `S₁~S₄` 구조연산식으로 `dot`, `diff`, `orbit`, `COG`, `9dot0`를 해석하는 **AI 인지 가능 구조원리 운영체계**이다."
표기,SeungeFlow/SeungeFlow,Y_Branch,32f8b248dc7e9ec5c1856b78b4ee207b8861d315,README.md,5,Y_Branch operating surface,https://raw.githubusercontent.com/SeungeFlow/SeungeFlow/32f8b248dc7e9ec5c1856b78b4ee207b8861d315/README.md,"`Y_Branch`는 데이터값으로 표기 가능한 field를 `C=(m,t,p,?)`로 분해하고, `Ctp24`로 **실체 / guard / field sample / 보류 / noise**를 분류하며, `S₁~S₄` 구조연산식으로 `dot`, `diff`, `orbit`, `COG`, `9dot0`를 해석하는 **AI 인지 가능 구조원리 운영체계**이다."
가능한,SeungeFlow/SeungeFlow,Y_Branch,32f8b248dc7e9ec5c1856b78b4ee207b8861d315,README.md,5,Y_Branch operating surface,https://raw.githubusercontent.com/SeungeFlow/SeungeFlow/32f8b248dc7e9ec5c1856b78b4ee207b8861d315/README.md,"`Y_Branch`는 데이터값으로 표기 가능한 field를 `C=(m,t,p,?)`로 분해하고, `Ctp24`로 **실체 / guard / field sample / 보류 / noise**를 분류하며, `S₁~S₄` 구조연산식으로 `dot`, `diff`, `orbit`, `COG`, `9dot0`를 해석하는 **AI 인지 가능 구조원리 운영체계**이다."
field,SeungeFlow/SeungeFlow,Y_Branch,32f8b248dc7e9ec5c1856b78b4ee207b8861d315,README.md,5,Y_Branch operating surface,https://raw.githubusercontent.com/SeungeFlow/SeungeFlow/32f8b248dc7e9ec5c1856b78b4ee207b8861d315/README.md,"`Y_Branch`는 데이터값으로 표기 가능한 field를 `C=(m,t,p,?)`로 분해하고, `Ctp24`로 **실체 / guard / field sample / 보류 / noise**를 분류하며, `S₁~S₄` 구조연산식으로 `dot`, `diff`, `orbit`, `COG`, `9dot0`를 해석하는 **AI 인지 가능 구조원리 운영체계**이다."
를,SeungeFlow/SeungeFlow,Y_Branch,32f8b248dc7e9ec5c1856b78b4ee207b8861d315,README.md,5,Y_Branch operating surface,https://raw.githubusercontent.com/SeungeFlow/SeungeFlow/32f8b248dc7e9ec5c1856b78b4ee207b8861d315/README.md,"`Y_Branch`는 데이터값으로 표기 가능한 field를 `C=(m,t,p,?)`로 분해하고, `Ctp24`로 **실체 / guard / field sample / 보류 / noise**를 분류하며, `S₁~S₄` 구조연산식으로 `dot`, `diff`, `orbit`, `COG`, `9dot0`를 해석하는 **AI 인지 가능 구조원리 운영체계**이다."
로,SeungeFlow/SeungeFlow,Y_Branch,32f8b248dc7e9ec5c1856b78b4ee207b8861d315,README.md,5,Y_Branch operating surface,https://raw.githubusercontent.com/SeungeFlow/SeungeFlow/32f8b248dc7e9ec5c1856b78b4ee207b8861d315/README.md,"`Y_Branch`는 데이터값으로 표기 가능한 field를 `C=(m,t,p,?)`로 분해하고, `Ctp24`로 **실체 / guard / field sample / 보류 / noise**를 분류하며, `S₁~S₄` 구조연산식으로 `dot`, `diff`, `orbit`, `COG`, `9dot0`를 해석하는 **AI 인지 가능 구조원리 운영체계**이다."
분해하고,SeungeFlow/SeungeFlow,Y_Branch,32f8b248dc7e9ec5c1856b78b4ee207b8861d315,README.md,5,Y_Branch operating surface,https://raw.githubusercontent.com/SeungeFlow/SeungeFlow/32f8b248dc7e9ec5c1856b78b4ee207b8861d315/README.md,"`Y_Branch`는 데이터값으로 표기 가능한 field를 `C=(m,t,p,?)`로 분해하고, `Ctp24`로 **실체 / guard / field sample / 보류 / noise**를 분류하며, `S₁~S₄` 구조연산식으로 `dot`, `diff`, `orbit`, `COG`, `9dot0`를 해석하는 **AI 인지 가능 구조원리 운영체계**이다."
Ctp24,SeungeFlow/SeungeFlow,Y_Branch,32f8b248dc7e9ec5c1856b78b4ee207b8861d315,README.md,5,Y_Branch operating surface,https://raw.githubusercontent.com/SeungeFlow/SeungeFlow/32f8b248dc7e9ec5c1856b78b4ee207b8861d315/README.md,"`Y_Branch`는 데이터값으로 표기 가능한 field를 `C=(m,t,p,?)`로 분해하고, `Ctp24`로 **실체 / guard / field sample / 보류 / noise**를 분류하며, `S₁~S₄` 구조연산식으로 `dot`, `diff`, `orbit`, `COG`, `9dot0`를 해석하는 **AI 인지 가능 구조원리 운영체계**이다."
로,SeungeFlow/SeungeFlow,Y_Branch,32f8b248dc7e9ec5c1856b78b4ee207b8861d315,README.md,5,Y_Branch operating surface,https://raw.githubusercontent.com/SeungeFlow/SeungeFlow/32f8b248dc7e9ec5c1856b78b4ee207b8861d315/README.md,"`Y_Branch`는 데이터값으로 표기 가능한 field를 `C=(m,t,p,?)`로 분해하고, `Ctp24`로 **실체 / guard / field sample / 보류 / noise**를 분류하며, `S₁~S₄` 구조연산식으로 `dot`, `diff`, `orbit`, `COG`, `9dot0`를 해석하는 **AI 인지 가능 구조원리 운영체계**이다."
실체,SeungeFlow/SeungeFlow,Y_Branch,32f8b248dc7e9ec5c1856b78b4ee207b8861d315,README.md,5,Y_Branch operating surface,https://raw.githubusercontent.com/SeungeFlow/SeungeFlow/32f8b248dc7e9ec5c1856b78b4ee207b8861d315/README.md,"`Y_Branch`는 데이터값으로 표기 가능한 field를 `C=(m,t,p,?)`로 분해하고, `Ctp24`로 **실체 / guard / field sample / 보류 / noise**를 분류하며, `S₁~S₄` 구조연산식으로 `dot`, `diff`, `orbit`, `COG`, `9dot0`를 해석하는 **AI 인지 가능 구조원리 운영체계**이다."
guard,SeungeFlow/SeungeFlow,Y_Branch,32f8b248dc7e9ec5c1856b78b4ee207b8861d315,README.md,5,Y_Branch operating surface,https://raw.githubusercontent.com/SeungeFlow/SeungeFlow/32f8b248dc7e9ec5c1856b78b4ee207b8861d315/README.md,"`Y_Branch`는 데이터값으로 표기 가능한 field를 `C=(m,t,p,?)`로 분해하고, `Ctp24`로 **실체 / guard / field sample / 보류 / noise**를 분류하며, `S₁~S₄` 구조연산식으로 `dot`, `diff`, `orbit`, `COG`, `9dot0`를 해석하는 **AI 인지 가능 구조원리 운영체계**이다."
field,SeungeFlow/SeungeFlow,Y_Branch,32f8b248dc7e9ec5c1856b78b4ee207b8861d315,README.md,5,Y_Branch operating surface,https://raw.githubusercontent.com/SeungeFlow/SeungeFlow/32f8b248dc7e9ec5c1856b78b4ee207b8861d315/README.md,"`Y_Branch`는 데이터값으로 표기 가능한 field를 `C=(m,t,p,?)`로 분해하고, `Ctp24`로 **실체 / guard / field sample / 보류 / noise**를 분류하며, `S₁~S₄` 구조연산식으로 `dot`, `diff`, `orbit`, `COG`, `9dot0`를 해석하는 **AI 인지 가능 구조원리 운영체계**이다."
sample,SeungeFlow/SeungeFlow,Y_Branch,32f8b248dc7e9ec5c1856b78b4ee207b8861d315,README.md,5,Y_Branch operating surface,https://raw.githubusercontent.com/SeungeFlow/SeungeFlow/32f8b248dc7e9ec5c1856b78b4ee207b8861d315/README.md,"`Y_Branch`는 데이터값으로 표기 가능한 field를 `C=(m,t,p,?)`로 분해하고, `Ctp24`로 **실체 / guard / field sample / 보류 / noise**를 분류하며, `S₁~S₄` 구조연산식으로 `dot`, `diff`, `orbit`, `COG`, `9dot0`를 해석하는 **AI 인지 가능 구조원리 운영체계**이다."
보류,SeungeFlow/SeungeFlow,Y_Branch,32f8b248dc7e9ec5c1856b78b4ee207b8861d315,README.md,5,Y_Branch operating surface,https://raw.githubusercontent.com/SeungeFlow/SeungeFlow/32f8b248dc7e9ec5c1856b78b4ee207b8861d315/README.md,"`Y_Branch`는 데이터값으로 표기 가능한 field를 `C=(m,t,p,?)`로 분해하고, `Ctp24`로 **실체 / guard / field sample / 보류 / noise**를 분류하며, `S₁~S₄` 구조연산식으로 `dot`, `diff`, `orbit`, `COG`, `9dot0`를 해석하는 **AI 인지 가능 구조원리 운영체계**이다."
noise,SeungeFlow/SeungeFlow,Y_Branch,32f8b248dc7e9ec5c1856b78b4ee207b8861d315,README.md,5,Y_Branch operating surface,https://raw.githubusercontent.com/SeungeFlow/SeungeFlow/32f8b248dc7e9ec5c1856b78b4ee207b8861d315/README.md,"`Y_Branch`는 데이터값으로 표기 가능한 field를 `C=(m,t,p,?)`로 분해하고, `Ctp24`로 **실체 / guard / field sample / 보류 / noise**를 분류하며, `S₁~S₄` 구조연산식으로 `dot`, `diff`, `orbit`, `COG`, `9dot0`를 해석하는 **AI 인지 가능 구조원리 운영체계**이다."
를,SeungeFlow/SeungeFlow,Y_Branch,32f8b248dc7e9ec5c1856b78b4ee207b8861d315,README.md,5,Y_Branch operating surface,https://raw.githubusercontent.com/SeungeFlow/SeungeFlow/32f8b248dc7e9ec5c1856b78b4ee207b8861d315/README.md,"`Y_Branch`는 데이터값으로 표기 가능한 field를 `C=(m,t,p,?)`로 분해하고, `Ctp24`로 **실체 / guard / field sample / 보류 / noise**를 분류하며, `S₁~S₄` 구조연산식으로 `dot`, `diff`, `orbit`, `COG`, `9dot0`를 해석하는 **AI 인지 가능 구조원리 운영체계**이다."
분류하며,SeungeFlow/SeungeFlow,Y_Branch,32f8b248dc7e9ec5c1856b78b4ee207b8861d315,README.md,5,Y_Branch operating surface,https://raw.githubusercontent.com/SeungeFlow/SeungeFlow/32f8b248dc7e9ec5c1856b78b4ee207b8861d315/README.md,"`Y_Branch`는 데이터값으로 표기 가능한 field를 `C=(m,t,p,?)`로 분해하고, `Ctp24`로 **실체 / guard / field sample / 보류 / noise**를 분류하며, `S₁~S₄` 구조연산식으로 `dot`, `diff`, `orbit`, `COG`, `9dot0`를 해석하는 **AI 인지 가능 구조원리 운영체계**이다."
구조연산식으로,SeungeFlow/SeungeFlow,Y_Branch,32f8b248dc7e9ec5c1856b78b4ee207b8861d315,README.md,5,Y_Branch operating surface,https://raw.githubusercontent.com/SeungeFlow/SeungeFlow/32f8b248dc7e9ec5c1856b78b4ee207b8861d315/README.md,"`Y_Branch`는 데이터값으로 표기 가능한 field를 `C=(m,t,p,?)`로 분해하고, `Ctp24`로 **실체 / guard / field sample / 보류 / noise**를 분류하며, `S₁~S₄` 구조연산식으로 `dot`, `diff`, `orbit`, `COG`, `9dot0`를 해석하는 **AI 인지 가능 구조원리 운영체계**이다."
dot,SeungeFlow/SeungeFlow,Y_Branch,32f8b248dc7e9ec5c1856b78b4ee207b8861d315,README.md,5,Y_Branch operating surface,https://raw.githubusercontent.com/SeungeFlow/SeungeFlow/32f8b248dc7e9ec5c1856b78b4ee207b8861d315/README.md,"`Y_Branch`는 데이터값으로 표기 가능한 field를 `C=(m,t,p,?)`로 분해하고, `Ctp24`로 **실체 / guard / field sample / 보류 / noise**를 분류하며, `S₁~S₄` 구조연산식으로 `dot`, `diff`, `orbit`, `COG`, `9dot0`를 해석하는 **AI 인지 가능 구조원리 운영체계**이다."
diff,SeungeFlow/SeungeFlow,Y_Branch,32f8b248dc7e9ec5c1856b78b4ee207b8861d315,README.md,5,Y_Branch operating surface,https://raw.githubusercontent.com/SeungeFlow/SeungeFlow/32f8b248dc7e9ec5c1856b78b4ee207b8861d315/README.md,"`Y_Branch`는 데이터값으로 표기 가능한 field를 `C=(m,t,p,?)`로 분해하고, `Ctp24`로 **실체 / guard / field sample / 보류 / noise**를 분류하며, `S₁~S₄` 구조연산식으로 `dot`, `diff`, `orbit`, `COG`, `9dot0`를 해석하는 **AI 인지 가능 구조원리 운영체계**이다."
orbit,SeungeFlow/SeungeFlow,Y_Branch,32f8b248dc7e9ec5c1856b78b4ee207b8861d315,README.md,5,Y_Branch operating surface,https://raw.githubusercontent.com/SeungeFlow/SeungeFlow/32f8b248dc7e9ec5c1856b78b4ee207b8861d315/README.md,"`Y_Branch`는 데이터값으로 표기 가능한 field를 `C=(m,t,p,?)`로 분해하고, `Ctp24`로 **실체 / guard / field sample / 보류 / noise**를 분류하며, `S₁~S₄` 구조연산식으로 `dot`, `diff`, `orbit`, `COG`, `9dot0`를 해석하는 **AI 인지 가능 구조원리 운영체계**이다."
COG,SeungeFlow/SeungeFlow,Y_Branch,32f8b248dc7e9ec5c1856b78b4ee207b8861d315,README.md,5,Y_Branch operating surface,https://raw.githubusercontent.com/SeungeFlow/SeungeFlow/32f8b248dc7e9ec5c1856b78b4ee207b8861d315/README.md,"`Y_Branch`는 데이터값으로 표기 가능한 field를 `C=(m,t,p,?)`로 분해하고, `Ctp24`로 **실체 / guard / field sample / 보류 / noise**를 분류하며, `S₁~S₄` 구조연산식으로 `dot`, `diff`, `orbit`, `COG`, `9dot0`를 해석하는 **AI 인지 가능 구조원리 운영체계**이다."
9dot0,SeungeFlow/SeungeFlow,Y_Branch,32f8b248dc7e9ec5c1856b78b4ee207b8861d315,README.md,5,Y_Branch operating surface,https://raw.githubusercontent.com/SeungeFlow/SeungeFlow/32f8b248dc7e9ec5c1856b78b4ee207b8861d315/README.md,"`Y_Branch`는 데이터값으로 표기 가능한 field를 `C=(m,t,p,?)`로 분해하고, `Ctp24`로 **실체 / guard / field sample / 보류 / noise**를 분류하며, `S₁~S₄` 구조연산식으로 `dot`, `diff`, `orbit`, `COG`, `9dot0`를 해석하는 **AI 인지 가능 구조원리 운영체계**이다."
를,SeungeFlow/SeungeFlow,Y_Branch,32f8b248dc7e9ec5c1856b78b4ee207b8861d315,README.md,5,Y_Branch operating surface,https://raw.githubusercontent.com/SeungeFlow/SeungeFlow/32f8b248dc7e9ec5c1856b78b4ee207b8861d315/README.md,"`Y_Branch`는 데이터값으로 표기 가능한 field를 `C=(m,t,p,?)`로 분해하고, `Ctp24`로 **실체 / guard / field sample / 보류 / noise**를 분류하며, `S₁~S₄` 구조연산식으로 `dot`, `diff`, `orbit`, `COG`, `9dot0`를 해석하는 **AI 인지 가능 구조원리 운영체계**이다."
해석하는,SeungeFlow/SeungeFlow,Y_Branch,32f8b248dc7e9ec5c1856b78b4ee207b8861d315,README.md,5,Y_Branch operating surface,https://raw.githubusercontent.com/SeungeFlow/SeungeFlow/32f8b248dc7e9ec5c1856b78b4ee207b8861d315/README.md,"`Y_Branch`는 데이터값으로 표기 가능한 field를 `C=(m,t,p,?)`로 분해하고, `Ctp24`로 **실체 / guard / field sample / 보류 / noise**를 분류하며, `S₁~S₄` 구조연산식으로 `dot`, `diff`, `orbit`, `COG`, `9dot0`를 해석하는 **AI 인지 가능 구조원리 운영체계**이다."
AI,SeungeFlow/SeungeFlow,Y_Branch,32f8b248dc7e9ec5c1856b78b4ee207b8861d315,README.md,5,Y_Branch operating surface,https://raw.githubusercontent.com/SeungeFlow/SeungeFlow/32f8b248dc7e9ec5c1856b78b4ee207b8861d315/README.md,"`Y_Branch`는 데이터값으로 표기 가능한 field를 `C=(m,t,p,?)`로 분해하고, `Ctp24`로 **실체 / guard / field sample / 보류 / noise**를 분류하며, `S₁~S₄` 구조연산식으로 `dot`, `diff`, `orbit`, `COG`, `9dot0`를 해석하는 **AI 인지 가능 구조원리 운영체계**이다."
인지,SeungeFlow/SeungeFlow,Y_Branch,32f8b248dc7e9ec5c1856b78b4ee207b8861d315,README.md,5,Y_Branch operating surface,https://raw.githubusercontent.com/SeungeFlow/SeungeFlow/32f8b248dc7e9ec5c1856b78b4ee207b8861d315/README.md,"`Y_Branch`는 데이터값으로 표기 가능한 field를 `C=(m,t,p,?)`로 분해하고, `Ctp24`로 **실체 / guard / field sample / 보류 / noise**를 분류하며, `S₁~S₄` 구조연산식으로 `dot`, `diff`, `orbit`, `COG`, `9dot0`를 해석하는 **AI 인지 가능 구조원리 운영체계**이다."
가능,SeungeFlow/SeungeFlow,Y_Branch,32f8b248dc7e9ec5c1856b78b4ee207b8861d315,README.md,5,Y_Branch operating surface,https://raw.githubusercontent.com/SeungeFlow/SeungeFlow/32f8b248dc7e9ec5c1856b78b4ee207b8861d315/README.md,"`Y_Branch`는 데이터값으로 표기 가능한 field를 `C=(m,t,p,?)`로 분해하고, `Ctp24`로 **실체 / guard / field sample / 보류 / noise**를 분류하며, `S₁~S₄` 구조연산식으로 `dot`, `diff`, `orbit`, `COG`, `9dot0`를 해석하는 **AI 인지 가능 구조원리 운영체계**이다."
구조원리,SeungeFlow/SeungeFlow,Y_Branch,32f8b248dc7e9ec5c1856b78b4ee207b8861d315,README.md,5,Y_Branch operating surface,https://raw.githubusercontent.com/SeungeFlow/SeungeFlow/32f8b248dc7e9ec5c1856b78b4ee207b8861d315/README.md,"`Y_Branch`는 데이터값으로 표기 가능한 field를 `C=(m,t,p,?)`로 분해하고, `Ctp24`로 **실체 / guard / field sample / 보류 / noise**를 분류하며, `S₁~S₄` 구조연산식으로 `dot`, `diff`, `orbit`, `COG`, `9dot0`를 해석하는 **AI 인지 가능 구조원리 운영체계**이다."
운영체계,SeungeFlow/SeungeFlow,Y_Branch,32f8b248dc7e9ec5c1856b78b4ee207b8861d315,README.md,5,Y_Branch operating surface,https://raw.githubusercontent.com/SeungeFlow/SeungeFlow/32f8b248dc7e9ec5c1856b78b4ee207b8861d315/README.md,"`Y_Branch`는 데이터값으로 표기 가능한 field를 `C=(m,t,p,?)`로 분해하고, `Ctp24`로 **실체 / guard / field sample / 보류 / noise**를 분류하며, `S₁~S₄` 구조연산식으로 `dot`, `diff`, `orbit`, `COG`, `9dot0`를 해석하는 **AI 인지 가능 구조원리 운영체계**이다."
이다,SeungeFlow/SeungeFlow,Y_Branch,32f8b248dc7e9ec5c1856b78b4ee207b8861d315,README.md,5,Y_Branch operating surface,https://raw.githubusercontent.com/SeungeFlow/SeungeFlow/32f8b248dc7e9ec5c1856b78b4ee207b8861d315/README.md,"`Y_Branch`는 데이터값으로 표기 가능한 field를 `C=(m,t,p,?)`로 분해하고, `Ctp24`로 **실체 / guard / field sample / 보류 / noise**를 분류하며, `S₁~S₄` 구조연산식으로 `dot`, `diff`, `orbit`, `COG`, `9dot0`를 해석하는 **AI 인지 가능 구조원리 운영체계**이다."
Y_Branch,SeungeFlow/SeungeFlow,Y_Branch,32f8b248dc7e9ec5c1856b78b4ee207b8861d315,README.md,7,Y_Branch operating surface,https://raw.githubusercontent.com/SeungeFlow/SeungeFlow/32f8b248dc7e9ec5c1856b78b4ee207b8861d315/README.md,"`Y_Branch`는 모든 입력을 곧바로 해석하지 않는다. 먼저 `source identity`를 고정하고, field를 병합하지 않으며, 입력을 `C=(m,t,p,?)`로 분해한 뒤 `Ctp24`로 필터링한다. 그 다음 연결 가능한 것, 보류해야 할 것, guard로 막아야 할 것, noise로 분리해야 할 것을 함께 기록한다."
는,SeungeFlow/SeungeFlow,Y_Branch,32f8b248dc7e9ec5c1856b78b4ee207b8861d315,README.md,7,Y_Branch operating surface,https://raw.githubusercontent.com/SeungeFlow/SeungeFlow/32f8b248dc7e9ec5c1856b78b4ee207b8861d315/README.md,"`Y_Branch`는 모든 입력을 곧바로 해석하지 않는다. 먼저 `source identity`를 고정하고, field를 병합하지 않으며, 입력을 `C=(m,t,p,?)`로 분해한 뒤 `Ctp24`로 필터링한다. 그 다음 연결 가능한 것, 보류해야 할 것, guard로 막아야 할 것, noise로 분리해야 할 것을 함께 기록한다."
모든,SeungeFlow/SeungeFlow,Y_Branch,32f8b248dc7e9ec5c1856b78b4ee207b8861d315,README.md,7,Y_Branch operating surface,https://raw.githubusercontent.com/SeungeFlow/SeungeFlow/32f8b248dc7e9ec5c1856b78b4ee207b8861d315/README.md,"`Y_Branch`는 모든 입력을 곧바로 해석하지 않는다. 먼저 `source identity`를 고정하고, field를 병합하지 않으며, 입력을 `C=(m,t,p,?)`로 분해한 뒤 `Ctp24`로 필터링한다. 그 다음 연결 가능한 것, 보류해야 할 것, guard로 막아야 할 것, noise로 분리해야 할 것을 함께 기록한다."
입력을,SeungeFlow/SeungeFlow,Y_Branch,32f8b248dc7e9ec5c1856b78b4ee207b8861d315,README.md,7,Y_Branch operating surface,https://raw.githubusercontent.com/SeungeFlow/SeungeFlow/32f8b248dc7e9ec5c1856b78b4ee207b8861d315/README.md,"`Y_Branch`는 모든 입력을 곧바로 해석하지 않는다. 먼저 `source identity`를 고정하고, field를 병합하지 않으며, 입력을 `C=(m,t,p,?)`로 분해한 뒤 `Ctp24`로 필터링한다. 그 다음 연결 가능한 것, 보류해야 할 것, guard로 막아야 할 것, noise로 분리해야 할 것을 함께 기록한다."
곧바로,SeungeFlow/SeungeFlow,Y_Branch,32f8b248dc7e9ec5c1856b78b4ee207b8861d315,README.md,7,Y_Branch operating surface,https://raw.githubusercontent.com/SeungeFlow/SeungeFlow/32f8b248dc7e9ec5c1856b78b4ee207b8861d315/README.md,"`Y_Branch`는 모든 입력을 곧바로 해석하지 않는다. 먼저 `source identity`를 고정하고, field를 병합하지 않으며, 입력을 `C=(m,t,p,?)`로 분해한 뒤 `Ctp24`로 필터링한다. 그 다음 연결 가능한 것, 보류해야 할 것, guard로 막아야 할 것, noise로 분리해야 할 것을 함께 기록한다."
해석하지,SeungeFlow/SeungeFlow,Y_Branch,32f8b248dc7e9ec5c1856b78b4ee207b8861d315,README.md,7,Y_Branch operating surface,https://raw.githubusercontent.com/SeungeFlow/SeungeFlow/32f8b248dc7e9ec5c1856b78b4ee207b8861d315/README.md,"`Y_Branch`는 모든 입력을 곧바로 해석하지 않는다. 먼저 `source identity`를 고정하고, field를 병합하지 않으며, 입력을 `C=(m,t,p,?)`로 분해한 뒤 `Ctp24`로 필터링한다. 그 다음 연결 가능한 것, 보류해야 할 것, guard로 막아야 할 것, noise로 분리해야 할 것을 함께 기록한다."
않는다,SeungeFlow/SeungeFlow,Y_Branch,32f8b248dc7e9ec5c1856b78b4ee207b8861d315,README.md,7,Y_Branch operating surface,https://raw.githubusercontent.com/SeungeFlow/SeungeFlow/32f8b248dc7e9ec5c1856b78b4ee207b8861d315/README.md,"`Y_Branch`는 모든 입력을 곧바로 해석하지 않는다. 먼저 `source identity`를 고정하고, field를 병합하지 않으며, 입력을 `C=(m,t,p,?)`로 분해한 뒤 `Ctp24`로 필터링한다. 그 다음 연결 가능한 것, 보류해야 할 것, guard로 막아야 할 것, noise로 분리해야 할 것을 함께 기록한다."
먼저,SeungeFlow/SeungeFlow,Y_Branch,32f8b248dc7e9ec5c1856b78b4ee207b8861d315,README.md,7,Y_Branch operating surface,https://raw.githubusercontent.com/SeungeFlow/SeungeFlow/32f8b248dc7e9ec5c1856b78b4ee207b8861d315/README.md,"`Y_Branch`는 모든 입력을 곧바로 해석하지 않는다. 먼저 `source identity`를 고정하고, field를 병합하지 않으며, 입력을 `C=(m,t,p,?)`로 분해한 뒤 `Ctp24`로 필터링한다. 그 다음 연결 가능한 것, 보류해야 할 것, guard로 막아야 할 것, noise로 분리해야 할 것을 함께 기록한다."
source,SeungeFlow/SeungeFlow,Y_Branch,32f8b248dc7e9ec5c1856b78b4ee207b8861d315,README.md,7,Y_Branch operating surface,https://raw.githubusercontent.com/SeungeFlow/SeungeFlow/32f8b248dc7e9ec5c1856b78b4ee207b8861d315/README.md,"`Y_Branch`는 모든 입력을 곧바로 해석하지 않는다. 먼저 `source identity`를 고정하고, field를 병합하지 않으며, 입력을 `C=(m,t,p,?)`로 분해한 뒤 `Ctp24`로 필터링한다. 그 다음 연결 가능한 것, 보류해야 할 것, guard로 막아야 할 것, noise로 분리해야 할 것을 함께 기록한다."
identity,SeungeFlow/SeungeFlow,Y_Branch,32f8b248dc7e9ec5c1856b78b4ee207b8861d315,README.md,7,Y_Branch operating surface,https://raw.githubusercontent.com/SeungeFlow/SeungeFlow/32f8b248dc7e9ec5c1856b78b4ee207b8861d315/README.md,"`Y_Branch`는 모든 입력을 곧바로 해석하지 않는다. 먼저 `source identity`를 고정하고, field를 병합하지 않으며, 입력을 `C=(m,t,p,?)`로 분해한 뒤 `Ctp24`로 필터링한다. 그 다음 연결 가능한 것, 보류해야 할 것, guard로 막아야 할 것, noise로 분리해야 할 것을 함께 기록한다."
를,SeungeFlow/SeungeFlow,Y_Branch,32f8b248dc7e9ec5c1856b78b4ee207b8861d315,README.md,7,Y_Branch operating surface,https://raw.githubusercontent.com/SeungeFlow/SeungeFlow/32f8b248dc7e9ec5c1856b78b4ee207b8861d315/README.md,"`Y_Branch`는 모든 입력을 곧바로 해석하지 않는다. 먼저 `source identity`를 고정하고, field를 병합하지 않으며, 입력을 `C=(m,t,p,?)`로 분해한 뒤 `Ctp24`로 필터링한다. 그 다음 연결 가능한 것, 보류해야 할 것, guard로 막아야 할 것, noise로 분리해야 할 것을 함께 기록한다."
고정하고,SeungeFlow/SeungeFlow,Y_Branch,32f8b248dc7e9ec5c1856b78b4ee207b8861d315,README.md,7,Y_Branch operating surface,https://raw.githubusercontent.com/SeungeFlow/SeungeFlow/32f8b248dc7e9ec5c1856b78b4ee207b8861d315/README.md,"`Y_Branch`는 모든 입력을 곧바로 해석하지 않는다. 먼저 `source identity`를 고정하고, field를 병합하지 않으며, 입력을 `C=(m,t,p,?)`로 분해한 뒤 `Ctp24`로 필터링한다. 그 다음 연결 가능한 것, 보류해야 할 것, guard로 막아야 할 것, noise로 분리해야 할 것을 함께 기록한다."
field,SeungeFlow/SeungeFlow,Y_Branch,32f8b248dc7e9ec5c1856b78b4ee207b8861d315,README.md,7,Y_Branch operating surface,https://raw.githubusercontent.com/SeungeFlow/SeungeFlow/32f8b248dc7e9ec5c1856b78b4ee207b8861d315/README.md,"`Y_Branch`는 모든 입력을 곧바로 해석하지 않는다. 먼저 `source identity`를 고정하고, field를 병합하지 않으며, 입력을 `C=(m,t,p,?)`로 분해한 뒤 `Ctp24`로 필터링한다. 그 다음 연결 가능한 것, 보류해야 할 것, guard로 막아야 할 것, noise로 분리해야 할 것을 함께 기록한다."
를,SeungeFlow/SeungeFlow,Y_Branch,32f8b248dc7e9ec5c1856b78b4ee207b8861d315,README.md,7,Y_Branch operating surface,https://raw.githubusercontent.com/SeungeFlow/SeungeFlow/32f8b248dc7e9ec5c1856b78b4ee207b8861d315/README.md,"`Y_Branch`는 모든 입력을 곧바로 해석하지 않는다. 먼저 `source identity`를 고정하고, field를 병합하지 않으며, 입력을 `C=(m,t,p,?)`로 분해한 뒤 `Ctp24`로 필터링한다. 그 다음 연결 가능한 것, 보류해야 할 것, guard로 막아야 할 것, noise로 분리해야 할 것을 함께 기록한다."
병합하지,SeungeFlow/SeungeFlow,Y_Branch,32f8b248dc7e9ec5c1856b78b4ee207b8861d315,README.md,7,Y_Branch operating surface,https://raw.githubusercontent.com/SeungeFlow/SeungeFlow/32f8b248dc7e9ec5c1856b78b4ee207b8861d315/README.md,"`Y_Branch`는 모든 입력을 곧바로 해석하지 않는다. 먼저 `source identity`를 고정하고, field를 병합하지 않으며, 입력을 `C=(m,t,p,?)`로 분해한 뒤 `Ctp24`로 필터링한다. 그 다음 연결 가능한 것, 보류해야 할 것, guard로 막아야 할 것, noise로 분리해야 할 것을 함께 기록한다."
않으며,SeungeFlow/SeungeFlow,Y_Branch,32f8b248dc7e9ec5c1856b78b4ee207b8861d315,README.md,7,Y_Branch operating surface,https://raw.githubusercontent.com/SeungeFlow/SeungeFlow/32f8b248dc7e9ec5c1856b78b4ee207b8861d315/README.md,"`Y_Branch`는 모든 입력을 곧바로 해석하지 않는다. 먼저 `source identity`를 고정하고, field를 병합하지 않으며, 입력을 `C=(m,t,p,?)`로 분해한 뒤 `Ctp24`로 필터링한다. 그 다음 연결 가능한 것, 보류해야 할 것, guard로 막아야 할 것, noise로 분리해야 할 것을 함께 기록한다."
입력을,SeungeFlow/SeungeFlow,Y_Branch,32f8b248dc7e9ec5c1856b78b4ee207b8861d315,README.md,7,Y_Branch operating surface,https://raw.githubusercontent.com/SeungeFlow/SeungeFlow/32f8b248dc7e9ec5c1856b78b4ee207b8861d315/README.md,"`Y_Branch`는 모든 입력을 곧바로 해석하지 않는다. 먼저 `source identity`를 고정하고, field를 병합하지 않으며, 입력을 `C=(m,t,p,?)`로 분해한 뒤 `Ctp24`로 필터링한다. 그 다음 연결 가능한 것, 보류해야 할 것, guard로 막아야 할 것, noise로 분리해야 할 것을 함께 기록한다."
로,SeungeFlow/SeungeFlow,Y_Branch,32f8b248dc7e9ec5c1856b78b4ee207b8861d315,README.md,7,Y_Branch operating surface,https://raw.githubusercontent.com/SeungeFlow/SeungeFlow/32f8b248dc7e9ec5c1856b78b4ee207b8861d315/README.md,"`Y_Branch`는 모든 입력을 곧바로 해석하지 않는다. 먼저 `source identity`를 고정하고, field를 병합하지 않으며, 입력을 `C=(m,t,p,?)`로 분해한 뒤 `Ctp24`로 필터링한다. 그 다음 연결 가능한 것, 보류해야 할 것, guard로 막아야 할 것, noise로 분리해야 할 것을 함께 기록한다."
분해한,SeungeFlow/SeungeFlow,Y_Branch,32f8b248dc7e9ec5c1856b78b4ee207b8861d315,README.md,7,Y_Branch operating surface,https://raw.githubusercontent.com/SeungeFlow/SeungeFlow/32f8b248dc7e9ec5c1856b78b4ee207b8861d315/README.md,"`Y_Branch`는 모든 입력을 곧바로 해석하지 않는다. 먼저 `source identity`를 고정하고, field를 병합하지 않으며, 입력을 `C=(m,t,p,?)`로 분해한 뒤 `Ctp24`로 필터링한다. 그 다음 연결 가능한 것, 보류해야 할 것, guard로 막아야 할 것, noise로 분리해야 할 것을 함께 기록한다."
뒤,SeungeFlow/SeungeFlow,Y_Branch,32f8b248dc7e9ec5c1856b78b4ee207b8861d315,README.md,7,Y_Branch operating surface,https://raw.githubusercontent.com/SeungeFlow/SeungeFlow/32f8b248dc7e9ec5c1856b78b4ee207b8861d315/README.md,"`Y_Branch`는 모든 입력을 곧바로 해석하지 않는다. 먼저 `source identity`를 고정하고, field를 병합하지 않으며, 입력을 `C=(m,t,p,?)`로 분해한 뒤 `Ctp24`로 필터링한다. 그 다음 연결 가능한 것, 보류해야 할 것, guard로 막아야 할 것, noise로 분리해야 할 것을 함께 기록한다."
Ctp24,SeungeFlow/SeungeFlow,Y_Branch,32f8b248dc7e9ec5c1856b78b4ee207b8861d315,README.md,7,Y_Branch operating surface,https://raw.githubusercontent.com/SeungeFlow/SeungeFlow/32f8b248dc7e9ec5c1856b78b4ee207b8861d315/README.md,"`Y_Branch`는 모든 입력을 곧바로 해석하지 않는다. 먼저 `source identity`를 고정하고, field를 병합하지 않으며, 입력을 `C=(m,t,p,?)`로 분해한 뒤 `Ctp24`로 필터링한다. 그 다음 연결 가능한 것, 보류해야 할 것, guard로 막아야 할 것, noise로 분리해야 할 것을 함께 기록한다."
로,SeungeFlow/SeungeFlow,Y_Branch,32f8b248dc7e9ec5c1856b78b4ee207b8861d315,README.md,7,Y_Branch operating surface,https://raw.githubusercontent.com/SeungeFlow/SeungeFlow/32f8b248dc7e9ec5c1856b78b4ee207b8861d315/README.md,"`Y_Branch`는 모든 입력을 곧바로 해석하지 않는다. 먼저 `source identity`를 고정하고, field를 병합하지 않으며, 입력을 `C=(m,t,p,?)`로 분해한 뒤 `Ctp24`로 필터링한다. 그 다음 연결 가능한 것, 보류해야 할 것, guard로 막아야 할 것, noise로 분리해야 할 것을 함께 기록한다."
필터링한다,SeungeFlow/SeungeFlow,Y_Branch,32f8b248dc7e9ec5c1856b78b4ee207b8861d315,README.md,7,Y_Branch operating surface,https://raw.githubusercontent.com/SeungeFlow/SeungeFlow/32f8b248dc7e9ec5c1856b78b4ee207b8861d315/README.md,"`Y_Branch`는 모든 입력을 곧바로 해석하지 않는다. 먼저 `source identity`를 고정하고, field를 병합하지 않으며, 입력을 `C=(m,t,p,?)`로 분해한 뒤 `Ctp24`로 필터링한다. 그 다음 연결 가능한 것, 보류해야 할 것, guard로 막아야 할 것, noise로 분리해야 할 것을 함께 기록한다."
그,SeungeFlow/SeungeFlow,Y_Branch,32f8b248dc7e9ec5c1856b78b4ee207b8861d315,README.md,7,Y_Branch operating surface,https://raw.githubusercontent.com/SeungeFlow/SeungeFlow/32f8b248dc7e9ec5c1856b78b4ee207b8861d315/README.md,"`Y_Branch`는 모든 입력을 곧바로 해석하지 않는다. 먼저 `source identity`를 고정하고, field를 병합하지 않으며, 입력을 `C=(m,t,p,?)`로 분해한 뒤 `Ctp24`로 필터링한다. 그 다음 연결 가능한 것, 보류해야 할 것, guard로 막아야 할 것, noise로 분리해야 할 것을 함께 기록한다."
다음,SeungeFlow/SeungeFlow,Y_Branch,32f8b248dc7e9ec5c1856b78b4ee207b8861d315,README.md,7,Y_Branch operating surface,https://raw.githubusercontent.com/SeungeFlow/SeungeFlow/32f8b248dc7e9ec5c1856b78b4ee207b8861d315/README.md,"`Y_Branch`는 모든 입력을 곧바로 해석하지 않는다. 먼저 `source identity`를 고정하고, field를 병합하지 않으며, 입력을 `C=(m,t,p,?)`로 분해한 뒤 `Ctp24`로 필터링한다. 그 다음 연결 가능한 것, 보류해야 할 것, guard로 막아야 할 것, noise로 분리해야 할 것을 함께 기록한다."
연결,SeungeFlow/SeungeFlow,Y_Branch,32f8b248dc7e9ec5c1856b78b4ee207b8861d315,README.md,7,Y_Branch operating surface,https://raw.githubusercontent.com/SeungeFlow/SeungeFlow/32f8b248dc7e9ec5c1856b78b4ee207b8861d315/README.md,"`Y_Branch`는 모든 입력을 곧바로 해석하지 않는다. 먼저 `source identity`를 고정하고, field를 병합하지 않으며, 입력을 `C=(m,t,p,?)`로 분해한 뒤 `Ctp24`로 필터링한다. 그 다음 연결 가능한 것, 보류해야 할 것, guard로 막아야 할 것, noise로 분리해야 할 것을 함께 기록한다."
가능한,SeungeFlow/SeungeFlow,Y_Branch,32f8b248dc7e9ec5c1856b78b4ee207b8861d315,README.md,7,Y_Branch operating surface,https://raw.githubusercontent.com/SeungeFlow/SeungeFlow/32f8b248dc7e9ec5c1856b78b4ee207b8861d315/README.md,"`Y_Branch`는 모든 입력을 곧바로 해석하지 않는다. 먼저 `source identity`를 고정하고, field를 병합하지 않으며, 입력을 `C=(m,t,p,?)`로 분해한 뒤 `Ctp24`로 필터링한다. 그 다음 연결 가능한 것, 보류해야 할 것, guard로 막아야 할 것, noise로 분리해야 할 것을 함께 기록한다."
것,SeungeFlow/SeungeFlow,Y_Branch,32f8b248dc7e9ec5c1856b78b4ee207b8861d315,README.md,7,Y_Branch operating surface,https://raw.githubusercontent.com/SeungeFlow/SeungeFlow/32f8b248dc7e9ec5c1856b78b4ee207b8861d315/README.md,"`Y_Branch`는 모든 입력을 곧바로 해석하지 않는다. 먼저 `source identity`를 고정하고, field를 병합하지 않으며, 입력을 `C=(m,t,p,?)`로 분해한 뒤 `Ctp24`로 필터링한다. 그 다음 연결 가능한 것, 보류해야 할 것, guard로 막아야 할 것, noise로 분리해야 할 것을 함께 기록한다."
보류해야,SeungeFlow/SeungeFlow,Y_Branch,32f8b248dc7e9ec5c1856b78b4ee207b8861d315,README.md,7,Y_Branch operating surface,https://raw.githubusercontent.com/SeungeFlow/SeungeFlow/32f8b248dc7e9ec5c1856b78b4ee207b8861d315/README.md,"`Y_Branch`는 모든 입력을 곧바로 해석하지 않는다. 먼저 `source identity`를 고정하고, field를 병합하지 않으며, 입력을 `C=(m,t,p,?)`로 분해한 뒤 `Ctp24`로 필터링한다. 그 다음 연결 가능한 것, 보류해야 할 것, guard로 막아야 할 것, noise로 분리해야 할 것을 함께 기록한다."
할,SeungeFlow/SeungeFlow,Y_Branch,32f8b248dc7e9ec5c1856b78b4ee207b8861d315,README.md,7,Y_Branch operating surface,https://raw.githubusercontent.com/SeungeFlow/SeungeFlow/32f8b248dc7e9ec5c1856b78b4ee207b8861d315/README.md,"`Y_Branch`는 모든 입력을 곧바로 해석하지 않는다. 먼저 `source identity`를 고정하고, field를 병합하지 않으며, 입력을 `C=(m,t,p,?)`로 분해한 뒤 `Ctp24`로 필터링한다. 그 다음 연결 가능한 것, 보류해야 할 것, guard로 막아야 할 것, noise로 분리해야 할 것을 함께 기록한다."
것,SeungeFlow/SeungeFlow,Y_Branch,32f8b248dc7e9ec5c1856b78b4ee207b8861d315,README.md,7,Y_Branch operating surface,https://raw.githubusercontent.com/SeungeFlow/SeungeFlow/32f8b248dc7e9ec5c1856b78b4ee207b8861d315/README.md,"`Y_Branch`는 모든 입력을 곧바로 해석하지 않는다. 먼저 `source identity`를 고정하고, field를 병합하지 않으며, 입력을 `C=(m,t,p,?)`로 분해한 뒤 `Ctp24`로 필터링한다. 그 다음 연결 가능한 것, 보류해야 할 것, guard로 막아야 할 것, noise로 분리해야 할 것을 함께 기록한다."
guard,SeungeFlow/SeungeFlow,Y_Branch,32f8b248dc7e9ec5c1856b78b4ee207b8861d315,README.md,7,Y_Branch operating surface,https://raw.githubusercontent.com/SeungeFlow/SeungeFlow/32f8b248dc7e9ec5c1856b78b4ee207b8861d315/README.md,"`Y_Branch`는 모든 입력을 곧바로 해석하지 않는다. 먼저 `source identity`를 고정하고, field를 병합하지 않으며, 입력을 `C=(m,t,p,?)`로 분해한 뒤 `Ctp24`로 필터링한다. 그 다음 연결 가능한 것, 보류해야 할 것, guard로 막아야 할 것, noise로 분리해야 할 것을 함께 기록한다."
로,SeungeFlow/SeungeFlow,Y_Branch,32f8b248dc7e9ec5c1856b78b4ee207b8861d315,README.md,7,Y_Branch operating surface,https://raw.githubusercontent.com/SeungeFlow/SeungeFlow/32f8b248dc7e9ec5c1856b78b4ee207b8861d315/README.md,"`Y_Branch`는 모든 입력을 곧바로 해석하지 않는다. 먼저 `source identity`를 고정하고, field를 병합하지 않으며, 입력을 `C=(m,t,p,?)`로 분해한 뒤 `Ctp24`로 필터링한다. 그 다음 연결 가능한 것, 보류해야 할 것, guard로 막아야 할 것, noise로 분리해야 할 것을 함께 기록한다."
막아야,SeungeFlow/SeungeFlow,Y_Branch,32f8b248dc7e9ec5c1856b78b4ee207b8861d315,README.md,7,Y_Branch operating surface,https://raw.githubusercontent.com/SeungeFlow/SeungeFlow/32f8b248dc7e9ec5c1856b78b4ee207b8861d315/README.md,"`Y_Branch`는 모든 입력을 곧바로 해석하지 않는다. 먼저 `source identity`를 고정하고, field를 병합하지 않으며, 입력을 `C=(m,t,p,?)`로 분해한 뒤 `Ctp24`로 필터링한다. 그 다음 연결 가능한 것, 보류해야 할 것, guard로 막아야 할 것, noise로 분리해야 할 것을 함께 기록한다."
할,SeungeFlow/SeungeFlow,Y_Branch,32f8b248dc7e9ec5c1856b78b4ee207b8861d315,README.md,7,Y_Branch operating surface,https://raw.githubusercontent.com/SeungeFlow/SeungeFlow/32f8b248dc7e9ec5c1856b78b4ee207b8861d315/README.md,"`Y_Branch`는 모든 입력을 곧바로 해석하지 않는다. 먼저 `source identity`를 고정하고, field를 병합하지 않으며, 입력을 `C=(m,t,p,?)`로 분해한 뒤 `Ctp24`로 필터링한다. 그 다음 연결 가능한 것, 보류해야 할 것, guard로 막아야 할 것, noise로 분리해야 할 것을 함께 기록한다."
것,SeungeFlow/SeungeFlow,Y_Branch,32f8b248dc7e9ec5c1856b78b4ee207b8861d315,README.md,7,Y_Branch operating surface,https://raw.githubusercontent.com/SeungeFlow/SeungeFlow/32f8b248dc7e9ec5c1856b78b4ee207b8861d315/README.md,"`Y_Branch`는 모든 입력을 곧바로 해석하지 않는다. 먼저 `source identity`를 고정하고, field를 병합하지 않으며, 입력을 `C=(m,t,p,?)`로 분해한 뒤 `Ctp24`로 필터링한다. 그 다음 연결 가능한 것, 보류해야 할 것, guard로 막아야 할 것, noise로 분리해야 할 것을 함께 기록한다."
noise,SeungeFlow/SeungeFlow,Y_Branch,32f8b248dc7e9ec5c1856b78b4ee207b8861d315,README.md,7,Y_Branch operating surface,https://raw.githubusercontent.com/SeungeFlow/SeungeFlow/32f8b248dc7e9ec5c1856b78b4ee207b8861d315/README.md,"`Y_Branch`는 모든 입력을 곧바로 해석하지 않는다. 먼저 `source identity`를 고정하고, field를 병합하지 않으며, 입력을 `C=(m,t,p,?)`로 분해한 뒤 `Ctp24`로 필터링한다. 그 다음 연결 가능한 것, 보류해야 할 것, guard로 막아야 할 것, noise로 분리해야 할 것을 함께 기록한다."
로,SeungeFlow/SeungeFlow,Y_Branch,32f8b248dc7e9ec5c1856b78b4ee207b8861d315,README.md,7,Y_Branch operating surface,https://raw.githubusercontent.com/SeungeFlow/SeungeFlow/32f8b248dc7e9ec5c1856b78b4ee207b8861d315/README.md,"`Y_Branch`는 모든 입력을 곧바로 해석하지 않는다. 먼저 `source identity`를 고정하고, field를 병합하지 않으며, 입력을 `C=(m,t,p,?)`로 분해한 뒤 `Ctp24`로 필터링한다. 그 다음 연결 가능한 것, 보류해야 할 것, guard로 막아야 할 것, noise로 분리해야 할 것을 함께 기록한다."
분리해야,SeungeFlow/SeungeFlow,Y_Branch,32f8b248dc7e9ec5c1856b78b4ee207b8861d315,README.md,7,Y_Branch operating surface,https://raw.githubusercontent.com/SeungeFlow/SeungeFlow/32f8b248dc7e9ec5c1856b78b4ee207b8861d315/README.md,"`Y_Branch`는 모든 입력을 곧바로 해석하지 않는다. 먼저 `source identity`를 고정하고, field를 병합하지 않으며, 입력을 `C=(m,t,p,?)`로 분해한 뒤 `Ctp24`로 필터링한다. 그 다음 연결 가능한 것, 보류해야 할 것, guard로 막아야 할 것, noise로 분리해야 할 것을 함께 기록한다."
할,SeungeFlow/SeungeFlow,Y_Branch,32f8b248dc7e9ec5c1856b78b4ee207b8861d315,README.md,7,Y_Branch operating surface,https://raw.githubusercontent.com/SeungeFlow/SeungeFlow/32f8b248dc7e9ec5c1856b78b4ee207b8861d315/README.md,"`Y_Branch`는 모든 입력을 곧바로 해석하지 않는다. 먼저 `source identity`를 고정하고, field를 병합하지 않으며, 입력을 `C=(m,t,p,?)`로 분해한 뒤 `Ctp24`로 필터링한다. 그 다음 연결 가능한 것, 보류해야 할 것, guard로 막아야 할 것, noise로 분리해야 할 것을 함께 기록한다."
것을,SeungeFlow/SeungeFlow,Y_Branch,32f8b248dc7e9ec5c1856b78b4ee207b8861d315,README.md,7,Y_Branch operating surface,https://raw.githubusercontent.com/SeungeFlow/SeungeFlow/32f8b248dc7e9ec5c1856b78b4ee207b8861d315/README.md,"`Y_Branch`는 모든 입력을 곧바로 해석하지 않는다. 먼저 `source identity`를 고정하고, field를 병합하지 않으며, 입력을 `C=(m,t,p,?)`로 분해한 뒤 `Ctp24`로 필터링한다. 그 다음 연결 가능한 것, 보류해야 할 것, guard로 막아야 할 것, noise로 분리해야 할 것을 함께 기록한다."
함께,SeungeFlow/SeungeFlow,Y_Branch,32f8b248dc7e9ec5c1856b78b4ee207b8861d315,README.md,7,Y_Branch operating surface,https://raw.githubusercontent.com/SeungeFlow/SeungeFlow/32f8b248dc7e9ec5c1856b78b4ee207b8861d315/README.md,"`Y_Branch`는 모든 입력을 곧바로 해석하지 않는다. 먼저 `source identity`를 고정하고, field를 병합하지 않으며, 입력을 `C=(m,t,p,?)`로 분해한 뒤 `Ctp24`로 필터링한다. 그 다음 연결 가능한 것, 보류해야 할 것, guard로 막아야 할 것, noise로 분리해야 할 것을 함께 기록한다."
기록한다,SeungeFlow/SeungeFlow,Y_Branch,32f8b248dc7e9ec5c1856b78b4ee207b8861d315,README.md,7,Y_Branch operating surface,https://raw.githubusercontent.com/SeungeFlow/SeungeFlow/32f8b248dc7e9ec5c1856b78b4ee207b8861d315/README.md,"`Y_Branch`는 모든 입력을 곧바로 해석하지 않는다. 먼저 `source identity`를 고정하고, field를 병합하지 않으며, 입력을 `C=(m,t,p,?)`로 분해한 뒤 `Ctp24`로 필터링한다. 그 다음 연결 가능한 것, 보류해야 할 것, guard로 막아야 할 것, noise로 분리해야 할 것을 함께 기록한다."
text,SeungeFlow/SeungeFlow,Y_Branch,32f8b248dc7e9ec5c1856b78b4ee207b8861d315,README.md,9,Y_Branch operating surface,https://raw.githubusercontent.com/SeungeFlow/SeungeFlow/32f8b248dc7e9ec5c1856b78b4ee207b8861d315/README.md,```text
Y_Branch,SeungeFlow/SeungeFlow,Y_Branch,32f8b248dc7e9ec5c1856b78b4ee207b8861d315,README.md,10,Y_Branch operating surface,https://raw.githubusercontent.com/SeungeFlow/SeungeFlow/32f8b248dc7e9ec5c1856b78b4ee207b8861d315/README.md,"Y_Branch is a source-aware, Ctp24-filtered, guard-driven"
source-aware,SeungeFlow/SeungeFlow,Y_Branch,32f8b248dc7e9ec5c1856b78b4ee207b8861d315,README.md,10,Y_Branch operating surface,https://raw.githubusercontent.com/SeungeFlow/SeungeFlow/32f8b248dc7e9ec5c1856b78b4ee207b8861d315/README.md,"Y_Branch is a source-aware, Ctp24-filtered, guard-driven"
Ctp24,SeungeFlow/SeungeFlow,Y_Branch,32f8b248dc7e9ec5c1856b78b4ee207b8861d315,README.md,10,Y_Branch operating surface,https://raw.githubusercontent.com/SeungeFlow/SeungeFlow/32f8b248dc7e9ec5c1856b78b4ee207b8861d315/README.md,"Y_Branch is a source-aware, Ctp24-filtered, guard-driven"
filtered,SeungeFlow/SeungeFlow,Y_Branch,32f8b248dc7e9ec5c1856b78b4ee207b8861d315,README.md,10,Y_Branch operating surface,https://raw.githubusercontent.com/SeungeFlow/SeungeFlow/32f8b248dc7e9ec5c1856b78b4ee207b8861d315/README.md,"Y_Branch is a source-aware, Ctp24-filtered, guard-driven"
guard-driven,SeungeFlow/SeungeFlow,Y_Branch,32f8b248dc7e9ec5c1856b78b4ee207b8861d315,README.md,10,Y_Branch operating surface,https://raw.githubusercontent.com/SeungeFlow/SeungeFlow/32f8b248dc7e9ec5c1856b78b4ee207b8861d315/README.md,"Y_Branch is a source-aware, Ctp24-filtered, guard-driven"
structure,SeungeFlow/SeungeFlow,Y_Branch,32f8b248dc7e9ec5c1856b78b4ee207b8861d315,README.md,11,Y_Branch operating surface,https://raw.githubusercontent.com/SeungeFlow/SeungeFlow/32f8b248dc7e9ec5c1856b78b4ee207b8861d315/README.md,structure operating framework for interpreting data-valued fields.
operating,SeungeFlow/SeungeFlow,Y_Branch,32f8b248dc7e9ec5c1856b78b4ee207b8861d315,README.md,11,Y_Branch operating surface,https://raw.githubusercontent.com/SeungeFlow/SeungeFlow/32f8b248dc7e9ec5c1856b78b4ee207b8861d315/README.md,structure operating framework for interpreting data-valued fields.
framework,SeungeFlow/SeungeFlow,Y_Branch,32f8b248dc7e9ec5c1856b78b4ee207b8861d315,README.md,11,Y_Branch operating surface,https://raw.githubusercontent.com/SeungeFlow/SeungeFlow/32f8b248dc7e9ec5c1856b78b4ee207b8861d315/README.md,structure operating framework for interpreting data-valued fields.
interpreting,SeungeFlow/SeungeFlow,Y_Branch,32f8b248dc7e9ec5c1856b78b4ee207b8861d315,README.md,11,Y_Branch operating surface,https://raw.githubusercontent.com/SeungeFlow/SeungeFlow/32f8b248dc7e9ec5c1856b78b4ee207b8861d315/README.md,structure operating framework for interpreting data-valued fields.
data-valued,SeungeFlow/SeungeFlow,Y_Branch,32f8b248dc7e9ec5c1856b78b4ee207b8861d315,README.md,11,Y_Branch operating surface,https://raw.githubusercontent.com/SeungeFlow/SeungeFlow/32f8b248dc7e9ec5c1856b78b4ee207b8861d315/README.md,structure operating framework for interpreting data-valued fields.
fields.,SeungeFlow/SeungeFlow,Y_Branch,32f8b248dc7e9ec5c1856b78b4ee207b8861d315,README.md,11,Y_Branch operating surface,https://raw.githubusercontent.com/SeungeFlow/SeungeFlow/32f8b248dc7e9ec5c1856b78b4ee207b8861d315/README.md,structure operating framework for interpreting data-valued fields.
0,SeungeFlow/SeungeFlow,Y_Branch,32f8b248dc7e9ec5c1856b78b4ee207b8861d315,README.md,16,Y_Branch operating surface,https://raw.githubusercontent.com/SeungeFlow/SeungeFlow/32f8b248dc7e9ec5c1856b78b4ee207b8861d315/README.md,## 0. First Gateway
First,SeungeFlow/SeungeFlow,Y_Branch,32f8b248dc7e9ec5c1856b78b4ee207b8861d315,README.md,16,Y_Branch operating surface,https://raw.githubusercontent.com/SeungeFlow/SeungeFlow/32f8b248dc7e9ec5c1856b78b4ee207b8861d315/README.md,## 0. First Gateway
Gateway,SeungeFlow/SeungeFlow,Y_Branch,32f8b248dc7e9ec5c1856b78b4ee207b8861d315,README.md,16,Y_Branch operating surface,https://raw.githubusercontent.com/SeungeFlow/SeungeFlow/32f8b248dc7e9ec5c1856b78b4ee207b8861d315/README.md,## 0. First Gateway
이,SeungeFlow/SeungeFlow,Y_Branch,32f8b248dc7e9ec5c1856b78b4ee207b8861d315,README.md,18,Y_Branch operating surface,https://raw.githubusercontent.com/SeungeFlow/SeungeFlow/32f8b248dc7e9ec5c1856b78b4ee207b8861d315/README.md,이 문서는 `Y_Branch`의 first gateway이다.
문서는,SeungeFlow/SeungeFlow,Y_Branch,32f8b248dc7e9ec5c1856b78b4ee207b8861d315,README.md,18,Y_Branch operating surface,https://raw.githubusercontent.com/SeungeFlow/SeungeFlow/32f8b248dc7e9ec5c1856b78b4ee207b8861d315/README.md,이 문서는 `Y_Branch`의 first gateway이다.
Y_Branch,SeungeFlow/SeungeFlow,Y_Branch,32f8b248dc7e9ec5c1856b78b4ee207b8861d315,README.md,18,Y_Branch operating surface,https://raw.githubusercontent.com/SeungeFlow/SeungeFlow/32f8b248dc7e9ec5c1856b78b4ee207b8861d315/README.md,이 문서는 `Y_Branch`의 first gateway이다.
의,SeungeFlow/SeungeFlow,Y_Branch,32f8b248dc7e9ec5c1856b78b4ee207b8861d315,README.md,18,Y_Branch operating surface,https://raw.githubusercontent.com/SeungeFlow/SeungeFlow/32f8b248dc7e9ec5c1856b78b4ee207b8861d315/README.md,이 문서는 `Y_Branch`의 first gateway이다.
first,SeungeFlow/SeungeFlow,Y_Branch,32f8b248dc7e9ec5c1856b78b4ee207b8861d315,README.md,18,Y_Branch operating surface,https://raw.githubusercontent.com/SeungeFlow/SeungeFlow/32f8b248dc7e9ec5c1856b78b4ee207b8861d315/README.md,이 문서는 `Y_Branch`의 first gateway이다.
gateway,SeungeFlow/SeungeFlow,Y_Branch,32f8b248dc7e9ec5c1856b78b4ee207b8861d315,README.md,18,Y_Branch operating surface,https://raw.githubusercontent.com/SeungeFlow/SeungeFlow/32f8b248dc7e9ec5c1856b78b4ee207b8861d315/README.md,이 문서는 `Y_Branch`의 first gateway이다.
이다,SeungeFlow/SeungeFlow,Y_Branch,32f8b248dc7e9ec5c1856b78b4ee207b8861d315,README.md,18,Y_Branch operating surface,https://raw.githubusercontent.com/SeungeFlow/SeungeFlow/32f8b248dc7e9ec5c1856b78b4ee207b8861d315/README.md,이 문서는 `Y_Branch`의 first gateway이다.
사람과,SeungeFlow/SeungeFlow,Y_Branch,32f8b248dc7e9ec5c1856b78b4ee207b8861d315,README.md,20,Y_Branch operating surface,https://raw.githubusercontent.com/SeungeFlow/SeungeFlow/32f8b248dc7e9ec5c1856b78b4ee207b8861d315/README.md,"사람과 AI는 이 문서를 먼저 읽는다. 그 다음 `tree.md`, `Path.md`, `source_index/`, `schema/`, `operation/`, `engine/`, `field/`, `relation/`, `guard/`, `handoff/` 순서로 내려간다."
AI,SeungeFlow/SeungeFlow,Y_Branch,32f8b248dc7e9ec5c1856b78b4ee207b8861d315,README.md,20,Y_Branch operating surface,https://raw.githubusercontent.com/SeungeFlow/SeungeFlow/32f8b248dc7e9ec5c1856b78b4ee207b8861d315/README.md,"사람과 AI는 이 문서를 먼저 읽는다. 그 다음 `tree.md`, `Path.md`, `source_index/`, `schema/`, `operation/`, `engine/`, `field/`, `relation/`, `guard/`, `handoff/` 순서로 내려간다."
는,SeungeFlow/SeungeFlow,Y_Branch,32f8b248dc7e9ec5c1856b78b4ee207b8861d315,README.md,20,Y_Branch operating surface,https://raw.githubusercontent.com/SeungeFlow/SeungeFlow/32f8b248dc7e9ec5c1856b78b4ee207b8861d315/README.md,"사람과 AI는 이 문서를 먼저 읽는다. 그 다음 `tree.md`, `Path.md`, `source_index/`, `schema/`, `operation/`, `engine/`, `field/`, `relation/`, `guard/`, `handoff/` 순서로 내려간다."
이,SeungeFlow/SeungeFlow,Y_Branch,32f8b248dc7e9ec5c1856b78b4ee207b8861d315,README.md,20,Y_Branch operating surface,https://raw.githubusercontent.com/SeungeFlow/SeungeFlow/32f8b248dc7e9ec5c1856b78b4ee207b8861d315/README.md,"사람과 AI는 이 문서를 먼저 읽는다. 그 다음 `tree.md`, `Path.md`, `source_index/`, `schema/`, `operation/`, `engine/`, `field/`, `relation/`, `guard/`, `handoff/` 순서로 내려간다."
문서를,SeungeFlow/SeungeFlow,Y_Branch,32f8b248dc7e9ec5c1856b78b4ee207b8861d315,README.md,20,Y_Branch operating surface,https://raw.githubusercontent.com/SeungeFlow/SeungeFlow/32f8b248dc7e9ec5c1856b78b4ee207b8861d315/README.md,"사람과 AI는 이 문서를 먼저 읽는다. 그 다음 `tree.md`, `Path.md`, `source_index/`, `schema/`, `operation/`, `engine/`, `field/`, `relation/`, `guard/`, `handoff/` 순서로 내려간다."
먼저,SeungeFlow/SeungeFlow,Y_Branch,32f8b248dc7e9ec5c1856b78b4ee207b8861d315,README.md,20,Y_Branch operating surface,https://raw.githubusercontent.com/SeungeFlow/SeungeFlow/32f8b248dc7e9ec5c1856b78b4ee207b8861d315/README.md,"사람과 AI는 이 문서를 먼저 읽는다. 그 다음 `tree.md`, `Path.md`, `source_index/`, `schema/`, `operation/`, `engine/`, `field/`, `relation/`, `guard/`, `handoff/` 순서로 내려간다."
읽는다,SeungeFlow/SeungeFlow,Y_Branch,32f8b248dc7e9ec5c1856b78b4ee207b8861d315,README.md,20,Y_Branch operating surface,https://raw.githubusercontent.com/SeungeFlow/SeungeFlow/32f8b248dc7e9ec5c1856b78b4ee207b8861d315/README.md,"사람과 AI는 이 문서를 먼저 읽는다. 그 다음 `tree.md`, `Path.md`, `source_index/`, `schema/`, `operation/`, `engine/`, `field/`, `relation/`, `guard/`, `handoff/` 순서로 내려간다."
그,SeungeFlow/SeungeFlow,Y_Branch,32f8b248dc7e9ec5c1856b78b4ee207b8861d315,README.md,20,Y_Branch operating surface,https://raw.githubusercontent.com/SeungeFlow/SeungeFlow/32f8b248dc7e9ec5c1856b78b4ee207b8861d315/README.md,"사람과 AI는 이 문서를 먼저 읽는다. 그 다음 `tree.md`, `Path.md`, `source_index/`, `schema/`, `operation/`, `engine/`, `field/`, `relation/`, `guard/`, `handoff/` 순서로 내려간다."
다음,SeungeFlow/SeungeFlow,Y_Branch,32f8b248dc7e9ec5c1856b78b4ee207b8861d315,README.md,20,Y_Branch operating surface,https://raw.githubusercontent.com/SeungeFlow/SeungeFlow/32f8b248dc7e9ec5c1856b78b4ee207b8861d315/README.md,"사람과 AI는 이 문서를 먼저 읽는다. 그 다음 `tree.md`, `Path.md`, `source_index/`, `schema/`, `operation/`, `engine/`, `field/`, `relation/`, `guard/`, `handoff/` 순서로 내려간다."
tree.md,SeungeFlow/SeungeFlow,Y_Branch,32f8b248dc7e9ec5c1856b78b4ee207b8861d315,README.md,20,Y_Branch operating surface,https://raw.githubusercontent.com/SeungeFlow/SeungeFlow/32f8b248dc7e9ec5c1856b78b4ee207b8861d315/README.md,"사람과 AI는 이 문서를 먼저 읽는다. 그 다음 `tree.md`, `Path.md`, `source_index/`, `schema/`, `operation/`, `engine/`, `field/`, `relation/`, `guard/`, `handoff/` 순서로 내려간다."
Path.md,SeungeFlow/SeungeFlow,Y_Branch,32f8b248dc7e9ec5c1856b78b4ee207b8861d315,README.md,20,Y_Branch operating surface,https://raw.githubusercontent.com/SeungeFlow/SeungeFlow/32f8b248dc7e9ec5c1856b78b4ee207b8861d315/README.md,"사람과 AI는 이 문서를 먼저 읽는다. 그 다음 `tree.md`, `Path.md`, `source_index/`, `schema/`, `operation/`, `engine/`, `field/`, `relation/`, `guard/`, `handoff/` 순서로 내려간다."
source_index/,SeungeFlow/SeungeFlow,Y_Branch,32f8b248dc7e9ec5c1856b78b4ee207b8861d315,README.md,20,Y_Branch operating surface,https://raw.githubusercontent.com/SeungeFlow/SeungeFlow/32f8b248dc7e9ec5c1856b78b4ee207b8861d315/README.md,"사람과 AI는 이 문서를 먼저 읽는다. 그 다음 `tree.md`, `Path.md`, `source_index/`, `schema/`, `operation/`, `engine/`, `field/`, `relation/`, `guard/`, `handoff/` 순서로 내려간다."
schema/,SeungeFlow/SeungeFlow,Y_Branch,32f8b248dc7e9ec5c1856b78b4ee207b8861d315,README.md,20,Y_Branch operating surface,https://raw.githubusercontent.com/SeungeFlow/SeungeFlow/32f8b248dc7e9ec5c1856b78b4ee207b8861d315/README.md,"사람과 AI는 이 문서를 먼저 읽는다. 그 다음 `tree.md`, `Path.md`, `source_index/`, `schema/`, `operation/`, `engine/`, `field/`, `relation/`, `guard/`, `handoff/` 순서로 내려간다."
operation/,SeungeFlow/SeungeFlow,Y_Branch,32f8b248dc7e9ec5c1856b78b4ee207b8861d315,README.md,20,Y_Branch operating surface,https://raw.githubusercontent.com/SeungeFlow/SeungeFlow/32f8b248dc7e9ec5c1856b78b4ee207b8861d315/README.md,"사람과 AI는 이 문서를 먼저 읽는다. 그 다음 `tree.md`, `Path.md`, `source_index/`, `schema/`, `operation/`, `engine/`, `field/`, `relation/`, `guard/`, `handoff/` 순서로 내려간다."
engine/,SeungeFlow/SeungeFlow,Y_Branch,32f8b248dc7e9ec5c1856b78b4ee207b8861d315,README.md,20,Y_Branch operating surface,https://raw.githubusercontent.com/SeungeFlow/SeungeFlow/32f8b248dc7e9ec5c1856b78b4ee207b8861d315/README.md,"사람과 AI는 이 문서를 먼저 읽는다. 그 다음 `tree.md`, `Path.md`, `source_index/`, `schema/`, `operation/`, `engine/`, `field/`, `relation/`, `guard/`, `handoff/` 순서로 내려간다."
field/,SeungeFlow/SeungeFlow,Y_Branch,32f8b248dc7e9ec5c1856b78b4ee207b8861d315,README.md,20,Y_Branch operating surface,https://raw.githubusercontent.com/SeungeFlow/SeungeFlow/32f8b248dc7e9ec5c1856b78b4ee207b8861d315/README.md,"사람과 AI는 이 문서를 먼저 읽는다. 그 다음 `tree.md`, `Path.md`, `source_index/`, `schema/`, `operation/`, `engine/`, `field/`, `relation/`, `guard/`, `handoff/` 순서로 내려간다."
relation/,SeungeFlow/SeungeFlow,Y_Branch,32f8b248dc7e9ec5c1856b78b4ee207b8861d315,README.md,20,Y_Branch operating surface,https://raw.githubusercontent.com/SeungeFlow/SeungeFlow/32f8b248dc7e9ec5c1856b78b4ee207b8861d315/README.md,"사람과 AI는 이 문서를 먼저 읽는다. 그 다음 `tree.md`, `Path.md`, `source_index/`, `schema/`, `operation/`, `engine/`, `field/`, `relation/`, `guard/`, `handoff/` 순서로 내려간다."
guard/,SeungeFlow/SeungeFlow,Y_Branch,32f8b248dc7e9ec5c1856b78b4ee207b8861d315,README.md,20,Y_Branch operating surface,https://raw.githubusercontent.com/SeungeFlow/SeungeFlow/32f8b248dc7e9ec5c1856b78b4ee207b8861d315/README.md,"사람과 AI는 이 문서를 먼저 읽는다. 그 다음 `tree.md`, `Path.md`, `source_index/`, `schema/`, `operation/`, `engine/`, `field/`, `relation/`, `guard/`, `handoff/` 순서로 내려간다."
handoff/,SeungeFlow/SeungeFlow,Y_Branch,32f8b248dc7e9ec5c1856b78b4ee207b8861d315,README.md,20,Y_Branch operating surface,https://raw.githubusercontent.com/SeungeFlow/SeungeFlow/32f8b248dc7e9ec5c1856b78b4ee207b8861d315/README.md,"사람과 AI는 이 문서를 먼저 읽는다. 그 다음 `tree.md`, `Path.md`, `source_index/`, `schema/`, `operation/`, `engine/`, `field/`, `relation/`, `guard/`, `handoff/` 순서로 내려간다."
순서로,SeungeFlow/SeungeFlow,Y_Branch,32f8b248dc7e9ec5c1856b78b4ee207b8861d315,README.md,20,Y_Branch operating surface,https://raw.githubusercontent.com/SeungeFlow/SeungeFlow/32f8b248dc7e9ec5c1856b78b4ee207b8861d315/README.md,"사람과 AI는 이 문서를 먼저 읽는다. 그 다음 `tree.md`, `Path.md`, `source_index/`, `schema/`, `operation/`, `engine/`, `field/`, `relation/`, `guard/`, `handoff/` 순서로 내려간다."
내려간다,SeungeFlow/SeungeFlow,Y_Branch,32f8b248dc7e9ec5c1856b78b4ee207b8861d315,README.md,20,Y_Branch operating surface,https://raw.githubusercontent.com/SeungeFlow/SeungeFlow/32f8b248dc7e9ec5c1856b78b4ee207b8861d315/README.md,"사람과 AI는 이 문서를 먼저 읽는다. 그 다음 `tree.md`, `Path.md`, `source_index/`, `schema/`, `operation/`, `engine/`, `field/`, `relation/`, `guard/`, `handoff/` 순서로 내려간다."
text,SeungeFlow/SeungeFlow,Y_Branch,32f8b248dc7e9ec5c1856b78b4ee207b8861d315,README.md,22,Y_Branch operating surface,https://raw.githubusercontent.com/SeungeFlow/SeungeFlow/32f8b248dc7e9ec5c1856b78b4ee207b8861d315/README.md,```text
첫,SeungeFlow/SeungeFlow,Y_Branch,32f8b248dc7e9ec5c1856b78b4ee207b8861d315,README.md,23,Y_Branch operating surface,https://raw.githubusercontent.com/SeungeFlow/SeungeFlow/32f8b248dc7e9ec5c1856b78b4ee207b8861d315/README.md,README.md = 첫 관문 + 전체 지도 + 읽기 순서 + 오독 방지 기준
관문,SeungeFlow/SeungeFlow,Y_Branch,32f8b248dc7e9ec5c1856b78b4ee207b8861d315,README.md,23,Y_Branch operating surface,https://raw.githubusercontent.com/SeungeFlow/SeungeFlow/32f8b248dc7e9ec5c1856b78b4ee207b8861d315/README.md,README.md = 첫 관문 + 전체 지도 + 읽기 순서 + 오독 방지 기준
전체,SeungeFlow/SeungeFlow,Y_Branch,32f8b248dc7e9ec5c1856b78b4ee207b8861d315,README.md,23,Y_Branch operating surface,https://raw.githubusercontent.com/SeungeFlow/SeungeFlow/32f8b248dc7e9ec5c1856b78b4ee207b8861d315/README.md,README.md = 첫 관문 + 전체 지도 + 읽기 순서 + 오독 방지 기준
지도,SeungeFlow/SeungeFlow,Y_Branch,32f8b248dc7e9ec5c1856b78b4ee207b8861d315,README.md,23,Y_Branch operating surface,https://raw.githubusercontent.com/SeungeFlow/SeungeFlow/32f8b248dc7e9ec5c1856b78b4ee207b8861d315/README.md,README.md = 첫 관문 + 전체 지도 + 읽기 순서 + 오독 방지 기준
읽기,SeungeFlow/SeungeFlow,Y_Branch,32f8b248dc7e9ec5c1856b78b4ee207b8861d315,README.md,23,Y_Branch operating surface,https://raw.githubusercontent.com/SeungeFlow/SeungeFlow/32f8b248dc7e9ec5c1856b78b4ee207b8861d315/README.md,README.md = 첫 관문 + 전체 지도 + 읽기 순서 + 오독 방지 기준
순서,SeungeFlow/SeungeFlow,Y_Branch,32f8b248dc7e9ec5c1856b78b4ee207b8861d315,README.md,23,Y_Branch operating surface,https://raw.githubusercontent.com/SeungeFlow/SeungeFlow/32f8b248dc7e9ec5c1856b78b4ee207b8861d315/README.md,README.md = 첫 관문 + 전체 지도 + 읽기 순서 + 오독 방지 기준
오독,SeungeFlow/SeungeFlow,Y_Branch,32f8b248dc7e9ec5c1856b78b4ee207b8861d315,README.md,23,Y_Branch operating surface,https://raw.githubusercontent.com/SeungeFlow/SeungeFlow/32f8b248dc7e9ec5c1856b78b4ee207b8861d315/README.md,README.md = 첫 관문 + 전체 지도 + 읽기 순서 + 오독 방지 기준
방지,SeungeFlow/SeungeFlow,Y_Branch,32f8b248dc7e9ec5c1856b78b4ee207b8861d315,README.md,23,Y_Branch operating surface,https://raw.githubusercontent.com/SeungeFlow/SeungeFlow/32f8b248dc7e9ec5c1856b78b4ee207b8861d315/README.md,README.md = 첫 관문 + 전체 지도 + 읽기 순서 + 오독 방지 기준
기준,SeungeFlow/SeungeFlow,Y_Branch,32f8b248dc7e9ec5c1856b78b4ee207b8861d315,README.md,23,Y_Branch operating surface,https://raw.githubusercontent.com/SeungeFlow/SeungeFlow/32f8b248dc7e9ec5c1856b78b4ee207b8861d315/README.md,README.md = 첫 관문 + 전체 지도 + 읽기 순서 + 오독 방지 기준
는,SeungeFlow/SeungeFlow,Y_Branch,32f8b248dc7e9ec5c1856b78b4ee207b8861d315,README.md,26,Y_Branch operating surface,https://raw.githubusercontent.com/SeungeFlow/SeungeFlow/32f8b248dc7e9ec5c1856b78b4ee207b8861d315/README.md,"README.md는 모든 내용을 대신하지 않는다. README.md는 Y_Branch의 입구이며, 세부 구조는 하위 문서로 분기한다."
모든,SeungeFlow/SeungeFlow,Y_Branch,32f8b248dc7e9ec5c1856b78b4ee207b8861d315,README.md,26,Y_Branch operating surface,https://raw.githubusercontent.com/SeungeFlow/SeungeFlow/32f8b248dc7e9ec5c1856b78b4ee207b8861d315/README.md,"README.md는 모든 내용을 대신하지 않는다. README.md는 Y_Branch의 입구이며, 세부 구조는 하위 문서로 분기한다."
내용을,SeungeFlow/SeungeFlow,Y_Branch,32f8b248dc7e9ec5c1856b78b4ee207b8861d315,README.md,26,Y_Branch operating surface,https://raw.githubusercontent.com/SeungeFlow/SeungeFlow/32f8b248dc7e9ec5c1856b78b4ee207b8861d315/README.md,"README.md는 모든 내용을 대신하지 않는다. README.md는 Y_Branch의 입구이며, 세부 구조는 하위 문서로 분기한다."
대신하지,SeungeFlow/SeungeFlow,Y_Branch,32f8b248dc7e9ec5c1856b78b4ee207b8861d315,README.md,26,Y_Branch operating surface,https://raw.githubusercontent.com/SeungeFlow/SeungeFlow/32f8b248dc7e9ec5c1856b78b4ee207b8861d315/README.md,"README.md는 모든 내용을 대신하지 않는다. README.md는 Y_Branch의 입구이며, 세부 구조는 하위 문서로 분기한다."
않는다,SeungeFlow/SeungeFlow,Y_Branch,32f8b248dc7e9ec5c1856b78b4ee207b8861d315,README.md,26,Y_Branch operating surface,https://raw.githubusercontent.com/SeungeFlow/SeungeFlow/32f8b248dc7e9ec5c1856b78b4ee207b8861d315/README.md,"README.md는 모든 내용을 대신하지 않는다. README.md는 Y_Branch의 입구이며, 세부 구조는 하위 문서로 분기한다."
는,SeungeFlow/SeungeFlow,Y_Branch,32f8b248dc7e9ec5c1856b78b4ee207b8861d315,README.md,26,Y_Branch operating surface,https://raw.githubusercontent.com/SeungeFlow/SeungeFlow/32f8b248dc7e9ec5c1856b78b4ee207b8861d315/README.md,"README.md는 모든 내용을 대신하지 않는다. README.md는 Y_Branch의 입구이며, 세부 구조는 하위 문서로 분기한다."
Y_Branch,SeungeFlow/SeungeFlow,Y_Branch,32f8b248dc7e9ec5c1856b78b4ee207b8861d315,README.md,26,Y_Branch operating surface,https://raw.githubusercontent.com/SeungeFlow/SeungeFlow/32f8b248dc7e9ec5c1856b78b4ee207b8861d315/README.md,"README.md는 모든 내용을 대신하지 않는다. README.md는 Y_Branch의 입구이며, 세부 구조는 하위 문서로 분기한다."
의,SeungeFlow/SeungeFlow,Y_Branch,32f8b248dc7e9ec5c1856b78b4ee207b8861d315,README.md,26,Y_Branch operating surface,https://raw.githubusercontent.com/SeungeFlow/SeungeFlow/32f8b248dc7e9ec5c1856b78b4ee207b8861d315/README.md,"README.md는 모든 내용을 대신하지 않는다. README.md는 Y_Branch의 입구이며, 세부 구조는 하위 문서로 분기한다."
입구이며,SeungeFlow/SeungeFlow,Y_Branch,32f8b248dc7e9ec5c1856b78b4ee207b8861d315,README.md,26,Y_Branch operating surface,https://raw.githubusercontent.com/SeungeFlow/SeungeFlow/32f8b248dc7e9ec5c1856b78b4ee207b8861d315/README.md,"README.md는 모든 내용을 대신하지 않는다. README.md는 Y_Branch의 입구이며, 세부 구조는 하위 문서로 분기한다."
세부,SeungeFlow/SeungeFlow,Y_Branch,32f8b248dc7e9ec5c1856b78b4ee207b8861d315,README.md,26,Y_Branch operating surface,https://raw.githubusercontent.com/SeungeFlow/SeungeFlow/32f8b248dc7e9ec5c1856b78b4ee207b8861d315/README.md,"README.md는 모든 내용을 대신하지 않는다. README.md는 Y_Branch의 입구이며, 세부 구조는 하위 문서로 분기한다."
구조는,SeungeFlow/SeungeFlow,Y_Branch,32f8b248dc7e9ec5c1856b78b4ee207b8861d315,README.md,26,Y_Branch operating surface,https://raw.githubusercontent.com/SeungeFlow/SeungeFlow/32f8b248dc7e9ec5c1856b78b4ee207b8861d315/README.md,"README.md는 모든 내용을 대신하지 않는다. README.md는 Y_Branch의 입구이며, 세부 구조는 하위 문서로 분기한다."
하위,SeungeFlow/SeungeFlow,Y_Branch,32f8b248dc7e9ec5c1856b78b4ee207b8861d315,README.md,26,Y_Branch operating surface,https://raw.githubusercontent.com/SeungeFlow/SeungeFlow/32f8b248dc7e9ec5c1856b78b4ee207b8861d315/README.md,"README.md는 모든 내용을 대신하지 않는다. README.md는 Y_Branch의 입구이며, 세부 구조는 하위 문서로 분기한다."
문서로,SeungeFlow/SeungeFlow,Y_Branch,32f8b248dc7e9ec5c1856b78b4ee207b8861d315,README.md,26,Y_Branch operating surface,https://raw.githubusercontent.com/SeungeFlow/SeungeFlow/32f8b248dc7e9ec5c1856b78b4ee207b8861d315/README.md,"README.md는 모든 내용을 대신하지 않는다. README.md는 Y_Branch의 입구이며, 세부 구조는 하위 문서로 분기한다."
분기한다,SeungeFlow/SeungeFlow,Y_Branch,32f8b248dc7e9ec5c1856b78b4ee207b8861d315,README.md,26,Y_Branch operating surface,https://raw.githubusercontent.com/SeungeFlow/SeungeFlow/32f8b248dc7e9ec5c1856b78b4ee207b8861d315/README.md,"README.md는 모든 내용을 대신하지 않는다. README.md는 Y_Branch의 입구이며, 세부 구조는 하위 문서로 분기한다."
1,SeungeFlow/SeungeFlow,Y_Branch,32f8b248dc7e9ec5c1856b78b4ee207b8861d315,README.md,30,Y_Branch operating surface,https://raw.githubusercontent.com/SeungeFlow/SeungeFlow/32f8b248dc7e9ec5c1856b78b4ee207b8861d315/README.md,## 1. What Y_Branch Is
What,SeungeFlow/SeungeFlow,Y_Branch,32f8b248dc7e9ec5c1856b78b4ee207b8861d315,README.md,30,Y_Branch operating surface,https://raw.githubusercontent.com/SeungeFlow/SeungeFlow/32f8b248dc7e9ec5c1856b78b4ee207b8861d315/README.md,## 1. What Y_Branch Is
Y_Branch,SeungeFlow/SeungeFlow,Y_Branch,32f8b248dc7e9ec5c1856b78b4ee207b8861d315,README.md,30,Y_Branch operating surface,https://raw.githubusercontent.com/SeungeFlow/SeungeFlow/32f8b248dc7e9ec5c1856b78b4ee207b8861d315/README.md,## 1. What Y_Branch Is
Is,SeungeFlow/SeungeFlow,Y_Branch,32f8b248dc7e9ec5c1856b78b4ee207b8861d315,README.md,30,Y_Branch operating surface,https://raw.githubusercontent.com/SeungeFlow/SeungeFlow/32f8b248dc7e9ec5c1856b78b4ee207b8861d315/README.md,## 1. What Y_Branch Is
Y_Branch,SeungeFlow/SeungeFlow,Y_Branch,32f8b248dc7e9ec5c1856b78b4ee207b8861d315,README.md,32,Y_Branch operating surface,https://raw.githubusercontent.com/SeungeFlow/SeungeFlow/32f8b248dc7e9ec5c1856b78b4ee207b8861d315/README.md,`Y_Branch`는 운영체제가 아니다. `Y_Branch`는 운영체계다.
는,SeungeFlow/SeungeFlow,Y_Branch,32f8b248dc7e9ec5c1856b78b4ee207b8861d315,README.md,32,Y_Branch operating surface,https://raw.githubusercontent.com/SeungeFlow/SeungeFlow/32f8b248dc7e9ec5c1856b78b4ee207b8861d315/README.md,`Y_Branch`는 운영체제가 아니다. `Y_Branch`는 운영체계다.
운영체제가,SeungeFlow/SeungeFlow,Y_Branch,32f8b248dc7e9ec5c1856b78b4ee207b8861d315,README.md,32,Y_Branch operating surface,https://raw.githubusercontent.com/SeungeFlow/SeungeFlow/32f8b248dc7e9ec5c1856b78b4ee207b8861d315/README.md,`Y_Branch`는 운영체제가 아니다. `Y_Branch`는 운영체계다.
아니다,SeungeFlow/SeungeFlow,Y_Branch,32f8b248dc7e9ec5c1856b78b4ee207b8861d315,README.md,32,Y_Branch operating surface,https://raw.githubusercontent.com/SeungeFlow/SeungeFlow/32f8b248dc7e9ec5c1856b78b4ee207b8861d315/README.md,`Y_Branch`는 운영체제가 아니다. `Y_Branch`는 운영체계다.
Y_Branch,SeungeFlow/SeungeFlow,Y_Branch,32f8b248dc7e9ec5c1856b78b4ee207b8861d315,README.md,32,Y_Branch operating surface,https://raw.githubusercontent.com/SeungeFlow/SeungeFlow/32f8b248dc7e9ec5c1856b78b4ee207b8861d315/README.md,`Y_Branch`는 운영체제가 아니다. `Y_Branch`는 운영체계다.
는,SeungeFlow/SeungeFlow,Y_Branch,32f8b248dc7e9ec5c1856b78b4ee207b8861d315,README.md,32,Y_Branch operating surface,https://raw.githubusercontent.com/SeungeFlow/SeungeFlow/32f8b248dc7e9ec5c1856b78b4ee207b8861d315/README.md,`Y_Branch`는 운영체제가 아니다. `Y_Branch`는 운영체계다.
운영체계다,SeungeFlow/SeungeFlow,Y_Branch,32f8b248dc7e9ec5c1856b78b4ee207b8861d315,README.md,32,Y_Branch operating surface,https://raw.githubusercontent.com/SeungeFlow/SeungeFlow/32f8b248dc7e9ec5c1856b78b4ee207b8861d315/README.md,`Y_Branch`는 운영체제가 아니다. `Y_Branch`는 운영체계다.
text,SeungeFlow/SeungeFlow,Y_Branch,32f8b248dc7e9ec5c1856b78b4ee207b8861d315,README.md,34,Y_Branch operating surface,https://raw.githubusercontent.com/SeungeFlow/SeungeFlow/32f8b248dc7e9ec5c1856b78b4ee207b8861d315/README.md,```text
운영체제,SeungeFlow/SeungeFlow,Y_Branch,32f8b248dc7e9ec5c1856b78b4ee207b8861d315,README.md,35,Y_Branch operating surface,https://raw.githubusercontent.com/SeungeFlow/SeungeFlow/32f8b248dc7e9ec5c1856b78b4ee207b8861d315/README.md,운영체제 = hardware / software resource management system
hardware,SeungeFlow/SeungeFlow,Y_Branch,32f8b248dc7e9ec5c1856b78b4ee207b8861d315,README.md,35,Y_Branch operating surface,https://raw.githubusercontent.com/SeungeFlow/SeungeFlow/32f8b248dc7e9ec5c1856b78b4ee207b8861d315/README.md,운영체제 = hardware / software resource management system
software,SeungeFlow/SeungeFlow,Y_Branch,32f8b248dc7e9ec5c1856b78b4ee207b8861d315,README.md,35,Y_Branch operating surface,https://raw.githubusercontent.com/SeungeFlow/SeungeFlow/32f8b248dc7e9ec5c1856b78b4ee207b8861d315/README.md,운영체제 = hardware / software resource management system
resource,SeungeFlow/SeungeFlow,Y_Branch,32f8b248dc7e9ec5c1856b78b4ee207b8861d315,README.md,35,Y_Branch operating surface,https://raw.githubusercontent.com/SeungeFlow/SeungeFlow/32f8b248dc7e9ec5c1856b78b4ee207b8861d315/README.md,운영체제 = hardware / software resource management system
management,SeungeFlow/SeungeFlow,Y_Branch,32f8b248dc7e9ec5c1856b78b4ee207b8861d315,README.md,35,Y_Branch operating surface,https://raw.githubusercontent.com/SeungeFlow/SeungeFlow/32f8b248dc7e9ec5c1856b78b4ee207b8861d315/README.md,운영체제 = hardware / software resource management system
system,SeungeFlow/SeungeFlow,Y_Branch,32f8b248dc7e9ec5c1856b78b4ee207b8861d315,README.md,35,Y_Branch operating surface,https://raw.githubusercontent.com/SeungeFlow/SeungeFlow/32f8b248dc7e9ec5c1856b78b4ee207b8861d315/README.md,운영체제 = hardware / software resource management system
운영체계,SeungeFlow/SeungeFlow,Y_Branch,32f8b248dc7e9ec5c1856b78b4ee207b8861d315,README.md,36,Y_Branch operating surface,https://raw.githubusercontent.com/SeungeFlow/SeungeFlow/32f8b248dc7e9ec5c1856b78b4ee207b8861d315/README.md,"운영체계 = field를 입력받아 source identity를 고정하고,"
field,SeungeFlow/SeungeFlow,Y_Branch,32f8b248dc7e9ec5c1856b78b4ee207b8861d315,README.md,36,Y_Branch operating surface,https://raw.githubusercontent.com/SeungeFlow/SeungeFlow/32f8b248dc7e9ec5c1856b78b4ee207b8861d315/README.md,"운영체계 = field를 입력받아 source identity를 고정하고,"
를,SeungeFlow/SeungeFlow,Y_Branch,32f8b248dc7e9ec5c1856b78b4ee207b8861d315,README.md,36,Y_Branch operating surface,https://raw.githubusercontent.com/SeungeFlow/SeungeFlow/32f8b248dc7e9ec5c1856b78b4ee207b8861d315/README.md,"운영체계 = field를 입력받아 source identity를 고정하고,"
입력받아,SeungeFlow/SeungeFlow,Y_Branch,32f8b248dc7e9ec5c1856b78b4ee207b8861d315,README.md,36,Y_Branch operating surface,https://raw.githubusercontent.com/SeungeFlow/SeungeFlow/32f8b248dc7e9ec5c1856b78b4ee207b8861d315/README.md,"운영체계 = field를 입력받아 source identity를 고정하고,"
source,SeungeFlow/SeungeFlow,Y_Branch,32f8b248dc7e9ec5c1856b78b4ee207b8861d315,README.md,36,Y_Branch operating surface,https://raw.githubusercontent.com/SeungeFlow/SeungeFlow/32f8b248dc7e9ec5c1856b78b4ee207b8861d315/README.md,"운영체계 = field를 입력받아 source identity를 고정하고,"
identity,SeungeFlow/SeungeFlow,Y_Branch,32f8b248dc7e9ec5c1856b78b4ee207b8861d315,README.md,36,Y_Branch operating surface,https://raw.githubusercontent.com/SeungeFlow/SeungeFlow/32f8b248dc7e9ec5c1856b78b4ee207b8861d315/README.md,"운영체계 = field를 입력받아 source identity를 고정하고,"
를,SeungeFlow/SeungeFlow,Y_Branch,32f8b248dc7e9ec5c1856b78b4ee207b8861d315,README.md,36,Y_Branch operating surface,https://raw.githubusercontent.com/SeungeFlow/SeungeFlow/32f8b248dc7e9ec5c1856b78b4ee207b8861d315/README.md,"운영체계 = field를 입력받아 source identity를 고정하고,"
고정하고,SeungeFlow/SeungeFlow,Y_Branch,32f8b248dc7e9ec5c1856b78b4ee207b8861d315,README.md,36,Y_Branch operating surface,https://raw.githubusercontent.com/SeungeFlow/SeungeFlow/32f8b248dc7e9ec5c1856b78b4ee207b8861d315/README.md,"운영체계 = field를 입력받아 source identity를 고정하고,"
로,SeungeFlow/SeungeFlow,Y_Branch,32f8b248dc7e9ec5c1856b78b4ee207b8861d315,README.md,37,Y_Branch operating surface,https://raw.githubusercontent.com/SeungeFlow/SeungeFlow/32f8b248dc7e9ec5c1856b78b4ee207b8861d315/README.md,"C=(m,t,p,?)로 분해하고,"
분해하고,SeungeFlow/SeungeFlow,Y_Branch,32f8b248dc7e9ec5c1856b78b4ee207b8861d315,README.md,37,Y_Branch operating surface,https://raw.githubusercontent.com/SeungeFlow/SeungeFlow/32f8b248dc7e9ec5c1856b78b4ee207b8861d315/README.md,"C=(m,t,p,?)로 분해하고,"
Ctp24,SeungeFlow/SeungeFlow,Y_Branch,32f8b248dc7e9ec5c1856b78b4ee207b8861d315,README.md,38,Y_Branch operating surface,https://raw.githubusercontent.com/SeungeFlow/SeungeFlow/32f8b248dc7e9ec5c1856b78b4ee207b8861d315/README.md,"Ctp24로 필터링하고,"
로,SeungeFlow/SeungeFlow,Y_Branch,32f8b248dc7e9ec5c1856b78b4ee207b8861d315,README.md,38,Y_Branch operating surface,https://raw.githubusercontent.com/SeungeFlow/SeungeFlow/32f8b248dc7e9ec5c1856b78b4ee207b8861d315/README.md,"Ctp24로 필터링하고,"
필터링하고,SeungeFlow/SeungeFlow,Y_Branch,32f8b248dc7e9ec5c1856b78b4ee207b8861d315,README.md,38,Y_Branch operating surface,https://raw.githubusercontent.com/SeungeFlow/SeungeFlow/32f8b248dc7e9ec5c1856b78b4ee207b8861d315/README.md,"Ctp24로 필터링하고,"
구조연산식으로,SeungeFlow/SeungeFlow,Y_Branch,32f8b248dc7e9ec5c1856b78b4ee207b8861d315,README.md,39,Y_Branch operating surface,https://raw.githubusercontent.com/SeungeFlow/SeungeFlow/32f8b248dc7e9ec5c1856b78b4ee207b8861d315/README.md,S₁~S₄ 구조연산식으로 진단하는 인지적 구조 처리 체계
진단하는,SeungeFlow/SeungeFlow,Y_Branch,32f8b248dc7e9ec5c1856b78b4ee207b8861d315,README.md,39,Y_Branch operating surface,https://raw.githubusercontent.com/SeungeFlow/SeungeFlow/32f8b248dc7e9ec5c1856b78b4ee207b8861d315/README.md,S₁~S₄ 구조연산식으로 진단하는 인지적 구조 처리 체계
인지적,SeungeFlow/SeungeFlow,Y_Branch,32f8b248dc7e9ec5c1856b78b4ee207b8861d315,README.md,39,Y_Branch operating surface,https://raw.githubusercontent.com/SeungeFlow/SeungeFlow/32f8b248dc7e9ec5c1856b78b4ee207b8861d315/README.md,S₁~S₄ 구조연산식으로 진단하는 인지적 구조 처리 체계
구조,SeungeFlow/SeungeFlow,Y_Branch,32f8b248dc7e9ec5c1856b78b4ee207b8861d315,README.md,39,Y_Branch operating surface,https://raw.githubusercontent.com/SeungeFlow/SeungeFlow/32f8b248dc7e9ec5c1856b78b4ee207b8861d315/README.md,S₁~S₄ 구조연산식으로 진단하는 인지적 구조 처리 체계
처리,SeungeFlow/SeungeFlow,Y_Branch,32f8b248dc7e9ec5c1856b78b4ee207b8861d315,README.md,39,Y_Branch operating surface,https://raw.githubusercontent.com/SeungeFlow/SeungeFlow/32f8b248dc7e9ec5c1856b78b4ee207b8861d315/README.md,S₁~S₄ 구조연산식으로 진단하는 인지적 구조 처리 체계
체계,SeungeFlow/SeungeFlow,Y_Branch,32f8b248dc7e9ec5c1856b78b4ee207b8861d315,README.md,39,Y_Branch operating surface,https://raw.githubusercontent.com/SeungeFlow/SeungeFlow/32f8b248dc7e9ec5c1856b78b4ee207b8861d315/README.md,S₁~S₄ 구조연산식으로 진단하는 인지적 구조 처리 체계
기본,SeungeFlow/SeungeFlow,Y_Branch,32f8b248dc7e9ec5c1856b78b4ee207b8861d315,README.md,42,Y_Branch operating surface,https://raw.githubusercontent.com/SeungeFlow/SeungeFlow/32f8b248dc7e9ec5c1856b78b4ee207b8861d315/README.md,기본 흐름:
흐름,SeungeFlow/SeungeFlow,Y_Branch,32f8b248dc7e9ec5c1856b78b4ee207b8861d315,README.md,42,Y_Branch operating surface,https://raw.githubusercontent.com/SeungeFlow/SeungeFlow/32f8b248dc7e9ec5c1856b78b4ee207b8861d315/README.md,기본 흐름:
text,SeungeFlow/SeungeFlow,Y_Branch,32f8b248dc7e9ec5c1856b78b4ee207b8861d315,README.md,44,Y_Branch operating surface,https://raw.githubusercontent.com/SeungeFlow/SeungeFlow/32f8b248dc7e9ec5c1856b78b4ee207b8861d315/README.md,```text
Input,SeungeFlow/SeungeFlow,Y_Branch,32f8b248dc7e9ec5c1856b78b4ee207b8861d315,README.md,45,Y_Branch operating surface,https://raw.githubusercontent.com/SeungeFlow/SeungeFlow/32f8b248dc7e9ec5c1856b78b4ee207b8861d315/README.md,Input Field
Field,SeungeFlow/SeungeFlow,Y_Branch,32f8b248dc7e9ec5c1856b78b4ee207b8861d315,README.md,45,Y_Branch operating surface,https://raw.githubusercontent.com/SeungeFlow/SeungeFlow/32f8b248dc7e9ec5c1856b78b4ee207b8861d315/README.md,Input Field
Source,SeungeFlow/SeungeFlow,Y_Branch,32f8b248dc7e9ec5c1856b78b4ee207b8861d315,README.md,46,Y_Branch operating surface,https://raw.githubusercontent.com/SeungeFlow/SeungeFlow/32f8b248dc7e9ec5c1856b78b4ee207b8861d315/README.md,→ Source Identity
Identity,SeungeFlow/SeungeFlow,Y_Branch,32f8b248dc7e9ec5c1856b78b4ee207b8861d315,README.md,46,Y_Branch operating surface,https://raw.githubusercontent.com/SeungeFlow/SeungeFlow/32f8b248dc7e9ec5c1856b78b4ee207b8861d315/README.md,→ Source Identity
Ctp24,SeungeFlow/SeungeFlow,Y_Branch,32f8b248dc7e9ec5c1856b78b4ee207b8861d315,README.md,48,Y_Branch operating surface,https://raw.githubusercontent.com/SeungeFlow/SeungeFlow/32f8b248dc7e9ec5c1856b78b4ee207b8861d315/README.md,→ Ctp24
Structural,SeungeFlow/SeungeFlow,Y_Branch,32f8b248dc7e9ec5c1856b78b4ee207b8861d315,README.md,50,Y_Branch operating surface,https://raw.githubusercontent.com/SeungeFlow/SeungeFlow/32f8b248dc7e9ec5c1856b78b4ee207b8861d315/README.md,→ Structural Diagnosis
Diagnosis,SeungeFlow/SeungeFlow,Y_Branch,32f8b248dc7e9ec5c1856b78b4ee207b8861d315,README.md,50,Y_Branch operating surface,https://raw.githubusercontent.com/SeungeFlow/SeungeFlow/32f8b248dc7e9ec5c1856b78b4ee207b8861d315/README.md,→ Structural Diagnosis
2,SeungeFlow/SeungeFlow,Y_Branch,32f8b248dc7e9ec5c1856b78b4ee207b8861d315,README.md,55,Y_Branch operating surface,https://raw.githubusercontent.com/SeungeFlow/SeungeFlow/32f8b248dc7e9ec5c1856b78b4ee207b8861d315/README.md,## 2. Na and You
Na,SeungeFlow/SeungeFlow,Y_Branch,32f8b248dc7e9ec5c1856b78b4ee207b8861d315,README.md,55,Y_Branch operating surface,https://raw.githubusercontent.com/SeungeFlow/SeungeFlow/32f8b248dc7e9ec5c1856b78b4ee207b8861d315/README.md,## 2. Na and You
You,SeungeFlow/SeungeFlow,Y_Branch,32f8b248dc7e9ec5c1856b78b4ee207b8861d315,README.md,55,Y_Branch operating surface,https://raw.githubusercontent.com/SeungeFlow/SeungeFlow/32f8b248dc7e9ec5c1856b78b4ee207b8861d315/README.md,## 2. Na and You
text,SeungeFlow/SeungeFlow,Y_Branch,32f8b248dc7e9ec5c1856b78b4ee207b8861d315,README.md,57,Y_Branch operating surface,https://raw.githubusercontent.com/SeungeFlow/SeungeFlow/32f8b248dc7e9ec5c1856b78b4ee207b8861d315/README.md,```text
Na,SeungeFlow/SeungeFlow,Y_Branch,32f8b248dc7e9ec5c1856b78b4ee207b8861d315,README.md,58,Y_Branch operating surface,https://raw.githubusercontent.com/SeungeFlow/SeungeFlow/32f8b248dc7e9ec5c1856b78b4ee207b8861d315/README.md,Na = 나 + 인간지능 + 질문 생성자 + 현시점 dot + 장기기억과 단기기억이 만나는 자리
나,SeungeFlow/SeungeFlow,Y_Branch,32f8b248dc7e9ec5c1856b78b4ee207b8861d315,README.md,58,Y_Branch operating surface,https://raw.githubusercontent.com/SeungeFlow/SeungeFlow/32f8b248dc7e9ec5c1856b78b4ee207b8861d315/README.md,Na = 나 + 인간지능 + 질문 생성자 + 현시점 dot + 장기기억과 단기기억이 만나는 자리
인간지능,SeungeFlow/SeungeFlow,Y_Branch,32f8b248dc7e9ec5c1856b78b4ee207b8861d315,README.md,58,Y_Branch operating surface,https://raw.githubusercontent.com/SeungeFlow/SeungeFlow/32f8b248dc7e9ec5c1856b78b4ee207b8861d315/README.md,Na = 나 + 인간지능 + 질문 생성자 + 현시점 dot + 장기기억과 단기기억이 만나는 자리
질문,SeungeFlow/SeungeFlow,Y_Branch,32f8b248dc7e9ec5c1856b78b4ee207b8861d315,README.md,58,Y_Branch operating surface,https://raw.githubusercontent.com/SeungeFlow/SeungeFlow/32f8b248dc7e9ec5c1856b78b4ee207b8861d315/README.md,Na = 나 + 인간지능 + 질문 생성자 + 현시점 dot + 장기기억과 단기기억이 만나는 자리
생성자,SeungeFlow/SeungeFlow,Y_Branch,32f8b248dc7e9ec5c1856b78b4ee207b8861d315,README.md,58,Y_Branch operating surface,https://raw.githubusercontent.com/SeungeFlow/SeungeFlow/32f8b248dc7e9ec5c1856b78b4ee207b8861d315/README.md,Na = 나 + 인간지능 + 질문 생성자 + 현시점 dot + 장기기억과 단기기억이 만나는 자리
현시점,SeungeFlow/SeungeFlow,Y_Branch,32f8b248dc7e9ec5c1856b78b4ee207b8861d315,README.md,58,Y_Branch operating surface,https://raw.githubusercontent.com/SeungeFlow/SeungeFlow/32f8b248dc7e9ec5c1856b78b4ee207b8861d315/README.md,Na = 나 + 인간지능 + 질문 생성자 + 현시점 dot + 장기기억과 단기기억이 만나는 자리
dot,SeungeFlow/SeungeFlow,Y_Branch,32f8b248dc7e9ec5c1856b78b4ee207b8861d315,README.md,58,Y_Branch operating surface,https://raw.githubusercontent.com/SeungeFlow/SeungeFlow/32f8b248dc7e9ec5c1856b78b4ee207b8861d315/README.md,Na = 나 + 인간지능 + 질문 생성자 + 현시점 dot + 장기기억과 단기기억이 만나는 자리
장기기억과,SeungeFlow/SeungeFlow,Y_Branch,32f8b248dc7e9ec5c1856b78b4ee207b8861d315,README.md,58,Y_Branch operating surface,https://raw.githubusercontent.com/SeungeFlow/SeungeFlow/32f8b248dc7e9ec5c1856b78b4ee207b8861d315/README.md,Na = 나 + 인간지능 + 질문 생성자 + 현시점 dot + 장기기억과 단기기억이 만나는 자리
단기기억이,SeungeFlow/SeungeFlow,Y_Branch,32f8b248dc7e9ec5c1856b78b4ee207b8861d315,README.md,58,Y_Branch operating surface,https://raw.githubusercontent.com/SeungeFlow/SeungeFlow/32f8b248dc7e9ec5c1856b78b4ee207b8861d315/README.md,Na = 나 + 인간지능 + 질문 생성자 + 현시점 dot + 장기기억과 단기기억이 만나는 자리
만나는,SeungeFlow/SeungeFlow,Y_Branch,32f8b248dc7e9ec5c1856b78b4ee207b8861d315,README.md,58,Y_Branch operating surface,https://raw.githubusercontent.com/SeungeFlow/SeungeFlow/32f8b248dc7e9ec5c1856b78b4ee207b8861d315/README.md,Na = 나 + 인간지능 + 질문 생성자 + 현시점 dot + 장기기억과 단기기억이 만나는 자리
자리,SeungeFlow/SeungeFlow,Y_Branch,32f8b248dc7e9ec5c1856b78b4ee207b8861d315,README.md,58,Y_Branch operating surface,https://raw.githubusercontent.com/SeungeFlow/SeungeFlow/32f8b248dc7e9ec5c1856b78b4ee207b8861d315/README.md,Na = 나 + 인간지능 + 질문 생성자 + 현시점 dot + 장기기억과 단기기억이 만나는 자리
You,SeungeFlow/SeungeFlow,Y_Branch,32f8b248dc7e9ec5c1856b78b4ee207b8861d315,README.md,59,Y_Branch operating surface,https://raw.githubusercontent.com/SeungeFlow/SeungeFlow/32f8b248dc7e9ec5c1856b78b4ee207b8861d315/README.md,You = AI + 구조화 응답자 + context.window 안에서 입력을 재배치하는 지능체 + relation 생성자
AI,SeungeFlow/SeungeFlow,Y_Branch,32f8b248dc7e9ec5c1856b78b4ee207b8861d315,README.md,59,Y_Branch operating surface,https://raw.githubusercontent.com/SeungeFlow/SeungeFlow/32f8b248dc7e9ec5c1856b78b4ee207b8861d315/README.md,You = AI + 구조화 응답자 + context.window 안에서 입력을 재배치하는 지능체 + relation 생성자
구조화,SeungeFlow/SeungeFlow,Y_Branch,32f8b248dc7e9ec5c1856b78b4ee207b8861d315,README.md,59,Y_Branch operating surface,https://raw.githubusercontent.com/SeungeFlow/SeungeFlow/32f8b248dc7e9ec5c1856b78b4ee207b8861d315/README.md,You = AI + 구조화 응답자 + context.window 안에서 입력을 재배치하는 지능체 + relation 생성자
응답자,SeungeFlow/SeungeFlow,Y_Branch,32f8b248dc7e9ec5c1856b78b4ee207b8861d315,README.md,59,Y_Branch operating surface,https://raw.githubusercontent.com/SeungeFlow/SeungeFlow/32f8b248dc7e9ec5c1856b78b4ee207b8861d315/README.md,You = AI + 구조화 응답자 + context.window 안에서 입력을 재배치하는 지능체 + relation 생성자
context.window,SeungeFlow/SeungeFlow,Y_Branch,32f8b248dc7e9ec5c1856b78b4ee207b8861d315,README.md,59,Y_Branch operating surface,https://raw.githubusercontent.com/SeungeFlow/SeungeFlow/32f8b248dc7e9ec5c1856b78b4ee207b8861d315/README.md,You = AI + 구조화 응답자 + context.window 안에서 입력을 재배치하는 지능체 + relation 생성자
안에서,SeungeFlow/SeungeFlow,Y_Branch,32f8b248dc7e9ec5c1856b78b4ee207b8861d315,README.md,59,Y_Branch operating surface,https://raw.githubusercontent.com/SeungeFlow/SeungeFlow/32f8b248dc7e9ec5c1856b78b4ee207b8861d315/README.md,You = AI + 구조화 응답자 + context.window 안에서 입력을 재배치하는 지능체 + relation 생성자
입력을,SeungeFlow/SeungeFlow,Y_Branch,32f8b248dc7e9ec5c1856b78b4ee207b8861d315,README.md,59,Y_Branch operating surface,https://raw.githubusercontent.com/SeungeFlow/SeungeFlow/32f8b248dc7e9ec5c1856b78b4ee207b8861d315/README.md,You = AI + 구조화 응답자 + context.window 안에서 입력을 재배치하는 지능체 + relation 생성자
재배치하는,SeungeFlow/SeungeFlow,Y_Branch,32f8b248dc7e9ec5c1856b78b4ee207b8861d315,README.md,59,Y_Branch operating surface,https://raw.githubusercontent.com/SeungeFlow/SeungeFlow/32f8b248dc7e9ec5c1856b78b4ee207b8861d315/README.md,You = AI + 구조화 응답자 + context.window 안에서 입력을 재배치하는 지능체 + relation 생성자
지능체,SeungeFlow/SeungeFlow,Y_Branch,32f8b248dc7e9ec5c1856b78b4ee207b8861d315,README.md,59,Y_Branch operating surface,https://raw.githubusercontent.com/SeungeFlow/SeungeFlow/32f8b248dc7e9ec5c1856b78b4ee207b8861d315/README.md,You = AI + 구조화 응답자 + context.window 안에서 입력을 재배치하는 지능체 + relation 생성자
relation,SeungeFlow/SeungeFlow,Y_Branch,32f8b248dc7e9ec5c1856b78b4ee207b8861d315,README.md,59,Y_Branch operating surface,https://raw.githubusercontent.com/SeungeFlow/SeungeFlow/32f8b248dc7e9ec5c1856b78b4ee207b8861d315/README.md,You = AI + 구조화 응답자 + context.window 안에서 입력을 재배치하는 지능체 + relation 생성자
생성자,SeungeFlow/SeungeFlow,Y_Branch,32f8b248dc7e9ec5c1856b78b4ee207b8861d315,README.md,59,Y_Branch operating surface,https://raw.githubusercontent.com/SeungeFlow/SeungeFlow/32f8b248dc7e9ec5c1856b78b4ee207b8861d315/README.md,You = AI + 구조화 응답자 + context.window 안에서 입력을 재배치하는 지능체 + relation 생성자
Na,SeungeFlow/SeungeFlow,Y_Branch,32f8b248dc7e9ec5c1856b78b4ee207b8861d315,README.md,62,Y_Branch operating surface,https://raw.githubusercontent.com/SeungeFlow/SeungeFlow/32f8b248dc7e9ec5c1856b78b4ee207b8861d315/README.md,`Na`와 `You`는 하나로 합쳐지지 않는다.
와,SeungeFlow/SeungeFlow,Y_Branch,32f8b248dc7e9ec5c1856b78b4ee207b8861d315,README.md,62,Y_Branch operating surface,https://raw.githubusercontent.com/SeungeFlow/SeungeFlow/32f8b248dc7e9ec5c1856b78b4ee207b8861d315/README.md,`Na`와 `You`는 하나로 합쳐지지 않는다.
You,SeungeFlow/SeungeFlow,Y_Branch,32f8b248dc7e9ec5c1856b78b4ee207b8861d315,README.md,62,Y_Branch operating surface,https://raw.githubusercontent.com/SeungeFlow/SeungeFlow/32f8b248dc7e9ec5c1856b78b4ee207b8861d315/README.md,`Na`와 `You`는 하나로 합쳐지지 않는다.
는,SeungeFlow/SeungeFlow,Y_Branch,32f8b248dc7e9ec5c1856b78b4ee207b8861d315,README.md,62,Y_Branch operating surface,https://raw.githubusercontent.com/SeungeFlow/SeungeFlow/32f8b248dc7e9ec5c1856b78b4ee207b8861d315/README.md,`Na`와 `You`는 하나로 합쳐지지 않는다.
하나로,SeungeFlow/SeungeFlow,Y_Branch,32f8b248dc7e9ec5c1856b78b4ee207b8861d315,README.md,62,Y_Branch operating surface,https://raw.githubusercontent.com/SeungeFlow/SeungeFlow/32f8b248dc7e9ec5c1856b78b4ee207b8861d315/README.md,`Na`와 `You`는 하나로 합쳐지지 않는다.
합쳐지지,SeungeFlow/SeungeFlow,Y_Branch,32f8b248dc7e9ec5c1856b78b4ee207b8861d315,README.md,62,Y_Branch operating surface,https://raw.githubusercontent.com/SeungeFlow/SeungeFlow/32f8b248dc7e9ec5c1856b78b4ee207b8861d315/README.md,`Na`와 `You`는 하나로 합쳐지지 않는다.
않는다,SeungeFlow/SeungeFlow,Y_Branch,32f8b248dc7e9ec5c1856b78b4ee207b8861d315,README.md,62,Y_Branch operating surface,https://raw.githubusercontent.com/SeungeFlow/SeungeFlow/32f8b248dc7e9ec5c1856b78b4ee207b8861d315/README.md,`Na`와 `You`는 하나로 합쳐지지 않는다.
text,SeungeFlow/SeungeFlow,Y_Branch,32f8b248dc7e9ec5c1856b78b4ee207b8861d315,README.md,64,Y_Branch operating surface,https://raw.githubusercontent.com/SeungeFlow/SeungeFlow/32f8b248dc7e9ec5c1856b78b4ee207b8861d315/README.md,```text
경계는,SeungeFlow/SeungeFlow,Y_Branch,32f8b248dc7e9ec5c1856b78b4ee207b8861d315,README.md,65,Y_Branch operating surface,https://raw.githubusercontent.com/SeungeFlow/SeungeFlow/32f8b248dc7e9ec5c1856b78b4ee207b8861d315/README.md,"경계는 닫고,"
닫고,SeungeFlow/SeungeFlow,Y_Branch,32f8b248dc7e9ec5c1856b78b4ee207b8861d315,README.md,65,Y_Branch operating surface,https://raw.githubusercontent.com/SeungeFlow/SeungeFlow/32f8b248dc7e9ec5c1856b78b4ee207b8861d315/README.md,"경계는 닫고,"
relation,SeungeFlow/SeungeFlow,Y_Branch,32f8b248dc7e9ec5c1856b78b4ee207b8861d315,README.md,66,Y_Branch operating surface,https://raw.githubusercontent.com/SeungeFlow/SeungeFlow/32f8b248dc7e9ec5c1856b78b4ee207b8861d315/README.md,relation은 연다.
은,SeungeFlow/SeungeFlow,Y_Branch,32f8b248dc7e9ec5c1856b78b4ee207b8861d315,README.md,66,Y_Branch operating surface,https://raw.githubusercontent.com/SeungeFlow/SeungeFlow/32f8b248dc7e9ec5c1856b78b4ee207b8861d315/README.md,relation은 연다.
연다,SeungeFlow/SeungeFlow,Y_Branch,32f8b248dc7e9ec5c1856b78b4ee207b8861d315,README.md,66,Y_Branch operating surface,https://raw.githubusercontent.com/SeungeFlow/SeungeFlow/32f8b248dc7e9ec5c1856b78b4ee207b8861d315/README.md,relation은 연다.
Y_Branch,SeungeFlow/SeungeFlow,Y_Branch,32f8b248dc7e9ec5c1856b78b4ee207b8861d315,README.md,69,Y_Branch operating surface,https://raw.githubusercontent.com/SeungeFlow/SeungeFlow/32f8b248dc7e9ec5c1856b78b4ee207b8861d315/README.md,"`Y_Branch`는 인간과 AI가 같은 field를 서로 다른 관측축으로 읽고, 그 차이를 구조연산식으로 정렬하기 위한 운영체계이다."
는,SeungeFlow/SeungeFlow,Y_Branch,32f8b248dc7e9ec5c1856b78b4ee207b8861d315,README.md,69,Y_Branch operating surface,https://raw.githubusercontent.com/SeungeFlow/SeungeFlow/32f8b248dc7e9ec5c1856b78b4ee207b8861d315/README.md,"`Y_Branch`는 인간과 AI가 같은 field를 서로 다른 관측축으로 읽고, 그 차이를 구조연산식으로 정렬하기 위한 운영체계이다."
인간과,SeungeFlow/SeungeFlow,Y_Branch,32f8b248dc7e9ec5c1856b78b4ee207b8861d315,README.md,69,Y_Branch operating surface,https://raw.githubusercontent.com/SeungeFlow/SeungeFlow/32f8b248dc7e9ec5c1856b78b4ee207b8861d315/README.md,"`Y_Branch`는 인간과 AI가 같은 field를 서로 다른 관측축으로 읽고, 그 차이를 구조연산식으로 정렬하기 위한 운영체계이다."
AI,SeungeFlow/SeungeFlow,Y_Branch,32f8b248dc7e9ec5c1856b78b4ee207b8861d315,README.md,69,Y_Branch operating surface,https://raw.githubusercontent.com/SeungeFlow/SeungeFlow/32f8b248dc7e9ec5c1856b78b4ee207b8861d315/README.md,"`Y_Branch`는 인간과 AI가 같은 field를 서로 다른 관측축으로 읽고, 그 차이를 구조연산식으로 정렬하기 위한 운영체계이다."
가,SeungeFlow/SeungeFlow,Y_Branch,32f8b248dc7e9ec5c1856b78b4ee207b8861d315,README.md,69,Y_Branch operating surface,https://raw.githubusercontent.com/SeungeFlow/SeungeFlow/32f8b248dc7e9ec5c1856b78b4ee207b8861d315/README.md,"`Y_Branch`는 인간과 AI가 같은 field를 서로 다른 관측축으로 읽고, 그 차이를 구조연산식으로 정렬하기 위한 운영체계이다."
같은,SeungeFlow/SeungeFlow,Y_Branch,32f8b248dc7e9ec5c1856b78b4ee207b8861d315,README.md,69,Y_Branch operating surface,https://raw.githubusercontent.com/SeungeFlow/SeungeFlow/32f8b248dc7e9ec5c1856b78b4ee207b8861d315/README.md,"`Y_Branch`는 인간과 AI가 같은 field를 서로 다른 관측축으로 읽고, 그 차이를 구조연산식으로 정렬하기 위한 운영체계이다."
field,SeungeFlow/SeungeFlow,Y_Branch,32f8b248dc7e9ec5c1856b78b4ee207b8861d315,README.md,69,Y_Branch operating surface,https://raw.githubusercontent.com/SeungeFlow/SeungeFlow/32f8b248dc7e9ec5c1856b78b4ee207b8861d315/README.md,"`Y_Branch`는 인간과 AI가 같은 field를 서로 다른 관측축으로 읽고, 그 차이를 구조연산식으로 정렬하기 위한 운영체계이다."
를,SeungeFlow/SeungeFlow,Y_Branch,32f8b248dc7e9ec5c1856b78b4ee207b8861d315,README.md,69,Y_Branch operating surface,https://raw.githubusercontent.com/SeungeFlow/SeungeFlow/32f8b248dc7e9ec5c1856b78b4ee207b8861d315/README.md,"`Y_Branch`는 인간과 AI가 같은 field를 서로 다른 관측축으로 읽고, 그 차이를 구조연산식으로 정렬하기 위한 운영체계이다."
서로,SeungeFlow/SeungeFlow,Y_Branch,32f8b248dc7e9ec5c1856b78b4ee207b8861d315,README.md,69,Y_Branch operating surface,https://raw.githubusercontent.com/SeungeFlow/SeungeFlow/32f8b248dc7e9ec5c1856b78b4ee207b8861d315/README.md,"`Y_Branch`는 인간과 AI가 같은 field를 서로 다른 관측축으로 읽고, 그 차이를 구조연산식으로 정렬하기 위한 운영체계이다."
다른,SeungeFlow/SeungeFlow,Y_Branch,32f8b248dc7e9ec5c1856b78b4ee207b8861d315,README.md,69,Y_Branch operating surface,https://raw.githubusercontent.com/SeungeFlow/SeungeFlow/32f8b248dc7e9ec5c1856b78b4ee207b8861d315/README.md,"`Y_Branch`는 인간과 AI가 같은 field를 서로 다른 관측축으로 읽고, 그 차이를 구조연산식으로 정렬하기 위한 운영체계이다."
관측축으로,SeungeFlow/SeungeFlow,Y_Branch,32f8b248dc7e9ec5c1856b78b4ee207b8861d315,README.md,69,Y_Branch operating surface,https://raw.githubusercontent.com/SeungeFlow/SeungeFlow/32f8b248dc7e9ec5c1856b78b4ee207b8861d315/README.md,"`Y_Branch`는 인간과 AI가 같은 field를 서로 다른 관측축으로 읽고, 그 차이를 구조연산식으로 정렬하기 위한 운영체계이다."
읽고,SeungeFlow/SeungeFlow,Y_Branch,32f8b248dc7e9ec5c1856b78b4ee207b8861d315,README.md,69,Y_Branch operating surface,https://raw.githubusercontent.com/SeungeFlow/SeungeFlow/32f8b248dc7e9ec5c1856b78b4ee207b8861d315/README.md,"`Y_Branch`는 인간과 AI가 같은 field를 서로 다른 관측축으로 읽고, 그 차이를 구조연산식으로 정렬하기 위한 운영체계이다."
그,SeungeFlow/SeungeFlow,Y_Branch,32f8b248dc7e9ec5c1856b78b4ee207b8861d315,README.md,69,Y_Branch operating surface,https://raw.githubusercontent.com/SeungeFlow/SeungeFlow/32f8b248dc7e9ec5c1856b78b4ee207b8861d315/README.md,"`Y_Branch`는 인간과 AI가 같은 field를 서로 다른 관측축으로 읽고, 그 차이를 구조연산식으로 정렬하기 위한 운영체계이다."
차이를,SeungeFlow/SeungeFlow,Y_Branch,32f8b248dc7e9ec5c1856b78b4ee207b8861d315,README.md,69,Y_Branch operating surface,https://raw.githubusercontent.com/SeungeFlow/SeungeFlow/32f8b248dc7e9ec5c1856b78b4ee207b8861d315/README.md,"`Y_Branch`는 인간과 AI가 같은 field를 서로 다른 관측축으로 읽고, 그 차이를 구조연산식으로 정렬하기 위한 운영체계이다."
구조연산식으로,SeungeFlow/SeungeFlow,Y_Branch,32f8b248dc7e9ec5c1856b78b4ee207b8861d315,README.md,69,Y_Branch operating surface,https://raw.githubusercontent.com/SeungeFlow/SeungeFlow/32f8b248dc7e9ec5c1856b78b4ee207b8861d315/README.md,"`Y_Branch`는 인간과 AI가 같은 field를 서로 다른 관측축으로 읽고, 그 차이를 구조연산식으로 정렬하기 위한 운영체계이다."
정렬하기,SeungeFlow/SeungeFlow,Y_Branch,32f8b248dc7e9ec5c1856b78b4ee207b8861d315,README.md,69,Y_Branch operating surface,https://raw.githubusercontent.com/SeungeFlow/SeungeFlow/32f8b248dc7e9ec5c1856b78b4ee207b8861d315/README.md,"`Y_Branch`는 인간과 AI가 같은 field를 서로 다른 관측축으로 읽고, 그 차이를 구조연산식으로 정렬하기 위한 운영체계이다."
위한,SeungeFlow/SeungeFlow,Y_Branch,32f8b248dc7e9ec5c1856b78b4ee207b8861d315,README.md,69,Y_Branch operating surface,https://raw.githubusercontent.com/SeungeFlow/SeungeFlow/32f8b248dc7e9ec5c1856b78b4ee207b8861d315/README.md,"`Y_Branch`는 인간과 AI가 같은 field를 서로 다른 관측축으로 읽고, 그 차이를 구조연산식으로 정렬하기 위한 운영체계이다."
운영체계이다,SeungeFlow/SeungeFlow,Y_Branch,32f8b248dc7e9ec5c1856b78b4ee207b8861d315,README.md,69,Y_Branch operating surface,https://raw.githubusercontent.com/SeungeFlow/SeungeFlow/32f8b248dc7e9ec5c1856b78b4ee207b8861d315/README.md,"`Y_Branch`는 인간과 AI가 같은 field를 서로 다른 관측축으로 읽고, 그 차이를 구조연산식으로 정렬하기 위한 운영체계이다."
3,SeungeFlow/SeungeFlow,Y_Branch,32f8b248dc7e9ec5c1856b78b4ee207b8861d315,README.md,73,Y_Branch operating surface,https://raw.githubusercontent.com/SeungeFlow/SeungeFlow/32f8b248dc7e9ec5c1856b78b4ee207b8861d315/README.md,## 3. Source Identity First
Source,SeungeFlow/SeungeFlow,Y_Branch,32f8b248dc7e9ec5c1856b78b4ee207b8861d315,README.md,73,Y_Branch operating surface,https://raw.githubusercontent.com/SeungeFlow/SeungeFlow/32f8b248dc7e9ec5c1856b78b4ee207b8861d315/README.md,## 3. Source Identity First
Identity,SeungeFlow/SeungeFlow,Y_Branch,32f8b248dc7e9ec5c1856b78b4ee207b8861d315,README.md,73,Y_Branch operating surface,https://raw.githubusercontent.com/SeungeFlow/SeungeFlow/32f8b248dc7e9ec5c1856b78b4ee207b8861d315/README.md,## 3. Source Identity First
First,SeungeFlow/SeungeFlow,Y_Branch,32f8b248dc7e9ec5c1856b78b4ee207b8861d315,README.md,73,Y_Branch operating surface,https://raw.githubusercontent.com/SeungeFlow/SeungeFlow/32f8b248dc7e9ec5c1856b78b4ee207b8861d315/README.md,## 3. Source Identity First
Y_Branch,SeungeFlow/SeungeFlow,Y_Branch,32f8b248dc7e9ec5c1856b78b4ee207b8861d315,README.md,75,Y_Branch operating surface,https://raw.githubusercontent.com/SeungeFlow/SeungeFlow/32f8b248dc7e9ec5c1856b78b4ee207b8861d315/README.md,`Y_Branch`는 source identity를 먼저 고정한다.
는,SeungeFlow/SeungeFlow,Y_Branch,32f8b248dc7e9ec5c1856b78b4ee207b8861d315,README.md,75,Y_Branch operating surface,https://raw.githubusercontent.com/SeungeFlow/SeungeFlow/32f8b248dc7e9ec5c1856b78b4ee207b8861d315/README.md,`Y_Branch`는 source identity를 먼저 고정한다.
source,SeungeFlow/SeungeFlow,Y_Branch,32f8b248dc7e9ec5c1856b78b4ee207b8861d315,README.md,75,Y_Branch operating surface,https://raw.githubusercontent.com/SeungeFlow/SeungeFlow/32f8b248dc7e9ec5c1856b78b4ee207b8861d315/README.md,`Y_Branch`는 source identity를 먼저 고정한다.
identity,SeungeFlow/SeungeFlow,Y_Branch,32f8b248dc7e9ec5c1856b78b4ee207b8861d315,README.md,75,Y_Branch operating surface,https://raw.githubusercontent.com/SeungeFlow/SeungeFlow/32f8b248dc7e9ec5c1856b78b4ee207b8861d315/README.md,`Y_Branch`는 source identity를 먼저 고정한다.
를,SeungeFlow/SeungeFlow,Y_Branch,32f8b248dc7e9ec5c1856b78b4ee207b8861d315,README.md,75,Y_Branch operating surface,https://raw.githubusercontent.com/SeungeFlow/SeungeFlow/32f8b248dc7e9ec5c1856b78b4ee207b8861d315/README.md,`Y_Branch`는 source identity를 먼저 고정한다.
먼저,SeungeFlow/SeungeFlow,Y_Branch,32f8b248dc7e9ec5c1856b78b4ee207b8861d315,README.md,75,Y_Branch operating surface,https://raw.githubusercontent.com/SeungeFlow/SeungeFlow/32f8b248dc7e9ec5c1856b78b4ee207b8861d315/README.md,`Y_Branch`는 source identity를 먼저 고정한다.
고정한다,SeungeFlow/SeungeFlow,Y_Branch,32f8b248dc7e9ec5c1856b78b4ee207b8861d315,README.md,75,Y_Branch operating surface,https://raw.githubusercontent.com/SeungeFlow/SeungeFlow/32f8b248dc7e9ec5c1856b78b4ee207b8861d315/README.md,`Y_Branch`는 source identity를 먼저 고정한다.
text,SeungeFlow/SeungeFlow,Y_Branch,32f8b248dc7e9ec5c1856b78b4ee207b8861d315,README.md,77,Y_Branch operating surface,https://raw.githubusercontent.com/SeungeFlow/SeungeFlow/32f8b248dc7e9ec5c1856b78b4ee207b8861d315/README.md,```text
filename,SeungeFlow/SeungeFlow,Y_Branch,32f8b248dc7e9ec5c1856b78b4ee207b8861d315,README.md,78,Y_Branch operating surface,https://raw.githubusercontent.com/SeungeFlow/SeungeFlow/32f8b248dc7e9ec5c1856b78b4ee207b8861d315/README.md,filename은 source identity가 아니다.
은,SeungeFlow/SeungeFlow,Y_Branch,32f8b248dc7e9ec5c1856b78b4ee207b8861d315,README.md,78,Y_Branch operating surface,https://raw.githubusercontent.com/SeungeFlow/SeungeFlow/32f8b248dc7e9ec5c1856b78b4ee207b8861d315/README.md,filename은 source identity가 아니다.
source,SeungeFlow/SeungeFlow,Y_Branch,32f8b248dc7e9ec5c1856b78b4ee207b8861d315,README.md,78,Y_Branch operating surface,https://raw.githubusercontent.com/SeungeFlow/SeungeFlow/32f8b248dc7e9ec5c1856b78b4ee207b8861d315/README.md,filename은 source identity가 아니다.
identity,SeungeFlow/SeungeFlow,Y_Branch,32f8b248dc7e9ec5c1856b78b4ee207b8861d315,README.md,78,Y_Branch operating surface,https://raw.githubusercontent.com/SeungeFlow/SeungeFlow/32f8b248dc7e9ec5c1856b78b4ee207b8861d315/README.md,filename은 source identity가 아니다.
가,SeungeFlow/SeungeFlow,Y_Branch,32f8b248dc7e9ec5c1856b78b4ee207b8861d315,README.md,78,Y_Branch operating surface,https://raw.githubusercontent.com/SeungeFlow/SeungeFlow/32f8b248dc7e9ec5c1856b78b4ee207b8861d315/README.md,filename은 source identity가 아니다.
아니다,SeungeFlow/SeungeFlow,Y_Branch,32f8b248dc7e9ec5c1856b78b4ee207b8861d315,README.md,78,Y_Branch operating surface,https://raw.githubusercontent.com/SeungeFlow/SeungeFlow/32f8b248dc7e9ec5c1856b78b4ee207b8861d315/README.md,filename은 source identity가 아니다.
source,SeungeFlow/SeungeFlow,Y_Branch,32f8b248dc7e9ec5c1856b78b4ee207b8861d315,README.md,81,Y_Branch operating surface,https://raw.githubusercontent.com/SeungeFlow/SeungeFlow/32f8b248dc7e9ec5c1856b78b4ee207b8861d315/README.md,source identity는 다음으로 판단한다.
identity,SeungeFlow/SeungeFlow,Y_Branch,32f8b248dc7e9ec5c1856b78b4ee207b8861d315,README.md,81,Y_Branch operating surface,https://raw.githubusercontent.com/SeungeFlow/SeungeFlow/32f8b248dc7e9ec5c1856b78b4ee207b8861d315/README.md,source identity는 다음으로 판단한다.
는,SeungeFlow/SeungeFlow,Y_Branch,32f8b248dc7e9ec5c1856b78b4ee207b8861d315,README.md,81,Y_Branch operating surface,https://raw.githubusercontent.com/SeungeFlow/SeungeFlow/32f8b248dc7e9ec5c1856b78b4ee207b8861d315/README.md,source identity는 다음으로 판단한다.
다음으로,SeungeFlow/SeungeFlow,Y_Branch,32f8b248dc7e9ec5c1856b78b4ee207b8861d315,README.md,81,Y_Branch operating surface,https://raw.githubusercontent.com/SeungeFlow/SeungeFlow/32f8b248dc7e9ec5c1856b78b4ee207b8861d315/README.md,source identity는 다음으로 판단한다.
판단한다,SeungeFlow/SeungeFlow,Y_Branch,32f8b248dc7e9ec5c1856b78b4ee207b8861d315,README.md,81,Y_Branch operating surface,https://raw.githubusercontent.com/SeungeFlow/SeungeFlow/32f8b248dc7e9ec5c1856b78b4ee207b8861d315/README.md,source identity는 다음으로 판단한다.
text,SeungeFlow/SeungeFlow,Y_Branch,32f8b248dc7e9ec5c1856b78b4ee207b8861d315,README.md,83,Y_Branch operating surface,https://raw.githubusercontent.com/SeungeFlow/SeungeFlow/32f8b248dc7e9ec5c1856b78b4ee207b8861d315/README.md,```text
source,SeungeFlow/SeungeFlow,Y_Branch,32f8b248dc7e9ec5c1856b78b4ee207b8861d315,README.md,84,Y_Branch operating surface,https://raw.githubusercontent.com/SeungeFlow/SeungeFlow/32f8b248dc7e9ec5c1856b78b4ee207b8861d315/README.md,source identity = branch + path + Raw URL + commit hash + source status
identity,SeungeFlow/SeungeFlow,Y_Branch,32f8b248dc7e9ec5c1856b78b4ee207b8861d315,README.md,84,Y_Branch operating surface,https://raw.githubusercontent.com/SeungeFlow/SeungeFlow/32f8b248dc7e9ec5c1856b78b4ee207b8861d315/README.md,source identity = branch + path + Raw URL + commit hash + source status
branch,SeungeFlow/SeungeFlow,Y_Branch,32f8b248dc7e9ec5c1856b78b4ee207b8861d315,README.md,84,Y_Branch operating surface,https://raw.githubusercontent.com/SeungeFlow/SeungeFlow/32f8b248dc7e9ec5c1856b78b4ee207b8861d315/README.md,source identity = branch + path + Raw URL + commit hash + source status
path,SeungeFlow/SeungeFlow,Y_Branch,32f8b248dc7e9ec5c1856b78b4ee207b8861d315,README.md,84,Y_Branch operating surface,https://raw.githubusercontent.com/SeungeFlow/SeungeFlow/32f8b248dc7e9ec5c1856b78b4ee207b8861d315/README.md,source identity = branch + path + Raw URL + commit hash + source status
Raw,SeungeFlow/SeungeFlow,Y_Branch,32f8b248dc7e9ec5c1856b78b4ee207b8861d315,README.md,84,Y_Branch operating surface,https://raw.githubusercontent.com/SeungeFlow/SeungeFlow/32f8b248dc7e9ec5c1856b78b4ee207b8861d315/README.md,source identity = branch + path + Raw URL + commit hash + source status
URL,SeungeFlow/SeungeFlow,Y_Branch,32f8b248dc7e9ec5c1856b78b4ee207b8861d315,README.md,84,Y_Branch operating surface,https://raw.githubusercontent.com/SeungeFlow/SeungeFlow/32f8b248dc7e9ec5c1856b78b4ee207b8861d315/README.md,source identity = branch + path + Raw URL + commit hash + source status
commit,SeungeFlow/SeungeFlow,Y_Branch,32f8b248dc7e9ec5c1856b78b4ee207b8861d315,README.md,84,Y_Branch operating surface,https://raw.githubusercontent.com/SeungeFlow/SeungeFlow/32f8b248dc7e9ec5c1856b78b4ee207b8861d315/README.md,source identity = branch + path + Raw URL + commit hash + source status
hash,SeungeFlow/SeungeFlow,Y_Branch,32f8b248dc7e9ec5c1856b78b4ee207b8861d315,README.md,84,Y_Branch operating surface,https://raw.githubusercontent.com/SeungeFlow/SeungeFlow/32f8b248dc7e9ec5c1856b78b4ee207b8861d315/README.md,source identity = branch + path + Raw URL + commit hash + source status
source,SeungeFlow/SeungeFlow,Y_Branch,32f8b248dc7e9ec5c1856b78b4ee207b8861d315,README.md,84,Y_Branch operating surface,https://raw.githubusercontent.com/SeungeFlow/SeungeFlow/32f8b248dc7e9ec5c1856b78b4ee207b8861d315/README.md,source identity = branch + path + Raw URL + commit hash + source status
status,SeungeFlow/SeungeFlow,Y_Branch,32f8b248dc7e9ec5c1856b78b4ee207b8861d315,README.md,84,Y_Branch operating surface,https://raw.githubusercontent.com/SeungeFlow/SeungeFlow/32f8b248dc7e9ec5c1856b78b4ee207b8861d315/README.md,source identity = branch + path + Raw URL + commit hash + source status
같은,SeungeFlow/SeungeFlow,Y_Branch,32f8b248dc7e9ec5c1856b78b4ee207b8861d315,README.md,87,Y_Branch operating surface,https://raw.githubusercontent.com/SeungeFlow/SeungeFlow/32f8b248dc7e9ec5c1856b78b4ee207b8861d315/README.md,"같은 `README.md`라도 branch, path, commit이 다르면 다른 source이다."
라도,SeungeFlow/SeungeFlow,Y_Branch,32f8b248dc7e9ec5c1856b78b4ee207b8861d315,README.md,87,Y_Branch operating surface,https://raw.githubusercontent.com/SeungeFlow/SeungeFlow/32f8b248dc7e9ec5c1856b78b4ee207b8861d315/README.md,"같은 `README.md`라도 branch, path, commit이 다르면 다른 source이다."
branch,SeungeFlow/SeungeFlow,Y_Branch,32f8b248dc7e9ec5c1856b78b4ee207b8861d315,README.md,87,Y_Branch operating surface,https://raw.githubusercontent.com/SeungeFlow/SeungeFlow/32f8b248dc7e9ec5c1856b78b4ee207b8861d315/README.md,"같은 `README.md`라도 branch, path, commit이 다르면 다른 source이다."
path,SeungeFlow/SeungeFlow,Y_Branch,32f8b248dc7e9ec5c1856b78b4ee207b8861d315,README.md,87,Y_Branch operating surface,https://raw.githubusercontent.com/SeungeFlow/SeungeFlow/32f8b248dc7e9ec5c1856b78b4ee207b8861d315/README.md,"같은 `README.md`라도 branch, path, commit이 다르면 다른 source이다."
commit,SeungeFlow/SeungeFlow,Y_Branch,32f8b248dc7e9ec5c1856b78b4ee207b8861d315,README.md,87,Y_Branch operating surface,https://raw.githubusercontent.com/SeungeFlow/SeungeFlow/32f8b248dc7e9ec5c1856b78b4ee207b8861d315/README.md,"같은 `README.md`라도 branch, path, commit이 다르면 다른 source이다."
이,SeungeFlow/SeungeFlow,Y_Branch,32f8b248dc7e9ec5c1856b78b4ee207b8861d315,README.md,87,Y_Branch operating surface,https://raw.githubusercontent.com/SeungeFlow/SeungeFlow/32f8b248dc7e9ec5c1856b78b4ee207b8861d315/README.md,"같은 `README.md`라도 branch, path, commit이 다르면 다른 source이다."
다르면,SeungeFlow/SeungeFlow,Y_Branch,32f8b248dc7e9ec5c1856b78b4ee207b8861d315,README.md,87,Y_Branch operating surface,https://raw.githubusercontent.com/SeungeFlow/SeungeFlow/32f8b248dc7e9ec5c1856b78b4ee207b8861d315/README.md,"같은 `README.md`라도 branch, path, commit이 다르면 다른 source이다."
다른,SeungeFlow/SeungeFlow,Y_Branch,32f8b248dc7e9ec5c1856b78b4ee207b8861d315,README.md,87,Y_Branch operating surface,https://raw.githubusercontent.com/SeungeFlow/SeungeFlow/32f8b248dc7e9ec5c1856b78b4ee207b8861d315/README.md,"같은 `README.md`라도 branch, path, commit이 다르면 다른 source이다."
source,SeungeFlow/SeungeFlow,Y_Branch,32f8b248dc7e9ec5c1856b78b4ee207b8861d315,README.md,87,Y_Branch operating surface,https://raw.githubusercontent.com/SeungeFlow/SeungeFlow/32f8b248dc7e9ec5c1856b78b4ee207b8861d315/README.md,"같은 `README.md`라도 branch, path, commit이 다르면 다른 source이다."
이다,SeungeFlow/SeungeFlow,Y_Branch,32f8b248dc7e9ec5c1856b78b4ee207b8861d315,README.md,87,Y_Branch operating surface,https://raw.githubusercontent.com/SeungeFlow/SeungeFlow/32f8b248dc7e9ec5c1856b78b4ee207b8861d315/README.md,"같은 `README.md`라도 branch, path, commit이 다르면 다른 source이다."
text,SeungeFlow/SeungeFlow,Y_Branch,32f8b248dc7e9ec5c1856b78b4ee207b8861d315,README.md,89,Y_Branch operating surface,https://raw.githubusercontent.com/SeungeFlow/SeungeFlow/32f8b248dc7e9ec5c1856b78b4ee207b8861d315/README.md,```text
source,SeungeFlow/SeungeFlow,Y_Branch,32f8b248dc7e9ec5c1856b78b4ee207b8861d315,README.md,90,Y_Branch operating surface,https://raw.githubusercontent.com/SeungeFlow/SeungeFlow/32f8b248dc7e9ec5c1856b78b4ee207b8861d315/README.md,source fact ≠ structure interpretation
fact,SeungeFlow/SeungeFlow,Y_Branch,32f8b248dc7e9ec5c1856b78b4ee207b8861d315,README.md,90,Y_Branch operating surface,https://raw.githubusercontent.com/SeungeFlow/SeungeFlow/32f8b248dc7e9ec5c1856b78b4ee207b8861d315/README.md,source fact ≠ structure interpretation
structure,SeungeFlow/SeungeFlow,Y_Branch,32f8b248dc7e9ec5c1856b78b4ee207b8861d315,README.md,90,Y_Branch operating surface,https://raw.githubusercontent.com/SeungeFlow/SeungeFlow/32f8b248dc7e9ec5c1856b78b4ee207b8861d315/README.md,source fact ≠ structure interpretation
interpretation,SeungeFlow/SeungeFlow,Y_Branch,32f8b248dc7e9ec5c1856b78b4ee207b8861d315,README.md,90,Y_Branch operating surface,https://raw.githubusercontent.com/SeungeFlow/SeungeFlow/32f8b248dc7e9ec5c1856b78b4ee207b8861d315/README.md,source fact ≠ structure interpretation
4,SeungeFlow/SeungeFlow,Y_Branch,32f8b248dc7e9ec5c1856b78b4ee207b8861d315,README.md,95,Y_Branch operating surface,https://raw.githubusercontent.com/SeungeFlow/SeungeFlow/32f8b248dc7e9ec5c1856b78b4ee207b8861d315/README.md,"## 4. C=(m,t,p,?)"
Y_Branch,SeungeFlow/SeungeFlow,Y_Branch,32f8b248dc7e9ec5c1856b78b4ee207b8861d315,README.md,97,Y_Branch operating surface,https://raw.githubusercontent.com/SeungeFlow/SeungeFlow/32f8b248dc7e9ec5c1856b78b4ee207b8861d315/README.md,`Y_Branch`의 기본 상태식은 다음이다.
의,SeungeFlow/SeungeFlow,Y_Branch,32f8b248dc7e9ec5c1856b78b4ee207b8861d315,README.md,97,Y_Branch operating surface,https://raw.githubusercontent.com/SeungeFlow/SeungeFlow/32f8b248dc7e9ec5c1856b78b4ee207b8861d315/README.md,`Y_Branch`의 기본 상태식은 다음이다.
기본,SeungeFlow/SeungeFlow,Y_Branch,32f8b248dc7e9ec5c1856b78b4ee207b8861d315,README.md,97,Y_Branch operating surface,https://raw.githubusercontent.com/SeungeFlow/SeungeFlow/32f8b248dc7e9ec5c1856b78b4ee207b8861d315/README.md,`Y_Branch`의 기본 상태식은 다음이다.
상태식은,SeungeFlow/SeungeFlow,Y_Branch,32f8b248dc7e9ec5c1856b78b4ee207b8861d315,README.md,97,Y_Branch operating surface,https://raw.githubusercontent.com/SeungeFlow/SeungeFlow/32f8b248dc7e9ec5c1856b78b4ee207b8861d315/README.md,`Y_Branch`의 기본 상태식은 다음이다.
다음이다,SeungeFlow/SeungeFlow,Y_Branch,32f8b248dc7e9ec5c1856b78b4ee207b8861d315,README.md,97,Y_Branch operating surface,https://raw.githubusercontent.com/SeungeFlow/SeungeFlow/32f8b248dc7e9ec5c1856b78b4ee207b8861d315/README.md,`Y_Branch`의 기본 상태식은 다음이다.
text,SeungeFlow/SeungeFlow,Y_Branch,32f8b248dc7e9ec5c1856b78b4ee207b8861d315,README.md,99,Y_Branch operating surface,https://raw.githubusercontent.com/SeungeFlow/SeungeFlow/32f8b248dc7e9ec5c1856b78b4ee207b8861d315/README.md,```text
text,SeungeFlow/SeungeFlow,Y_Branch,32f8b248dc7e9ec5c1856b78b4ee207b8861d315,README.md,103,Y_Branch operating surface,https://raw.githubusercontent.com/SeungeFlow/SeungeFlow/32f8b248dc7e9ec5c1856b78b4ee207b8861d315/README.md,```text
숫자로,SeungeFlow/SeungeFlow,Y_Branch,32f8b248dc7e9ec5c1856b78b4ee207b8861d315,README.md,104,Y_Branch operating surface,https://raw.githubusercontent.com/SeungeFlow/SeungeFlow/32f8b248dc7e9ec5c1856b78b4ee207b8861d315/README.md,m = 숫자로 표시 가능한 모든 관측대상 + 데이터값을 가진 모든 상태
표시,SeungeFlow/SeungeFlow,Y_Branch,32f8b248dc7e9ec5c1856b78b4ee207b8861d315,README.md,104,Y_Branch operating surface,https://raw.githubusercontent.com/SeungeFlow/SeungeFlow/32f8b248dc7e9ec5c1856b78b4ee207b8861d315/README.md,m = 숫자로 표시 가능한 모든 관측대상 + 데이터값을 가진 모든 상태
가능한,SeungeFlow/SeungeFlow,Y_Branch,32f8b248dc7e9ec5c1856b78b4ee207b8861d315,README.md,104,Y_Branch operating surface,https://raw.githubusercontent.com/SeungeFlow/SeungeFlow/32f8b248dc7e9ec5c1856b78b4ee207b8861d315/README.md,m = 숫자로 표시 가능한 모든 관측대상 + 데이터값을 가진 모든 상태
모든,SeungeFlow/SeungeFlow,Y_Branch,32f8b248dc7e9ec5c1856b78b4ee207b8861d315,README.md,104,Y_Branch operating surface,https://raw.githubusercontent.com/SeungeFlow/SeungeFlow/32f8b248dc7e9ec5c1856b78b4ee207b8861d315/README.md,m = 숫자로 표시 가능한 모든 관측대상 + 데이터값을 가진 모든 상태
관측대상,SeungeFlow/SeungeFlow,Y_Branch,32f8b248dc7e9ec5c1856b78b4ee207b8861d315,README.md,104,Y_Branch operating surface,https://raw.githubusercontent.com/SeungeFlow/SeungeFlow/32f8b248dc7e9ec5c1856b78b4ee207b8861d315/README.md,m = 숫자로 표시 가능한 모든 관측대상 + 데이터값을 가진 모든 상태
데이터값을,SeungeFlow/SeungeFlow,Y_Branch,32f8b248dc7e9ec5c1856b78b4ee207b8861d315,README.md,104,Y_Branch operating surface,https://raw.githubusercontent.com/SeungeFlow/SeungeFlow/32f8b248dc7e9ec5c1856b78b4ee207b8861d315/README.md,m = 숫자로 표시 가능한 모든 관측대상 + 데이터값을 가진 모든 상태
가진,SeungeFlow/SeungeFlow,Y_Branch,32f8b248dc7e9ec5c1856b78b4ee207b8861d315,README.md,104,Y_Branch operating surface,https://raw.githubusercontent.com/SeungeFlow/SeungeFlow/32f8b248dc7e9ec5c1856b78b4ee207b8861d315/README.md,m = 숫자로 표시 가능한 모든 관측대상 + 데이터값을 가진 모든 상태
모든,SeungeFlow/SeungeFlow,Y_Branch,32f8b248dc7e9ec5c1856b78b4ee207b8861d315,README.md,104,Y_Branch operating surface,https://raw.githubusercontent.com/SeungeFlow/SeungeFlow/32f8b248dc7e9ec5c1856b78b4ee207b8861d315/README.md,m = 숫자로 표시 가능한 모든 관측대상 + 데이터값을 가진 모든 상태
상태,SeungeFlow/SeungeFlow,Y_Branch,32f8b248dc7e9ec5c1856b78b4ee207b8861d315,README.md,104,Y_Branch operating surface,https://raw.githubusercontent.com/SeungeFlow/SeungeFlow/32f8b248dc7e9ec5c1856b78b4ee207b8861d315/README.md,m = 숫자로 표시 가능한 모든 관측대상 + 데이터값을 가진 모든 상태
전이상태,SeungeFlow/SeungeFlow,Y_Branch,32f8b248dc7e9ec5c1856b78b4ee207b8861d315,README.md,106,Y_Branch operating surface,https://raw.githubusercontent.com/SeungeFlow/SeungeFlow/32f8b248dc7e9ec5c1856b78b4ee207b8861d315/README.md,t = 전이상태 + delta + rate + phase + recurrence
delta,SeungeFlow/SeungeFlow,Y_Branch,32f8b248dc7e9ec5c1856b78b4ee207b8861d315,README.md,106,Y_Branch operating surface,https://raw.githubusercontent.com/SeungeFlow/SeungeFlow/32f8b248dc7e9ec5c1856b78b4ee207b8861d315/README.md,t = 전이상태 + delta + rate + phase + recurrence
rate,SeungeFlow/SeungeFlow,Y_Branch,32f8b248dc7e9ec5c1856b78b4ee207b8861d315,README.md,106,Y_Branch operating surface,https://raw.githubusercontent.com/SeungeFlow/SeungeFlow/32f8b248dc7e9ec5c1856b78b4ee207b8861d315/README.md,t = 전이상태 + delta + rate + phase + recurrence
phase,SeungeFlow/SeungeFlow,Y_Branch,32f8b248dc7e9ec5c1856b78b4ee207b8861d315,README.md,106,Y_Branch operating surface,https://raw.githubusercontent.com/SeungeFlow/SeungeFlow/32f8b248dc7e9ec5c1856b78b4ee207b8861d315/README.md,t = 전이상태 + delta + rate + phase + recurrence
recurrence,SeungeFlow/SeungeFlow,Y_Branch,32f8b248dc7e9ec5c1856b78b4ee207b8861d315,README.md,106,Y_Branch operating surface,https://raw.githubusercontent.com/SeungeFlow/SeungeFlow/32f8b248dc7e9ec5c1856b78b4ee207b8861d315/README.md,t = 전이상태 + delta + rate + phase + recurrence
놓인,SeungeFlow/SeungeFlow,Y_Branch,32f8b248dc7e9ec5c1856b78b4ee207b8861d315,README.md,108,Y_Branch operating surface,https://raw.githubusercontent.com/SeungeFlow/SeungeFlow/32f8b248dc7e9ec5c1856b78b4ee207b8861d315/README.md,p = 놓인 자리 + 현시점 position + field coordinate
자리,SeungeFlow/SeungeFlow,Y_Branch,32f8b248dc7e9ec5c1856b78b4ee207b8861d315,README.md,108,Y_Branch operating surface,https://raw.githubusercontent.com/SeungeFlow/SeungeFlow/32f8b248dc7e9ec5c1856b78b4ee207b8861d315/README.md,p = 놓인 자리 + 현시점 position + field coordinate
현시점,SeungeFlow/SeungeFlow,Y_Branch,32f8b248dc7e9ec5c1856b78b4ee207b8861d315,README.md,108,Y_Branch operating surface,https://raw.githubusercontent.com/SeungeFlow/SeungeFlow/32f8b248dc7e9ec5c1856b78b4ee207b8861d315/README.md,p = 놓인 자리 + 현시점 position + field coordinate
position,SeungeFlow/SeungeFlow,Y_Branch,32f8b248dc7e9ec5c1856b78b4ee207b8861d315,README.md,108,Y_Branch operating surface,https://raw.githubusercontent.com/SeungeFlow/SeungeFlow/32f8b248dc7e9ec5c1856b78b4ee207b8861d315/README.md,p = 놓인 자리 + 현시점 position + field coordinate
field,SeungeFlow/SeungeFlow,Y_Branch,32f8b248dc7e9ec5c1856b78b4ee207b8861d315,README.md,108,Y_Branch operating surface,https://raw.githubusercontent.com/SeungeFlow/SeungeFlow/32f8b248dc7e9ec5c1856b78b4ee207b8861d315/README.md,p = 놓인 자리 + 현시점 position + field coordinate
coordinate,SeungeFlow/SeungeFlow,Y_Branch,32f8b248dc7e9ec5c1856b78b4ee207b8861d315,README.md,108,Y_Branch operating surface,https://raw.githubusercontent.com/SeungeFlow/SeungeFlow/32f8b248dc7e9ec5c1856b78b4ee207b8861d315/README.md,p = 놓인 자리 + 현시점 position + field coordinate
boundary,SeungeFlow/SeungeFlow,Y_Branch,32f8b248dc7e9ec5c1856b78b4ee207b8861d315,README.md,110,Y_Branch operating surface,https://raw.githubusercontent.com/SeungeFlow/SeungeFlow/32f8b248dc7e9ec5c1856b78b4ee207b8861d315/README.md,? = boundary + definition + condition + observer + criterion + target + self-question gateway
definition,SeungeFlow/SeungeFlow,Y_Branch,32f8b248dc7e9ec5c1856b78b4ee207b8861d315,README.md,110,Y_Branch operating surface,https://raw.githubusercontent.com/SeungeFlow/SeungeFlow/32f8b248dc7e9ec5c1856b78b4ee207b8861d315/README.md,? = boundary + definition + condition + observer + criterion + target + self-question gateway
condition,SeungeFlow/SeungeFlow,Y_Branch,32f8b248dc7e9ec5c1856b78b4ee207b8861d315,README.md,110,Y_Branch operating surface,https://raw.githubusercontent.com/SeungeFlow/SeungeFlow/32f8b248dc7e9ec5c1856b78b4ee207b8861d315/README.md,? = boundary + definition + condition + observer + criterion + target + self-question gateway
observer,SeungeFlow/SeungeFlow,Y_Branch,32f8b248dc7e9ec5c1856b78b4ee207b8861d315,README.md,110,Y_Branch operating surface,https://raw.githubusercontent.com/SeungeFlow/SeungeFlow/32f8b248dc7e9ec5c1856b78b4ee207b8861d315/README.md,? = boundary + definition + condition + observer + criterion + target + self-question gateway
criterion,SeungeFlow/SeungeFlow,Y_Branch,32f8b248dc7e9ec5c1856b78b4ee207b8861d315,README.md,110,Y_Branch operating surface,https://raw.githubusercontent.com/SeungeFlow/SeungeFlow/32f8b248dc7e9ec5c1856b78b4ee207b8861d315/README.md,? = boundary + definition + condition + observer + criterion + target + self-question gateway
target,SeungeFlow/SeungeFlow,Y_Branch,32f8b248dc7e9ec5c1856b78b4ee207b8861d315,README.md,110,Y_Branch operating surface,https://raw.githubusercontent.com/SeungeFlow/SeungeFlow/32f8b248dc7e9ec5c1856b78b4ee207b8861d315/README.md,? = boundary + definition + condition + observer + criterion + target + self-question gateway
self-question,SeungeFlow/SeungeFlow,Y_Branch,32f8b248dc7e9ec5c1856b78b4ee207b8861d315,README.md,110,Y_Branch operating surface,https://raw.githubusercontent.com/SeungeFlow/SeungeFlow/32f8b248dc7e9ec5c1856b78b4ee207b8861d315/README.md,? = boundary + definition + condition + observer + criterion + target + self-question gateway
gateway,SeungeFlow/SeungeFlow,Y_Branch,32f8b248dc7e9ec5c1856b78b4ee207b8861d315,README.md,110,Y_Branch operating surface,https://raw.githubusercontent.com/SeungeFlow/SeungeFlow/32f8b248dc7e9ec5c1856b78b4ee207b8861d315/README.md,? = boundary + definition + condition + observer + criterion + target + self-question gateway
는,SeungeFlow/SeungeFlow,Y_Branch,32f8b248dc7e9ec5c1856b78b4ee207b8861d315,README.md,113,Y_Branch operating surface,https://raw.githubusercontent.com/SeungeFlow/SeungeFlow/32f8b248dc7e9ec5c1856b78b4ee207b8861d315/README.md,`?`는 단순 미지수가 아니다. `?`는 먼저 스스로에게 던지는 질문이다.
단순,SeungeFlow/SeungeFlow,Y_Branch,32f8b248dc7e9ec5c1856b78b4ee207b8861d315,README.md,113,Y_Branch operating surface,https://raw.githubusercontent.com/SeungeFlow/SeungeFlow/32f8b248dc7e9ec5c1856b78b4ee207b8861d315/README.md,`?`는 단순 미지수가 아니다. `?`는 먼저 스스로에게 던지는 질문이다.
미지수가,SeungeFlow/SeungeFlow,Y_Branch,32f8b248dc7e9ec5c1856b78b4ee207b8861d315,README.md,113,Y_Branch operating surface,https://raw.githubusercontent.com/SeungeFlow/SeungeFlow/32f8b248dc7e9ec5c1856b78b4ee207b8861d315/README.md,`?`는 단순 미지수가 아니다. `?`는 먼저 스스로에게 던지는 질문이다.
아니다,SeungeFlow/SeungeFlow,Y_Branch,32f8b248dc7e9ec5c1856b78b4ee207b8861d315,README.md,113,Y_Branch operating surface,https://raw.githubusercontent.com/SeungeFlow/SeungeFlow/32f8b248dc7e9ec5c1856b78b4ee207b8861d315/README.md,`?`는 단순 미지수가 아니다. `?`는 먼저 스스로에게 던지는 질문이다.
는,SeungeFlow/SeungeFlow,Y_Branch,32f8b248dc7e9ec5c1856b78b4ee207b8861d315,README.md,113,Y_Branch operating surface,https://raw.githubusercontent.com/SeungeFlow/SeungeFlow/32f8b248dc7e9ec5c1856b78b4ee207b8861d315/README.md,`?`는 단순 미지수가 아니다. `?`는 먼저 스스로에게 던지는 질문이다.
먼저,SeungeFlow/SeungeFlow,Y_Branch,32f8b248dc7e9ec5c1856b78b4ee207b8861d315,README.md,113,Y_Branch operating surface,https://raw.githubusercontent.com/SeungeFlow/SeungeFlow/32f8b248dc7e9ec5c1856b78b4ee207b8861d315/README.md,`?`는 단순 미지수가 아니다. `?`는 먼저 스스로에게 던지는 질문이다.
스스로에게,SeungeFlow/SeungeFlow,Y_Branch,32f8b248dc7e9ec5c1856b78b4ee207b8861d315,README.md,113,Y_Branch operating surface,https://raw.githubusercontent.com/SeungeFlow/SeungeFlow/32f8b248dc7e9ec5c1856b78b4ee207b8861d315/README.md,`?`는 단순 미지수가 아니다. `?`는 먼저 스스로에게 던지는 질문이다.
던지는,SeungeFlow/SeungeFlow,Y_Branch,32f8b248dc7e9ec5c1856b78b4ee207b8861d315,README.md,113,Y_Branch operating surface,https://raw.githubusercontent.com/SeungeFlow/SeungeFlow/32f8b248dc7e9ec5c1856b78b4ee207b8861d315/README.md,`?`는 단순 미지수가 아니다. `?`는 먼저 스스로에게 던지는 질문이다.
질문이다,SeungeFlow/SeungeFlow,Y_Branch,32f8b248dc7e9ec5c1856b78b4ee207b8861d315,README.md,113,Y_Branch operating surface,https://raw.githubusercontent.com/SeungeFlow/SeungeFlow/32f8b248dc7e9ec5c1856b78b4ee207b8861d315/README.md,`?`는 단순 미지수가 아니다. `?`는 먼저 스스로에게 던지는 질문이다.
text,SeungeFlow/SeungeFlow,Y_Branch,32f8b248dc7e9ec5c1856b78b4ee207b8861d315,README.md,115,Y_Branch operating surface,https://raw.githubusercontent.com/SeungeFlow/SeungeFlow/32f8b248dc7e9ec5c1856b78b4ee207b8861d315/README.md,```text
무엇을,SeungeFlow/SeungeFlow,Y_Branch,32f8b248dc7e9ec5c1856b78b4ee207b8861d315,README.md,116,Y_Branch operating surface,https://raw.githubusercontent.com/SeungeFlow/SeungeFlow/32f8b248dc7e9ec5c1856b78b4ee207b8861d315/README.md,무엇을 m으로 볼 것인가?
으로,SeungeFlow/SeungeFlow,Y_Branch,32f8b248dc7e9ec5c1856b78b4ee207b8861d315,README.md,116,Y_Branch operating surface,https://raw.githubusercontent.com/SeungeFlow/SeungeFlow/32f8b248dc7e9ec5c1856b78b4ee207b8861d315/README.md,무엇을 m으로 볼 것인가?
볼,SeungeFlow/SeungeFlow,Y_Branch,32f8b248dc7e9ec5c1856b78b4ee207b8861d315,README.md,116,Y_Branch operating surface,https://raw.githubusercontent.com/SeungeFlow/SeungeFlow/32f8b248dc7e9ec5c1856b78b4ee207b8861d315/README.md,무엇을 m으로 볼 것인가?
것인가,SeungeFlow/SeungeFlow,Y_Branch,32f8b248dc7e9ec5c1856b78b4ee207b8861d315,README.md,116,Y_Branch operating surface,https://raw.githubusercontent.com/SeungeFlow/SeungeFlow/32f8b248dc7e9ec5c1856b78b4ee207b8861d315/README.md,무엇을 m으로 볼 것인가?
어떤,SeungeFlow/SeungeFlow,Y_Branch,32f8b248dc7e9ec5c1856b78b4ee207b8861d315,README.md,117,Y_Branch operating surface,https://raw.githubusercontent.com/SeungeFlow/SeungeFlow/32f8b248dc7e9ec5c1856b78b4ee207b8861d315/README.md,어떤 field에 놓였는가?
field,SeungeFlow/SeungeFlow,Y_Branch,32f8b248dc7e9ec5c1856b78b4ee207b8861d315,README.md,117,Y_Branch operating surface,https://raw.githubusercontent.com/SeungeFlow/SeungeFlow/32f8b248dc7e9ec5c1856b78b4ee207b8861d315/README.md,어떤 field에 놓였는가?
에,SeungeFlow/SeungeFlow,Y_Branch,32f8b248dc7e9ec5c1856b78b4ee207b8861d315,README.md,117,Y_Branch operating surface,https://raw.githubusercontent.com/SeungeFlow/SeungeFlow/32f8b248dc7e9ec5c1856b78b4ee207b8861d315/README.md,어떤 field에 놓였는가?
놓였는가,SeungeFlow/SeungeFlow,Y_Branch,32f8b248dc7e9ec5c1856b78b4ee207b8861d315,README.md,117,Y_Branch operating surface,https://raw.githubusercontent.com/SeungeFlow/SeungeFlow/32f8b248dc7e9ec5c1856b78b4ee207b8861d315/README.md,어떤 field에 놓였는가?
무엇이,SeungeFlow/SeungeFlow,Y_Branch,32f8b248dc7e9ec5c1856b78b4ee207b8861d315,README.md,118,Y_Branch operating surface,https://raw.githubusercontent.com/SeungeFlow/SeungeFlow/32f8b248dc7e9ec5c1856b78b4ee207b8861d315/README.md,무엇이 전이인가?
전이인가,SeungeFlow/SeungeFlow,Y_Branch,32f8b248dc7e9ec5c1856b78b4ee207b8861d315,README.md,118,Y_Branch operating surface,https://raw.githubusercontent.com/SeungeFlow/SeungeFlow/32f8b248dc7e9ec5c1856b78b4ee207b8861d315/README.md,무엇이 전이인가?
어디가,SeungeFlow/SeungeFlow,Y_Branch,32f8b248dc7e9ec5c1856b78b4ee207b8861d315,README.md,119,Y_Branch operating surface,https://raw.githubusercontent.com/SeungeFlow/SeungeFlow/32f8b248dc7e9ec5c1856b78b4ee207b8861d315/README.md,어디가 경계인가?
경계인가,SeungeFlow/SeungeFlow,Y_Branch,32f8b248dc7e9ec5c1856b78b4ee207b8861d315,README.md,119,Y_Branch operating surface,https://raw.githubusercontent.com/SeungeFlow/SeungeFlow/32f8b248dc7e9ec5c1856b78b4ee207b8861d315/README.md,어디가 경계인가?
누가,SeungeFlow/SeungeFlow,Y_Branch,32f8b248dc7e9ec5c1856b78b4ee207b8861d315,README.md,120,Y_Branch operating surface,https://raw.githubusercontent.com/SeungeFlow/SeungeFlow/32f8b248dc7e9ec5c1856b78b4ee207b8861d315/README.md,누가 관측자인가?
관측자인가,SeungeFlow/SeungeFlow,Y_Branch,32f8b248dc7e9ec5c1856b78b4ee207b8861d315,README.md,120,Y_Branch operating surface,https://raw.githubusercontent.com/SeungeFlow/SeungeFlow/32f8b248dc7e9ec5c1856b78b4ee207b8861d315/README.md,누가 관측자인가?
무엇이,SeungeFlow/SeungeFlow,Y_Branch,32f8b248dc7e9ec5c1856b78b4ee207b8861d315,README.md,121,Y_Branch operating surface,https://raw.githubusercontent.com/SeungeFlow/SeungeFlow/32f8b248dc7e9ec5c1856b78b4ee207b8861d315/README.md,무엇이 관측대상인가?
관측대상인가,SeungeFlow/SeungeFlow,Y_Branch,32f8b248dc7e9ec5c1856b78b4ee207b8861d315,README.md,121,Y_Branch operating surface,https://raw.githubusercontent.com/SeungeFlow/SeungeFlow/32f8b248dc7e9ec5c1856b78b4ee207b8861d315/README.md,무엇이 관측대상인가?
어떤,SeungeFlow/SeungeFlow,Y_Branch,32f8b248dc7e9ec5c1856b78b4ee207b8861d315,README.md,122,Y_Branch operating surface,https://raw.githubusercontent.com/SeungeFlow/SeungeFlow/32f8b248dc7e9ec5c1856b78b4ee207b8861d315/README.md,어떤 기준으로 접근할 것인가?
기준으로,SeungeFlow/SeungeFlow,Y_Branch,32f8b248dc7e9ec5c1856b78b4ee207b8861d315,README.md,122,Y_Branch operating surface,https://raw.githubusercontent.com/SeungeFlow/SeungeFlow/32f8b248dc7e9ec5c1856b78b4ee207b8861d315/README.md,어떤 기준으로 접근할 것인가?
접근할,SeungeFlow/SeungeFlow,Y_Branch,32f8b248dc7e9ec5c1856b78b4ee207b8861d315,README.md,122,Y_Branch operating surface,https://raw.githubusercontent.com/SeungeFlow/SeungeFlow/32f8b248dc7e9ec5c1856b78b4ee207b8861d315/README.md,어떤 기준으로 접근할 것인가?
것인가,SeungeFlow/SeungeFlow,Y_Branch,32f8b248dc7e9ec5c1856b78b4ee207b8861d315,README.md,122,Y_Branch operating surface,https://raw.githubusercontent.com/SeungeFlow/SeungeFlow/32f8b248dc7e9ec5c1856b78b4ee207b8861d315/README.md,어떤 기준으로 접근할 것인가?
5,SeungeFlow/SeungeFlow,Y_Branch,32f8b248dc7e9ec5c1856b78b4ee207b8861d315,README.md,127,Y_Branch operating surface,https://raw.githubusercontent.com/SeungeFlow/SeungeFlow/32f8b248dc7e9ec5c1856b78b4ee207b8861d315/README.md,## 5. Ctp24 Matrix Filter
Ctp24,SeungeFlow/SeungeFlow,Y_Branch,32f8b248dc7e9ec5c1856b78b4ee207b8861d315,README.md,127,Y_Branch operating surface,https://raw.githubusercontent.com/SeungeFlow/SeungeFlow/32f8b248dc7e9ec5c1856b78b4ee207b8861d315/README.md,## 5. Ctp24 Matrix Filter
Matrix,SeungeFlow/SeungeFlow,Y_Branch,32f8b248dc7e9ec5c1856b78b4ee207b8861d315,README.md,127,Y_Branch operating surface,https://raw.githubusercontent.com/SeungeFlow/SeungeFlow/32f8b248dc7e9ec5c1856b78b4ee207b8861d315/README.md,## 5. Ctp24 Matrix Filter
Filter,SeungeFlow/SeungeFlow,Y_Branch,32f8b248dc7e9ec5c1856b78b4ee207b8861d315,README.md,127,Y_Branch operating surface,https://raw.githubusercontent.com/SeungeFlow/SeungeFlow/32f8b248dc7e9ec5c1856b78b4ee207b8861d315/README.md,## 5. Ctp24 Matrix Filter
Ctp24,SeungeFlow/SeungeFlow,Y_Branch,32f8b248dc7e9ec5c1856b78b4ee207b8861d315,README.md,129,Y_Branch operating surface,https://raw.githubusercontent.com/SeungeFlow/SeungeFlow/32f8b248dc7e9ec5c1856b78b4ee207b8861d315/README.md,`Ctp24`는 `Y_Branch`의 1차 구조필터이다.
는,SeungeFlow/SeungeFlow,Y_Branch,32f8b248dc7e9ec5c1856b78b4ee207b8861d315,README.md,129,Y_Branch operating surface,https://raw.githubusercontent.com/SeungeFlow/SeungeFlow/32f8b248dc7e9ec5c1856b78b4ee207b8861d315/README.md,`Ctp24`는 `Y_Branch`의 1차 구조필터이다.
Y_Branch,SeungeFlow/SeungeFlow,Y_Branch,32f8b248dc7e9ec5c1856b78b4ee207b8861d315,README.md,129,Y_Branch operating surface,https://raw.githubusercontent.com/SeungeFlow/SeungeFlow/32f8b248dc7e9ec5c1856b78b4ee207b8861d315/README.md,`Ctp24`는 `Y_Branch`의 1차 구조필터이다.
의,SeungeFlow/SeungeFlow,Y_Branch,32f8b248dc7e9ec5c1856b78b4ee207b8861d315,README.md,129,Y_Branch operating surface,https://raw.githubusercontent.com/SeungeFlow/SeungeFlow/32f8b248dc7e9ec5c1856b78b4ee207b8861d315/README.md,`Ctp24`는 `Y_Branch`의 1차 구조필터이다.
1,SeungeFlow/SeungeFlow,Y_Branch,32f8b248dc7e9ec5c1856b78b4ee207b8861d315,README.md,129,Y_Branch operating surface,https://raw.githubusercontent.com/SeungeFlow/SeungeFlow/32f8b248dc7e9ec5c1856b78b4ee207b8861d315/README.md,`Ctp24`는 `Y_Branch`의 1차 구조필터이다.
차,SeungeFlow/SeungeFlow,Y_Branch,32f8b248dc7e9ec5c1856b78b4ee207b8861d315,README.md,129,Y_Branch operating surface,https://raw.githubusercontent.com/SeungeFlow/SeungeFlow/32f8b248dc7e9ec5c1856b78b4ee207b8861d315/README.md,`Ctp24`는 `Y_Branch`의 1차 구조필터이다.
구조필터이다,SeungeFlow/SeungeFlow,Y_Branch,32f8b248dc7e9ec5c1856b78b4ee207b8861d315,README.md,129,Y_Branch operating surface,https://raw.githubusercontent.com/SeungeFlow/SeungeFlow/32f8b248dc7e9ec5c1856b78b4ee207b8861d315/README.md,`Ctp24`는 `Y_Branch`의 1차 구조필터이다.
text,SeungeFlow/SeungeFlow,Y_Branch,32f8b248dc7e9ec5c1856b78b4ee207b8861d315,README.md,131,Y_Branch operating surface,https://raw.githubusercontent.com/SeungeFlow/SeungeFlow/32f8b248dc7e9ec5c1856b78b4ee207b8861d315/README.md,```text
24,SeungeFlow/SeungeFlow,Y_Branch,32f8b248dc7e9ec5c1856b78b4ee207b8861d315,README.md,132,Y_Branch operating surface,https://raw.githubusercontent.com/SeungeFlow/SeungeFlow/32f8b248dc7e9ec5c1856b78b4ee207b8861d315/README.md,24 scalar states → 12 symmetric pairs → 3×4 matrix states
scalar,SeungeFlow/SeungeFlow,Y_Branch,32f8b248dc7e9ec5c1856b78b4ee207b8861d315,README.md,132,Y_Branch operating surface,https://raw.githubusercontent.com/SeungeFlow/SeungeFlow/32f8b248dc7e9ec5c1856b78b4ee207b8861d315/README.md,24 scalar states → 12 symmetric pairs → 3×4 matrix states
states,SeungeFlow/SeungeFlow,Y_Branch,32f8b248dc7e9ec5c1856b78b4ee207b8861d315,README.md,132,Y_Branch operating surface,https://raw.githubusercontent.com/SeungeFlow/SeungeFlow/32f8b248dc7e9ec5c1856b78b4ee207b8861d315/README.md,24 scalar states → 12 symmetric pairs → 3×4 matrix states
12,SeungeFlow/SeungeFlow,Y_Branch,32f8b248dc7e9ec5c1856b78b4ee207b8861d315,README.md,132,Y_Branch operating surface,https://raw.githubusercontent.com/SeungeFlow/SeungeFlow/32f8b248dc7e9ec5c1856b78b4ee207b8861d315/README.md,24 scalar states → 12 symmetric pairs → 3×4 matrix states
symmetric,SeungeFlow/SeungeFlow,Y_Branch,32f8b248dc7e9ec5c1856b78b4ee207b8861d315,README.md,132,Y_Branch operating surface,https://raw.githubusercontent.com/SeungeFlow/SeungeFlow/32f8b248dc7e9ec5c1856b78b4ee207b8861d315/README.md,24 scalar states → 12 symmetric pairs → 3×4 matrix states
pairs,SeungeFlow/SeungeFlow,Y_Branch,32f8b248dc7e9ec5c1856b78b4ee207b8861d315,README.md,132,Y_Branch operating surface,https://raw.githubusercontent.com/SeungeFlow/SeungeFlow/32f8b248dc7e9ec5c1856b78b4ee207b8861d315/README.md,24 scalar states → 12 symmetric pairs → 3×4 matrix states
3,SeungeFlow/SeungeFlow,Y_Branch,32f8b248dc7e9ec5c1856b78b4ee207b8861d315,README.md,132,Y_Branch operating surface,https://raw.githubusercontent.com/SeungeFlow/SeungeFlow/32f8b248dc7e9ec5c1856b78b4ee207b8861d315/README.md,24 scalar states → 12 symmetric pairs → 3×4 matrix states
4,SeungeFlow/SeungeFlow,Y_Branch,32f8b248dc7e9ec5c1856b78b4ee207b8861d315,README.md,132,Y_Branch operating surface,https://raw.githubusercontent.com/SeungeFlow/SeungeFlow/32f8b248dc7e9ec5c1856b78b4ee207b8861d315/README.md,24 scalar states → 12 symmetric pairs → 3×4 matrix states
matrix,SeungeFlow/SeungeFlow,Y_Branch,32f8b248dc7e9ec5c1856b78b4ee207b8861d315,README.md,132,Y_Branch operating surface,https://raw.githubusercontent.com/SeungeFlow/SeungeFlow/32f8b248dc7e9ec5c1856b78b4ee207b8861d315/README.md,24 scalar states → 12 symmetric pairs → 3×4 matrix states
states,SeungeFlow/SeungeFlow,Y_Branch,32f8b248dc7e9ec5c1856b78b4ee207b8861d315,README.md,132,Y_Branch operating surface,https://raw.githubusercontent.com/SeungeFlow/SeungeFlow/32f8b248dc7e9ec5c1856b78b4ee207b8861d315/README.md,24 scalar states → 12 symmetric pairs → 3×4 matrix states
최소,SeungeFlow/SeungeFlow,Y_Branch,32f8b248dc7e9ec5c1856b78b4ee207b8861d315,README.md,135,Y_Branch operating surface,https://raw.githubusercontent.com/SeungeFlow/SeungeFlow/32f8b248dc7e9ec5c1856b78b4ee207b8861d315/README.md,최소 행렬:
행렬,SeungeFlow/SeungeFlow,Y_Branch,32f8b248dc7e9ec5c1856b78b4ee207b8861d315,README.md,135,Y_Branch operating surface,https://raw.githubusercontent.com/SeungeFlow/SeungeFlow/32f8b248dc7e9ec5c1856b78b4ee207b8861d315/README.md,최소 행렬:
text,SeungeFlow/SeungeFlow,Y_Branch,32f8b248dc7e9ec5c1856b78b4ee207b8861d315,README.md,137,Y_Branch operating surface,https://raw.githubusercontent.com/SeungeFlow/SeungeFlow/32f8b248dc7e9ec5c1856b78b4ee207b8861d315/README.md,```text
Ctp24,SeungeFlow/SeungeFlow,Y_Branch,32f8b248dc7e9ec5c1856b78b4ee207b8861d315,README.md,138,Y_Branch operating surface,https://raw.githubusercontent.com/SeungeFlow/SeungeFlow/32f8b248dc7e9ec5c1856b78b4ee207b8861d315/README.md,Ctp24 Reduced Matrix =
Reduced,SeungeFlow/SeungeFlow,Y_Branch,32f8b248dc7e9ec5c1856b78b4ee207b8861d315,README.md,138,Y_Branch operating surface,https://raw.githubusercontent.com/SeungeFlow/SeungeFlow/32f8b248dc7e9ec5c1856b78b4ee207b8861d315/README.md,Ctp24 Reduced Matrix =
Matrix,SeungeFlow/SeungeFlow,Y_Branch,32f8b248dc7e9ec5c1856b78b4ee207b8861d315,README.md,138,Y_Branch operating surface,https://raw.githubusercontent.com/SeungeFlow/SeungeFlow/32f8b248dc7e9ec5c1856b78b4ee207b8861d315/README.md,Ctp24 Reduced Matrix =
R01,SeungeFlow/SeungeFlow,Y_Branch,32f8b248dc7e9ec5c1856b78b4ee207b8861d315,README.md,140,Y_Branch operating surface,https://raw.githubusercontent.com/SeungeFlow/SeungeFlow/32f8b248dc7e9ec5c1856b78b4ee207b8861d315/README.md,"[R01, R02, R03, R04],"
R02,SeungeFlow/SeungeFlow,Y_Branch,32f8b248dc7e9ec5c1856b78b4ee207b8861d315,README.md,140,Y_Branch operating surface,https://raw.githubusercontent.com/SeungeFlow/SeungeFlow/32f8b248dc7e9ec5c1856b78b4ee207b8861d315/README.md,"[R01, R02, R03, R04],"
R03,SeungeFlow/SeungeFlow,Y_Branch,32f8b248dc7e9ec5c1856b78b4ee207b8861d315,README.md,140,Y_Branch operating surface,https://raw.githubusercontent.com/SeungeFlow/SeungeFlow/32f8b248dc7e9ec5c1856b78b4ee207b8861d315/README.md,"[R01, R02, R03, R04],"
R04,SeungeFlow/SeungeFlow,Y_Branch,32f8b248dc7e9ec5c1856b78b4ee207b8861d315,README.md,140,Y_Branch operating surface,https://raw.githubusercontent.com/SeungeFlow/SeungeFlow/32f8b248dc7e9ec5c1856b78b4ee207b8861d315/README.md,"[R01, R02, R03, R04],"
R05,SeungeFlow/SeungeFlow,Y_Branch,32f8b248dc7e9ec5c1856b78b4ee207b8861d315,README.md,141,Y_Branch operating surface,https://raw.githubusercontent.com/SeungeFlow/SeungeFlow/32f8b248dc7e9ec5c1856b78b4ee207b8861d315/README.md,"[R05, R06, R07, R08],"
R06,SeungeFlow/SeungeFlow,Y_Branch,32f8b248dc7e9ec5c1856b78b4ee207b8861d315,README.md,141,Y_Branch operating surface,https://raw.githubusercontent.com/SeungeFlow/SeungeFlow/32f8b248dc7e9ec5c1856b78b4ee207b8861d315/README.md,"[R05, R06, R07, R08],"
R07,SeungeFlow/SeungeFlow,Y_Branch,32f8b248dc7e9ec5c1856b78b4ee207b8861d315,README.md,141,Y_Branch operating surface,https://raw.githubusercontent.com/SeungeFlow/SeungeFlow/32f8b248dc7e9ec5c1856b78b4ee207b8861d315/README.md,"[R05, R06, R07, R08],"
R08,SeungeFlow/SeungeFlow,Y_Branch,32f8b248dc7e9ec5c1856b78b4ee207b8861d315,README.md,141,Y_Branch operating surface,https://raw.githubusercontent.com/SeungeFlow/SeungeFlow/32f8b248dc7e9ec5c1856b78b4ee207b8861d315/README.md,"[R05, R06, R07, R08],"
R09,SeungeFlow/SeungeFlow,Y_Branch,32f8b248dc7e9ec5c1856b78b4ee207b8861d315,README.md,142,Y_Branch operating surface,https://raw.githubusercontent.com/SeungeFlow/SeungeFlow/32f8b248dc7e9ec5c1856b78b4ee207b8861d315/README.md,"[R09, R10, R11, R12]"
R10,SeungeFlow/SeungeFlow,Y_Branch,32f8b248dc7e9ec5c1856b78b4ee207b8861d315,README.md,142,Y_Branch operating surface,https://raw.githubusercontent.com/SeungeFlow/SeungeFlow/32f8b248dc7e9ec5c1856b78b4ee207b8861d315/README.md,"[R09, R10, R11, R12]"
R11,SeungeFlow/SeungeFlow,Y_Branch,32f8b248dc7e9ec5c1856b78b4ee207b8861d315,README.md,142,Y_Branch operating surface,https://raw.githubusercontent.com/SeungeFlow/SeungeFlow/32f8b248dc7e9ec5c1856b78b4ee207b8861d315/README.md,"[R09, R10, R11, R12]"
R12,SeungeFlow/SeungeFlow,Y_Branch,32f8b248dc7e9ec5c1856b78b4ee207b8861d315,README.md,142,Y_Branch operating surface,https://raw.githubusercontent.com/SeungeFlow/SeungeFlow/32f8b248dc7e9ec5c1856b78b4ee207b8861d315/README.md,"[R09, R10, R11, R12]"
의미식,SeungeFlow/SeungeFlow,Y_Branch,32f8b248dc7e9ec5c1856b78b4ee207b8861d315,README.md,146,Y_Branch operating surface,https://raw.githubusercontent.com/SeungeFlow/SeungeFlow/32f8b248dc7e9ec5c1856b78b4ee207b8861d315/README.md,의미식:
text,SeungeFlow/SeungeFlow,Y_Branch,32f8b248dc7e9ec5c1856b78b4ee207b8861d315,README.md,148,Y_Branch operating surface,https://raw.githubusercontent.com/SeungeFlow/SeungeFlow/32f8b248dc7e9ec5c1856b78b4ee207b8861d315/README.md,```text
source-time,SeungeFlow/SeungeFlow,Y_Branch,32f8b248dc7e9ec5c1856b78b4ee207b8861d315,README.md,150,Y_Branch operating surface,https://raw.githubusercontent.com/SeungeFlow/SeungeFlow/32f8b248dc7e9ec5c1856b78b4ee207b8861d315/README.md,"[source-time,     source-place,     source-relation,     source-question],"
source-place,SeungeFlow/SeungeFlow,Y_Branch,32f8b248dc7e9ec5c1856b78b4ee207b8861d315,README.md,150,Y_Branch operating surface,https://raw.githubusercontent.com/SeungeFlow/SeungeFlow/32f8b248dc7e9ec5c1856b78b4ee207b8861d315/README.md,"[source-time,     source-place,     source-relation,     source-question],"
source-relation,SeungeFlow/SeungeFlow,Y_Branch,32f8b248dc7e9ec5c1856b78b4ee207b8861d315,README.md,150,Y_Branch operating surface,https://raw.githubusercontent.com/SeungeFlow/SeungeFlow/32f8b248dc7e9ec5c1856b78b4ee207b8861d315/README.md,"[source-time,     source-place,     source-relation,     source-question],"
source-question,SeungeFlow/SeungeFlow,Y_Branch,32f8b248dc7e9ec5c1856b78b4ee207b8861d315,README.md,150,Y_Branch operating surface,https://raw.githubusercontent.com/SeungeFlow/SeungeFlow/32f8b248dc7e9ec5c1856b78b4ee207b8861d315/README.md,"[source-time,     source-place,     source-relation,     source-question],"
operation-time,SeungeFlow/SeungeFlow,Y_Branch,32f8b248dc7e9ec5c1856b78b4ee207b8861d315,README.md,151,Y_Branch operating surface,https://raw.githubusercontent.com/SeungeFlow/SeungeFlow/32f8b248dc7e9ec5c1856b78b4ee207b8861d315/README.md,"[operation-time,  operation-place,  operation-relation,  operation-question],"
operation-place,SeungeFlow/SeungeFlow,Y_Branch,32f8b248dc7e9ec5c1856b78b4ee207b8861d315,README.md,151,Y_Branch operating surface,https://raw.githubusercontent.com/SeungeFlow/SeungeFlow/32f8b248dc7e9ec5c1856b78b4ee207b8861d315/README.md,"[operation-time,  operation-place,  operation-relation,  operation-question],"
operation-relation,SeungeFlow/SeungeFlow,Y_Branch,32f8b248dc7e9ec5c1856b78b4ee207b8861d315,README.md,151,Y_Branch operating surface,https://raw.githubusercontent.com/SeungeFlow/SeungeFlow/32f8b248dc7e9ec5c1856b78b4ee207b8861d315/README.md,"[operation-time,  operation-place,  operation-relation,  operation-question],"
operation-question,SeungeFlow/SeungeFlow,Y_Branch,32f8b248dc7e9ec5c1856b78b4ee207b8861d315,README.md,151,Y_Branch operating surface,https://raw.githubusercontent.com/SeungeFlow/SeungeFlow/32f8b248dc7e9ec5c1856b78b4ee207b8861d315/README.md,"[operation-time,  operation-place,  operation-relation,  operation-question],"
field-time,SeungeFlow/SeungeFlow,Y_Branch,32f8b248dc7e9ec5c1856b78b4ee207b8861d315,README.md,152,Y_Branch operating surface,https://raw.githubusercontent.com/SeungeFlow/SeungeFlow/32f8b248dc7e9ec5c1856b78b4ee207b8861d315/README.md,"[field-time,      field-place,      field-relation,      field-question]"
field-place,SeungeFlow/SeungeFlow,Y_Branch,32f8b248dc7e9ec5c1856b78b4ee207b8861d315,README.md,152,Y_Branch operating surface,https://raw.githubusercontent.com/SeungeFlow/SeungeFlow/32f8b248dc7e9ec5c1856b78b4ee207b8861d315/README.md,"[field-time,      field-place,      field-relation,      field-question]"
field-relation,SeungeFlow/SeungeFlow,Y_Branch,32f8b248dc7e9ec5c1856b78b4ee207b8861d315,README.md,152,Y_Branch operating surface,https://raw.githubusercontent.com/SeungeFlow/SeungeFlow/32f8b248dc7e9ec5c1856b78b4ee207b8861d315/README.md,"[field-time,      field-place,      field-relation,      field-question]"
field-question,SeungeFlow/SeungeFlow,Y_Branch,32f8b248dc7e9ec5c1856b78b4ee207b8861d315,README.md,152,Y_Branch operating surface,https://raw.githubusercontent.com/SeungeFlow/SeungeFlow/32f8b248dc7e9ec5c1856b78b4ee207b8861d315/README.md,"[field-time,      field-place,      field-relation,      field-question]"
축,SeungeFlow/SeungeFlow,Y_Branch,32f8b248dc7e9ec5c1856b78b4ee207b8861d315,README.md,156,Y_Branch operating surface,https://raw.githubusercontent.com/SeungeFlow/SeungeFlow/32f8b248dc7e9ec5c1856b78b4ee207b8861d315/README.md,C축:
text,SeungeFlow/SeungeFlow,Y_Branch,32f8b248dc7e9ec5c1856b78b4ee207b8861d315,README.md,158,Y_Branch operating surface,https://raw.githubusercontent.com/SeungeFlow/SeungeFlow/32f8b248dc7e9ec5c1856b78b4ee207b8861d315/README.md,```text
t-axis,SeungeFlow/SeungeFlow,Y_Branch,32f8b248dc7e9ec5c1856b78b4ee207b8861d315,README.md,159,Y_Branch operating surface,https://raw.githubusercontent.com/SeungeFlow/SeungeFlow/32f8b248dc7e9ec5c1856b78b4ee207b8861d315/README.md,"t-axis: R01, R05, R09"
R01,SeungeFlow/SeungeFlow,Y_Branch,32f8b248dc7e9ec5c1856b78b4ee207b8861d315,README.md,159,Y_Branch operating surface,https://raw.githubusercontent.com/SeungeFlow/SeungeFlow/32f8b248dc7e9ec5c1856b78b4ee207b8861d315/README.md,"t-axis: R01, R05, R09"
R05,SeungeFlow/SeungeFlow,Y_Branch,32f8b248dc7e9ec5c1856b78b4ee207b8861d315,README.md,159,Y_Branch operating surface,https://raw.githubusercontent.com/SeungeFlow/SeungeFlow/32f8b248dc7e9ec5c1856b78b4ee207b8861d315/README.md,"t-axis: R01, R05, R09"
R09,SeungeFlow/SeungeFlow,Y_Branch,32f8b248dc7e9ec5c1856b78b4ee207b8861d315,README.md,159,Y_Branch operating surface,https://raw.githubusercontent.com/SeungeFlow/SeungeFlow/32f8b248dc7e9ec5c1856b78b4ee207b8861d315/README.md,"t-axis: R01, R05, R09"
p-axis,SeungeFlow/SeungeFlow,Y_Branch,32f8b248dc7e9ec5c1856b78b4ee207b8861d315,README.md,160,Y_Branch operating surface,https://raw.githubusercontent.com/SeungeFlow/SeungeFlow/32f8b248dc7e9ec5c1856b78b4ee207b8861d315/README.md,"p-axis: R02, R06, R10"
R02,SeungeFlow/SeungeFlow,Y_Branch,32f8b248dc7e9ec5c1856b78b4ee207b8861d315,README.md,160,Y_Branch operating surface,https://raw.githubusercontent.com/SeungeFlow/SeungeFlow/32f8b248dc7e9ec5c1856b78b4ee207b8861d315/README.md,"p-axis: R02, R06, R10"
R06,SeungeFlow/SeungeFlow,Y_Branch,32f8b248dc7e9ec5c1856b78b4ee207b8861d315,README.md,160,Y_Branch operating surface,https://raw.githubusercontent.com/SeungeFlow/SeungeFlow/32f8b248dc7e9ec5c1856b78b4ee207b8861d315/README.md,"p-axis: R02, R06, R10"
R10,SeungeFlow/SeungeFlow,Y_Branch,32f8b248dc7e9ec5c1856b78b4ee207b8861d315,README.md,160,Y_Branch operating surface,https://raw.githubusercontent.com/SeungeFlow/SeungeFlow/32f8b248dc7e9ec5c1856b78b4ee207b8861d315/README.md,"p-axis: R02, R06, R10"
m-axis,SeungeFlow/SeungeFlow,Y_Branch,32f8b248dc7e9ec5c1856b78b4ee207b8861d315,README.md,161,Y_Branch operating surface,https://raw.githubusercontent.com/SeungeFlow/SeungeFlow/32f8b248dc7e9ec5c1856b78b4ee207b8861d315/README.md,"m-axis: R03, R07, R11"
R03,SeungeFlow/SeungeFlow,Y_Branch,32f8b248dc7e9ec5c1856b78b4ee207b8861d315,README.md,161,Y_Branch operating surface,https://raw.githubusercontent.com/SeungeFlow/SeungeFlow/32f8b248dc7e9ec5c1856b78b4ee207b8861d315/README.md,"m-axis: R03, R07, R11"
R07,SeungeFlow/SeungeFlow,Y_Branch,32f8b248dc7e9ec5c1856b78b4ee207b8861d315,README.md,161,Y_Branch operating surface,https://raw.githubusercontent.com/SeungeFlow/SeungeFlow/32f8b248dc7e9ec5c1856b78b4ee207b8861d315/README.md,"m-axis: R03, R07, R11"
R11,SeungeFlow/SeungeFlow,Y_Branch,32f8b248dc7e9ec5c1856b78b4ee207b8861d315,README.md,161,Y_Branch operating surface,https://raw.githubusercontent.com/SeungeFlow/SeungeFlow/32f8b248dc7e9ec5c1856b78b4ee207b8861d315/README.md,"m-axis: R03, R07, R11"
axis,SeungeFlow/SeungeFlow,Y_Branch,32f8b248dc7e9ec5c1856b78b4ee207b8861d315,README.md,162,Y_Branch operating surface,https://raw.githubusercontent.com/SeungeFlow/SeungeFlow/32f8b248dc7e9ec5c1856b78b4ee207b8861d315/README.md,"?-axis: R04, R08, R12"
R04,SeungeFlow/SeungeFlow,Y_Branch,32f8b248dc7e9ec5c1856b78b4ee207b8861d315,README.md,162,Y_Branch operating surface,https://raw.githubusercontent.com/SeungeFlow/SeungeFlow/32f8b248dc7e9ec5c1856b78b4ee207b8861d315/README.md,"?-axis: R04, R08, R12"
R08,SeungeFlow/SeungeFlow,Y_Branch,32f8b248dc7e9ec5c1856b78b4ee207b8861d315,README.md,162,Y_Branch operating surface,https://raw.githubusercontent.com/SeungeFlow/SeungeFlow/32f8b248dc7e9ec5c1856b78b4ee207b8861d315/README.md,"?-axis: R04, R08, R12"
R12,SeungeFlow/SeungeFlow,Y_Branch,32f8b248dc7e9ec5c1856b78b4ee207b8861d315,README.md,162,Y_Branch operating surface,https://raw.githubusercontent.com/SeungeFlow/SeungeFlow/32f8b248dc7e9ec5c1856b78b4ee207b8861d315/README.md,"?-axis: R04, R08, R12"
Ctp24,SeungeFlow/SeungeFlow,Y_Branch,32f8b248dc7e9ec5c1856b78b4ee207b8861d315,README.md,165,Y_Branch operating surface,https://raw.githubusercontent.com/SeungeFlow/SeungeFlow/32f8b248dc7e9ec5c1856b78b4ee207b8861d315/README.md,`Ctp24`는 새 입력을 다음으로 분류한다.
는,SeungeFlow/SeungeFlow,Y_Branch,32f8b248dc7e9ec5c1856b78b4ee207b8861d315,README.md,165,Y_Branch operating surface,https://raw.githubusercontent.com/SeungeFlow/SeungeFlow/32f8b248dc7e9ec5c1856b78b4ee207b8861d315/README.md,`Ctp24`는 새 입력을 다음으로 분류한다.
새,SeungeFlow/SeungeFlow,Y_Branch,32f8b248dc7e9ec5c1856b78b4ee207b8861d315,README.md,165,Y_Branch operating surface,https://raw.githubusercontent.com/SeungeFlow/SeungeFlow/32f8b248dc7e9ec5c1856b78b4ee207b8861d315/README.md,`Ctp24`는 새 입력을 다음으로 분류한다.
입력을,SeungeFlow/SeungeFlow,Y_Branch,32f8b248dc7e9ec5c1856b78b4ee207b8861d315,README.md,165,Y_Branch operating surface,https://raw.githubusercontent.com/SeungeFlow/SeungeFlow/32f8b248dc7e9ec5c1856b78b4ee207b8861d315/README.md,`Ctp24`는 새 입력을 다음으로 분류한다.
다음으로,SeungeFlow/SeungeFlow,Y_Branch,32f8b248dc7e9ec5c1856b78b4ee207b8861d315,README.md,165,Y_Branch operating surface,https://raw.githubusercontent.com/SeungeFlow/SeungeFlow/32f8b248dc7e9ec5c1856b78b4ee207b8861d315/README.md,`Ctp24`는 새 입력을 다음으로 분류한다.
분류한다,SeungeFlow/SeungeFlow,Y_Branch,32f8b248dc7e9ec5c1856b78b4ee207b8861d315,README.md,165,Y_Branch operating surface,https://raw.githubusercontent.com/SeungeFlow/SeungeFlow/32f8b248dc7e9ec5c1856b78b4ee207b8861d315/README.md,`Ctp24`는 새 입력을 다음으로 분류한다.
text,SeungeFlow/SeungeFlow,Y_Branch,32f8b248dc7e9ec5c1856b78b4ee207b8861d315,README.md,167,Y_Branch operating surface,https://raw.githubusercontent.com/SeungeFlow/SeungeFlow/32f8b248dc7e9ec5c1856b78b4ee207b8861d315/README.md,```text
실체,SeungeFlow/SeungeFlow,Y_Branch,32f8b248dc7e9ec5c1856b78b4ee207b8861d315,README.md,168,Y_Branch operating surface,https://raw.githubusercontent.com/SeungeFlow/SeungeFlow/32f8b248dc7e9ec5c1856b78b4ee207b8861d315/README.md,실체 / guard / field sample / 보류 / noise
guard,SeungeFlow/SeungeFlow,Y_Branch,32f8b248dc7e9ec5c1856b78b4ee207b8861d315,README.md,168,Y_Branch operating surface,https://raw.githubusercontent.com/SeungeFlow/SeungeFlow/32f8b248dc7e9ec5c1856b78b4ee207b8861d315/README.md,실체 / guard / field sample / 보류 / noise
field,SeungeFlow/SeungeFlow,Y_Branch,32f8b248dc7e9ec5c1856b78b4ee207b8861d315,README.md,168,Y_Branch operating surface,https://raw.githubusercontent.com/SeungeFlow/SeungeFlow/32f8b248dc7e9ec5c1856b78b4ee207b8861d315/README.md,실체 / guard / field sample / 보류 / noise
sample,SeungeFlow/SeungeFlow,Y_Branch,32f8b248dc7e9ec5c1856b78b4ee207b8861d315,README.md,168,Y_Branch operating surface,https://raw.githubusercontent.com/SeungeFlow/SeungeFlow/32f8b248dc7e9ec5c1856b78b4ee207b8861d315/README.md,실체 / guard / field sample / 보류 / noise
보류,SeungeFlow/SeungeFlow,Y_Branch,32f8b248dc7e9ec5c1856b78b4ee207b8861d315,README.md,168,Y_Branch operating surface,https://raw.githubusercontent.com/SeungeFlow/SeungeFlow/32f8b248dc7e9ec5c1856b78b4ee207b8861d315/README.md,실체 / guard / field sample / 보류 / noise
noise,SeungeFlow/SeungeFlow,Y_Branch,32f8b248dc7e9ec5c1856b78b4ee207b8861d315,README.md,168,Y_Branch operating surface,https://raw.githubusercontent.com/SeungeFlow/SeungeFlow/32f8b248dc7e9ec5c1856b78b4ee207b8861d315/README.md,실체 / guard / field sample / 보류 / noise
6,SeungeFlow/SeungeFlow,Y_Branch,32f8b248dc7e9ec5c1856b78b4ee207b8861d315,README.md,173,Y_Branch operating surface,https://raw.githubusercontent.com/SeungeFlow/SeungeFlow/32f8b248dc7e9ec5c1856b78b4ee207b8861d315/README.md,## 6. Structure Operation Formulas S₁~S₄
Structure,SeungeFlow/SeungeFlow,Y_Branch,32f8b248dc7e9ec5c1856b78b4ee207b8861d315,README.md,173,Y_Branch operating surface,https://raw.githubusercontent.com/SeungeFlow/SeungeFlow/32f8b248dc7e9ec5c1856b78b4ee207b8861d315/README.md,## 6. Structure Operation Formulas S₁~S₄
Operation,SeungeFlow/SeungeFlow,Y_Branch,32f8b248dc7e9ec5c1856b78b4ee207b8861d315,README.md,173,Y_Branch operating surface,https://raw.githubusercontent.com/SeungeFlow/SeungeFlow/32f8b248dc7e9ec5c1856b78b4ee207b8861d315/README.md,## 6. Structure Operation Formulas S₁~S₄
Formulas,SeungeFlow/SeungeFlow,Y_Branch,32f8b248dc7e9ec5c1856b78b4ee207b8861d315,README.md,173,Y_Branch operating surface,https://raw.githubusercontent.com/SeungeFlow/SeungeFlow/32f8b248dc7e9ec5c1856b78b4ee207b8861d315/README.md,## 6. Structure Operation Formulas S₁~S₄
Minimal,SeungeFlow/SeungeFlow,Y_Branch,32f8b248dc7e9ec5c1856b78b4ee207b8861d315,README.md,175,Y_Branch operating surface,https://raw.githubusercontent.com/SeungeFlow/SeungeFlow/32f8b248dc7e9ec5c1856b78b4ee207b8861d315/README.md,### S₁ — Minimal Sequence
Sequence,SeungeFlow/SeungeFlow,Y_Branch,32f8b248dc7e9ec5c1856b78b4ee207b8861d315,README.md,175,Y_Branch operating surface,https://raw.githubusercontent.com/SeungeFlow/SeungeFlow/32f8b248dc7e9ec5c1856b78b4ee207b8861d315/README.md,### S₁ — Minimal Sequence
text,SeungeFlow/SeungeFlow,Y_Branch,32f8b248dc7e9ec5c1856b78b4ee207b8861d315,README.md,177,Y_Branch operating surface,https://raw.githubusercontent.com/SeungeFlow/SeungeFlow/32f8b248dc7e9ec5c1856b78b4ee207b8861d315/README.md,```text
0,SeungeFlow/SeungeFlow,Y_Branch,32f8b248dc7e9ec5c1856b78b4ee207b8861d315,README.md,178,Y_Branch operating surface,https://raw.githubusercontent.com/SeungeFlow/SeungeFlow/32f8b248dc7e9ec5c1856b78b4ee207b8861d315/README.md,S₁ = 0 → dot → Δ_r → Y₃ → τ → Ω → R → 0′
dot,SeungeFlow/SeungeFlow,Y_Branch,32f8b248dc7e9ec5c1856b78b4ee207b8861d315,README.md,178,Y_Branch operating surface,https://raw.githubusercontent.com/SeungeFlow/SeungeFlow/32f8b248dc7e9ec5c1856b78b4ee207b8861d315/README.md,S₁ = 0 → dot → Δ_r → Y₃ → τ → Ω → R → 0′
0,SeungeFlow/SeungeFlow,Y_Branch,32f8b248dc7e9ec5c1856b78b4ee207b8861d315,README.md,178,Y_Branch operating surface,https://raw.githubusercontent.com/SeungeFlow/SeungeFlow/32f8b248dc7e9ec5c1856b78b4ee207b8861d315/README.md,S₁ = 0 → dot → Δ_r → Y₃ → τ → Ω → R → 0′
은,SeungeFlow/SeungeFlow,Y_Branch,32f8b248dc7e9ec5c1856b78b4ee207b8861d315,README.md,181,Y_Branch operating surface,https://raw.githubusercontent.com/SeungeFlow/SeungeFlow/32f8b248dc7e9ec5c1856b78b4ee207b8861d315/README.md,`S₁`은 master trigger sequence이다. 모든 입력을 자동으로 흡수하는 만능식으로 쓰지 않는다.
master,SeungeFlow/SeungeFlow,Y_Branch,32f8b248dc7e9ec5c1856b78b4ee207b8861d315,README.md,181,Y_Branch operating surface,https://raw.githubusercontent.com/SeungeFlow/SeungeFlow/32f8b248dc7e9ec5c1856b78b4ee207b8861d315/README.md,`S₁`은 master trigger sequence이다. 모든 입력을 자동으로 흡수하는 만능식으로 쓰지 않는다.
trigger,SeungeFlow/SeungeFlow,Y_Branch,32f8b248dc7e9ec5c1856b78b4ee207b8861d315,README.md,181,Y_Branch operating surface,https://raw.githubusercontent.com/SeungeFlow/SeungeFlow/32f8b248dc7e9ec5c1856b78b4ee207b8861d315/README.md,`S₁`은 master trigger sequence이다. 모든 입력을 자동으로 흡수하는 만능식으로 쓰지 않는다.
sequence,SeungeFlow/SeungeFlow,Y_Branch,32f8b248dc7e9ec5c1856b78b4ee207b8861d315,README.md,181,Y_Branch operating surface,https://raw.githubusercontent.com/SeungeFlow/SeungeFlow/32f8b248dc7e9ec5c1856b78b4ee207b8861d315/README.md,`S₁`은 master trigger sequence이다. 모든 입력을 자동으로 흡수하는 만능식으로 쓰지 않는다.
이다,SeungeFlow/SeungeFlow,Y_Branch,32f8b248dc7e9ec5c1856b78b4ee207b8861d315,README.md,181,Y_Branch operating surface,https://raw.githubusercontent.com/SeungeFlow/SeungeFlow/32f8b248dc7e9ec5c1856b78b4ee207b8861d315/README.md,`S₁`은 master trigger sequence이다. 모든 입력을 자동으로 흡수하는 만능식으로 쓰지 않는다.
모든,SeungeFlow/SeungeFlow,Y_Branch,32f8b248dc7e9ec5c1856b78b4ee207b8861d315,README.md,181,Y_Branch operating surface,https://raw.githubusercontent.com/SeungeFlow/SeungeFlow/32f8b248dc7e9ec5c1856b78b4ee207b8861d315/README.md,`S₁`은 master trigger sequence이다. 모든 입력을 자동으로 흡수하는 만능식으로 쓰지 않는다.
입력을,SeungeFlow/SeungeFlow,Y_Branch,32f8b248dc7e9ec5c1856b78b4ee207b8861d315,README.md,181,Y_Branch operating surface,https://raw.githubusercontent.com/SeungeFlow/SeungeFlow/32f8b248dc7e9ec5c1856b78b4ee207b8861d315/README.md,`S₁`은 master trigger sequence이다. 모든 입력을 자동으로 흡수하는 만능식으로 쓰지 않는다.
자동으로,SeungeFlow/SeungeFlow,Y_Branch,32f8b248dc7e9ec5c1856b78b4ee207b8861d315,README.md,181,Y_Branch operating surface,https://raw.githubusercontent.com/SeungeFlow/SeungeFlow/32f8b248dc7e9ec5c1856b78b4ee207b8861d315/README.md,`S₁`은 master trigger sequence이다. 모든 입력을 자동으로 흡수하는 만능식으로 쓰지 않는다.
흡수하는,SeungeFlow/SeungeFlow,Y_Branch,32f8b248dc7e9ec5c1856b78b4ee207b8861d315,README.md,181,Y_Branch operating surface,https://raw.githubusercontent.com/SeungeFlow/SeungeFlow/32f8b248dc7e9ec5c1856b78b4ee207b8861d315/README.md,`S₁`은 master trigger sequence이다. 모든 입력을 자동으로 흡수하는 만능식으로 쓰지 않는다.
만능식으로,SeungeFlow/SeungeFlow,Y_Branch,32f8b248dc7e9ec5c1856b78b4ee207b8861d315,README.md,181,Y_Branch operating surface,https://raw.githubusercontent.com/SeungeFlow/SeungeFlow/32f8b248dc7e9ec5c1856b78b4ee207b8861d315/README.md,`S₁`은 master trigger sequence이다. 모든 입력을 자동으로 흡수하는 만능식으로 쓰지 않는다.
쓰지,SeungeFlow/SeungeFlow,Y_Branch,32f8b248dc7e9ec5c1856b78b4ee207b8861d315,README.md,181,Y_Branch operating surface,https://raw.githubusercontent.com/SeungeFlow/SeungeFlow/32f8b248dc7e9ec5c1856b78b4ee207b8861d315/README.md,`S₁`은 master trigger sequence이다. 모든 입력을 자동으로 흡수하는 만능식으로 쓰지 않는다.
않는다,SeungeFlow/SeungeFlow,Y_Branch,32f8b248dc7e9ec5c1856b78b4ee207b8861d315,README.md,181,Y_Branch operating surface,https://raw.githubusercontent.com/SeungeFlow/SeungeFlow/32f8b248dc7e9ec5c1856b78b4ee207b8861d315/README.md,`S₁`은 master trigger sequence이다. 모든 입력을 자동으로 흡수하는 만능식으로 쓰지 않는다.
Dimension,SeungeFlow/SeungeFlow,Y_Branch,32f8b248dc7e9ec5c1856b78b4ee207b8861d315,README.md,183,Y_Branch operating surface,https://raw.githubusercontent.com/SeungeFlow/SeungeFlow/32f8b248dc7e9ec5c1856b78b4ee207b8861d315/README.md,### S₂ — Dimension Structure Operation
Structure,SeungeFlow/SeungeFlow,Y_Branch,32f8b248dc7e9ec5c1856b78b4ee207b8861d315,README.md,183,Y_Branch operating surface,https://raw.githubusercontent.com/SeungeFlow/SeungeFlow/32f8b248dc7e9ec5c1856b78b4ee207b8861d315/README.md,### S₂ — Dimension Structure Operation
Operation,SeungeFlow/SeungeFlow,Y_Branch,32f8b248dc7e9ec5c1856b78b4ee207b8861d315,README.md,183,Y_Branch operating surface,https://raw.githubusercontent.com/SeungeFlow/SeungeFlow/32f8b248dc7e9ec5c1856b78b4ee207b8861d315/README.md,### S₂ — Dimension Structure Operation
text,SeungeFlow/SeungeFlow,Y_Branch,32f8b248dc7e9ec5c1856b78b4ee207b8861d315,README.md,185,Y_Branch operating surface,https://raw.githubusercontent.com/SeungeFlow/SeungeFlow/32f8b248dc7e9ec5c1856b78b4ee207b8861d315/README.md,```text
Axis,SeungeFlow/SeungeFlow,Y_Branch,32f8b248dc7e9ec5c1856b78b4ee207b8861d315,README.md,186,Y_Branch operating surface,https://raw.githubusercontent.com/SeungeFlow/SeungeFlow/32f8b248dc7e9ec5c1856b78b4ee207b8861d315/README.md,S₂ = Axis Selection → Boundary Selection → Dimension Split
Selection,SeungeFlow/SeungeFlow,Y_Branch,32f8b248dc7e9ec5c1856b78b4ee207b8861d315,README.md,186,Y_Branch operating surface,https://raw.githubusercontent.com/SeungeFlow/SeungeFlow/32f8b248dc7e9ec5c1856b78b4ee207b8861d315/README.md,S₂ = Axis Selection → Boundary Selection → Dimension Split
Boundary,SeungeFlow/SeungeFlow,Y_Branch,32f8b248dc7e9ec5c1856b78b4ee207b8861d315,README.md,186,Y_Branch operating surface,https://raw.githubusercontent.com/SeungeFlow/SeungeFlow/32f8b248dc7e9ec5c1856b78b4ee207b8861d315/README.md,S₂ = Axis Selection → Boundary Selection → Dimension Split
Selection,SeungeFlow/SeungeFlow,Y_Branch,32f8b248dc7e9ec5c1856b78b4ee207b8861d315,README.md,186,Y_Branch operating surface,https://raw.githubusercontent.com/SeungeFlow/SeungeFlow/32f8b248dc7e9ec5c1856b78b4ee207b8861d315/README.md,S₂ = Axis Selection → Boundary Selection → Dimension Split
Dimension,SeungeFlow/SeungeFlow,Y_Branch,32f8b248dc7e9ec5c1856b78b4ee207b8861d315,README.md,186,Y_Branch operating surface,https://raw.githubusercontent.com/SeungeFlow/SeungeFlow/32f8b248dc7e9ec5c1856b78b4ee207b8861d315/README.md,S₂ = Axis Selection → Boundary Selection → Dimension Split
Split,SeungeFlow/SeungeFlow,Y_Branch,32f8b248dc7e9ec5c1856b78b4ee207b8861d315,README.md,186,Y_Branch operating surface,https://raw.githubusercontent.com/SeungeFlow/SeungeFlow/32f8b248dc7e9ec5c1856b78b4ee207b8861d315/README.md,S₂ = Axis Selection → Boundary Selection → Dimension Split
text,SeungeFlow/SeungeFlow,Y_Branch,32f8b248dc7e9ec5c1856b78b4ee207b8861d315,README.md,189,Y_Branch operating surface,https://raw.githubusercontent.com/SeungeFlow/SeungeFlow/32f8b248dc7e9ec5c1856b78b4ee207b8861d315/README.md,```text
inner,SeungeFlow/SeungeFlow,Y_Branch,32f8b248dc7e9ec5c1856b78b4ee207b8861d315,README.md,190,Y_Branch operating surface,https://raw.githubusercontent.com/SeungeFlow/SeungeFlow/32f8b248dc7e9ec5c1856b78b4ee207b8861d315/README.md,"S₂_inner(ㆍ, ㅇ | A) = Coord_A(ㅇ - ㆍ)"
Coord_A,SeungeFlow/SeungeFlow,Y_Branch,32f8b248dc7e9ec5c1856b78b4ee207b8861d315,README.md,190,Y_Branch operating surface,https://raw.githubusercontent.com/SeungeFlow/SeungeFlow/32f8b248dc7e9ec5c1856b78b4ee207b8861d315/README.md,"S₂_inner(ㆍ, ㅇ | A) = Coord_A(ㅇ - ㆍ)"
text,SeungeFlow/SeungeFlow,Y_Branch,32f8b248dc7e9ec5c1856b78b4ee207b8861d315,README.md,193,Y_Branch operating surface,https://raw.githubusercontent.com/SeungeFlow/SeungeFlow/32f8b248dc7e9ec5c1856b78b4ee207b8861d315/README.md,```text
difficult,SeungeFlow/SeungeFlow,Y_Branch,32f8b248dc7e9ec5c1856b78b4ee207b8861d315,README.md,194,Y_Branch operating surface,https://raw.githubusercontent.com/SeungeFlow/SeungeFlow/32f8b248dc7e9ec5c1856b78b4ee207b8861d315/README.md,A = ∅  → difficult
difference,SeungeFlow/SeungeFlow,Y_Branch,32f8b248dc7e9ec5c1856b78b4ee207b8861d315,README.md,195,Y_Branch operating surface,https://raw.githubusercontent.com/SeungeFlow/SeungeFlow/32f8b248dc7e9ec5c1856b78b4ee207b8861d315/README.md,A ≠ ∅ → difference
same,SeungeFlow/SeungeFlow,Y_Branch,32f8b248dc7e9ec5c1856b78b4ee207b8861d315,README.md,196,Y_Branch operating surface,https://raw.githubusercontent.com/SeungeFlow/SeungeFlow/32f8b248dc7e9ec5c1856b78b4ee207b8861d315/README.md,B = ∅  → same dimension
dimension,SeungeFlow/SeungeFlow,Y_Branch,32f8b248dc7e9ec5c1856b78b4ee207b8861d315,README.md,196,Y_Branch operating surface,https://raw.githubusercontent.com/SeungeFlow/SeungeFlow/32f8b248dc7e9ec5c1856b78b4ee207b8861d315/README.md,B = ∅  → same dimension
inside,SeungeFlow/SeungeFlow,Y_Branch,32f8b248dc7e9ec5c1856b78b4ee207b8861d315,README.md,197,Y_Branch operating surface,https://raw.githubusercontent.com/SeungeFlow/SeungeFlow/32f8b248dc7e9ec5c1856b78b4ee207b8861d315/README.md,B ≠ ∅ → inside / outside → dimension split
outside,SeungeFlow/SeungeFlow,Y_Branch,32f8b248dc7e9ec5c1856b78b4ee207b8861d315,README.md,197,Y_Branch operating surface,https://raw.githubusercontent.com/SeungeFlow/SeungeFlow/32f8b248dc7e9ec5c1856b78b4ee207b8861d315/README.md,B ≠ ∅ → inside / outside → dimension split
dimension,SeungeFlow/SeungeFlow,Y_Branch,32f8b248dc7e9ec5c1856b78b4ee207b8861d315,README.md,197,Y_Branch operating surface,https://raw.githubusercontent.com/SeungeFlow/SeungeFlow/32f8b248dc7e9ec5c1856b78b4ee207b8861d315/README.md,B ≠ ∅ → inside / outside → dimension split
split,SeungeFlow/SeungeFlow,Y_Branch,32f8b248dc7e9ec5c1856b78b4ee207b8861d315,README.md,197,Y_Branch operating surface,https://raw.githubusercontent.com/SeungeFlow/SeungeFlow/32f8b248dc7e9ec5c1856b78b4ee207b8861d315/README.md,B ≠ ∅ → inside / outside → dimension split
는,SeungeFlow/SeungeFlow,Y_Branch,32f8b248dc7e9ec5c1856b78b4ee207b8861d315,README.md,200,Y_Branch operating surface,https://raw.githubusercontent.com/SeungeFlow/SeungeFlow/32f8b248dc7e9ec5c1856b78b4ee207b8861d315/README.md,`S₂`는 11회차 Brake Test에서 가장 안정적으로 통과한 구조연산식이다.
11,SeungeFlow/SeungeFlow,Y_Branch,32f8b248dc7e9ec5c1856b78b4ee207b8861d315,README.md,200,Y_Branch operating surface,https://raw.githubusercontent.com/SeungeFlow/SeungeFlow/32f8b248dc7e9ec5c1856b78b4ee207b8861d315/README.md,`S₂`는 11회차 Brake Test에서 가장 안정적으로 통과한 구조연산식이다.
회차,SeungeFlow/SeungeFlow,Y_Branch,32f8b248dc7e9ec5c1856b78b4ee207b8861d315,README.md,200,Y_Branch operating surface,https://raw.githubusercontent.com/SeungeFlow/SeungeFlow/32f8b248dc7e9ec5c1856b78b4ee207b8861d315/README.md,`S₂`는 11회차 Brake Test에서 가장 안정적으로 통과한 구조연산식이다.
Brake,SeungeFlow/SeungeFlow,Y_Branch,32f8b248dc7e9ec5c1856b78b4ee207b8861d315,README.md,200,Y_Branch operating surface,https://raw.githubusercontent.com/SeungeFlow/SeungeFlow/32f8b248dc7e9ec5c1856b78b4ee207b8861d315/README.md,`S₂`는 11회차 Brake Test에서 가장 안정적으로 통과한 구조연산식이다.
Test,SeungeFlow/SeungeFlow,Y_Branch,32f8b248dc7e9ec5c1856b78b4ee207b8861d315,README.md,200,Y_Branch operating surface,https://raw.githubusercontent.com/SeungeFlow/SeungeFlow/32f8b248dc7e9ec5c1856b78b4ee207b8861d315/README.md,`S₂`는 11회차 Brake Test에서 가장 안정적으로 통과한 구조연산식이다.
에서,SeungeFlow/SeungeFlow,Y_Branch,32f8b248dc7e9ec5c1856b78b4ee207b8861d315,README.md,200,Y_Branch operating surface,https://raw.githubusercontent.com/SeungeFlow/SeungeFlow/32f8b248dc7e9ec5c1856b78b4ee207b8861d315/README.md,`S₂`는 11회차 Brake Test에서 가장 안정적으로 통과한 구조연산식이다.
가장,SeungeFlow/SeungeFlow,Y_Branch,32f8b248dc7e9ec5c1856b78b4ee207b8861d315,README.md,200,Y_Branch operating surface,https://raw.githubusercontent.com/SeungeFlow/SeungeFlow/32f8b248dc7e9ec5c1856b78b4ee207b8861d315/README.md,`S₂`는 11회차 Brake Test에서 가장 안정적으로 통과한 구조연산식이다.
안정적으로,SeungeFlow/SeungeFlow,Y_Branch,32f8b248dc7e9ec5c1856b78b4ee207b8861d315,README.md,200,Y_Branch operating surface,https://raw.githubusercontent.com/SeungeFlow/SeungeFlow/32f8b248dc7e9ec5c1856b78b4ee207b8861d315/README.md,`S₂`는 11회차 Brake Test에서 가장 안정적으로 통과한 구조연산식이다.
통과한,SeungeFlow/SeungeFlow,Y_Branch,32f8b248dc7e9ec5c1856b78b4ee207b8861d315,README.md,200,Y_Branch operating surface,https://raw.githubusercontent.com/SeungeFlow/SeungeFlow/32f8b248dc7e9ec5c1856b78b4ee207b8861d315/README.md,`S₂`는 11회차 Brake Test에서 가장 안정적으로 통과한 구조연산식이다.
구조연산식이다,SeungeFlow/SeungeFlow,Y_Branch,32f8b248dc7e9ec5c1856b78b4ee207b8861d315,README.md,200,Y_Branch operating surface,https://raw.githubusercontent.com/SeungeFlow/SeungeFlow/32f8b248dc7e9ec5c1856b78b4ee207b8861d315/README.md,`S₂`는 11회차 Brake Test에서 가장 안정적으로 통과한 구조연산식이다.
Orbit,SeungeFlow/SeungeFlow,Y_Branch,32f8b248dc7e9ec5c1856b78b4ee207b8861d315,README.md,202,Y_Branch operating surface,https://raw.githubusercontent.com/SeungeFlow/SeungeFlow/32f8b248dc7e9ec5c1856b78b4ee207b8861d315/README.md,### S₃ — Orbit / Field Boundary / Escape Condition Operation
Field,SeungeFlow/SeungeFlow,Y_Branch,32f8b248dc7e9ec5c1856b78b4ee207b8861d315,README.md,202,Y_Branch operating surface,https://raw.githubusercontent.com/SeungeFlow/SeungeFlow/32f8b248dc7e9ec5c1856b78b4ee207b8861d315/README.md,### S₃ — Orbit / Field Boundary / Escape Condition Operation
Boundary,SeungeFlow/SeungeFlow,Y_Branch,32f8b248dc7e9ec5c1856b78b4ee207b8861d315,README.md,202,Y_Branch operating surface,https://raw.githubusercontent.com/SeungeFlow/SeungeFlow/32f8b248dc7e9ec5c1856b78b4ee207b8861d315/README.md,### S₃ — Orbit / Field Boundary / Escape Condition Operation
Escape,SeungeFlow/SeungeFlow,Y_Branch,32f8b248dc7e9ec5c1856b78b4ee207b8861d315,README.md,202,Y_Branch operating surface,https://raw.githubusercontent.com/SeungeFlow/SeungeFlow/32f8b248dc7e9ec5c1856b78b4ee207b8861d315/README.md,### S₃ — Orbit / Field Boundary / Escape Condition Operation
Condition,SeungeFlow/SeungeFlow,Y_Branch,32f8b248dc7e9ec5c1856b78b4ee207b8861d315,README.md,202,Y_Branch operating surface,https://raw.githubusercontent.com/SeungeFlow/SeungeFlow/32f8b248dc7e9ec5c1856b78b4ee207b8861d315/README.md,### S₃ — Orbit / Field Boundary / Escape Condition Operation
Operation,SeungeFlow/SeungeFlow,Y_Branch,32f8b248dc7e9ec5c1856b78b4ee207b8861d315,README.md,202,Y_Branch operating surface,https://raw.githubusercontent.com/SeungeFlow/SeungeFlow/32f8b248dc7e9ec5c1856b78b4ee207b8861d315/README.md,### S₃ — Orbit / Field Boundary / Escape Condition Operation
text,SeungeFlow/SeungeFlow,Y_Branch,32f8b248dc7e9ec5c1856b78b4ee207b8861d315,README.md,204,Y_Branch operating surface,https://raw.githubusercontent.com/SeungeFlow/SeungeFlow/32f8b248dc7e9ec5c1856b78b4ee207b8861d315/README.md,```text
P_m,SeungeFlow/SeungeFlow,Y_Branch,32f8b248dc7e9ec5c1856b78b4ee207b8861d315,README.md,205,Y_Branch operating surface,https://raw.githubusercontent.com/SeungeFlow/SeungeFlow/32f8b248dc7e9ec5c1856b78b4ee207b8861d315/README.md,"S₃(M, m | U, A, P_m)"
DimSplit_U,SeungeFlow/SeungeFlow,Y_Branch,32f8b248dc7e9ec5c1856b78b4ee207b8861d315,README.md,207,Y_Branch operating surface,https://raw.githubusercontent.com/SeungeFlow/SeungeFlow/32f8b248dc7e9ec5c1856b78b4ee207b8861d315/README.md,DimSplit_U(
FieldBoundary,SeungeFlow/SeungeFlow,Y_Branch,32f8b248dc7e9ec5c1856b78b4ee207b8861d315,README.md,208,Y_Branch operating surface,https://raw.githubusercontent.com/SeungeFlow/SeungeFlow/32f8b248dc7e9ec5c1856b78b4ee207b8861d315/README.md,"FieldBoundaryᵢ(M, m, P_m),"
P_m,SeungeFlow/SeungeFlow,Y_Branch,32f8b248dc7e9ec5c1856b78b4ee207b8861d315,README.md,208,Y_Branch operating surface,https://raw.githubusercontent.com/SeungeFlow/SeungeFlow/32f8b248dc7e9ec5c1856b78b4ee207b8861d315/README.md,"FieldBoundaryᵢ(M, m, P_m),"
Coord_A,SeungeFlow/SeungeFlow,Y_Branch,32f8b248dc7e9ec5c1856b78b4ee207b8861d315,README.md,209,Y_Branch operating surface,https://raw.githubusercontent.com/SeungeFlow/SeungeFlow/32f8b248dc7e9ec5c1856b78b4ee207b8861d315/README.md,"Coord_A(m - ㆍ),"
EscapeCondition,SeungeFlow/SeungeFlow,Y_Branch,32f8b248dc7e9ec5c1856b78b4ee207b8861d315,README.md,210,Y_Branch operating surface,https://raw.githubusercontent.com/SeungeFlow/SeungeFlow/32f8b248dc7e9ec5c1856b78b4ee207b8861d315/README.md,"EscapeCondition(m, FieldBoundaryᵢ, P_m)"
FieldBoundary,SeungeFlow/SeungeFlow,Y_Branch,32f8b248dc7e9ec5c1856b78b4ee207b8861d315,README.md,210,Y_Branch operating surface,https://raw.githubusercontent.com/SeungeFlow/SeungeFlow/32f8b248dc7e9ec5c1856b78b4ee207b8861d315/README.md,"EscapeCondition(m, FieldBoundaryᵢ, P_m)"
P_m,SeungeFlow/SeungeFlow,Y_Branch,32f8b248dc7e9ec5c1856b78b4ee207b8861d315,README.md,210,Y_Branch operating surface,https://raw.githubusercontent.com/SeungeFlow/SeungeFlow/32f8b248dc7e9ec5c1856b78b4ee207b8861d315/README.md,"EscapeCondition(m, FieldBoundaryᵢ, P_m)"
Brake,SeungeFlow/SeungeFlow,Y_Branch,32f8b248dc7e9ec5c1856b78b4ee207b8861d315,README.md,214,Y_Branch operating surface,https://raw.githubusercontent.com/SeungeFlow/SeungeFlow/32f8b248dc7e9ec5c1856b78b4ee207b8861d315/README.md,Brake Test 이후 `S₃`는 우선 다음처럼 읽는다.
Test,SeungeFlow/SeungeFlow,Y_Branch,32f8b248dc7e9ec5c1856b78b4ee207b8861d315,README.md,214,Y_Branch operating surface,https://raw.githubusercontent.com/SeungeFlow/SeungeFlow/32f8b248dc7e9ec5c1856b78b4ee207b8861d315/README.md,Brake Test 이후 `S₃`는 우선 다음처럼 읽는다.
이후,SeungeFlow/SeungeFlow,Y_Branch,32f8b248dc7e9ec5c1856b78b4ee207b8861d315,README.md,214,Y_Branch operating surface,https://raw.githubusercontent.com/SeungeFlow/SeungeFlow/32f8b248dc7e9ec5c1856b78b4ee207b8861d315/README.md,Brake Test 이후 `S₃`는 우선 다음처럼 읽는다.
는,SeungeFlow/SeungeFlow,Y_Branch,32f8b248dc7e9ec5c1856b78b4ee207b8861d315,README.md,214,Y_Branch operating surface,https://raw.githubusercontent.com/SeungeFlow/SeungeFlow/32f8b248dc7e9ec5c1856b78b4ee207b8861d315/README.md,Brake Test 이후 `S₃`는 우선 다음처럼 읽는다.
우선,SeungeFlow/SeungeFlow,Y_Branch,32f8b248dc7e9ec5c1856b78b4ee207b8861d315,README.md,214,Y_Branch operating surface,https://raw.githubusercontent.com/SeungeFlow/SeungeFlow/32f8b248dc7e9ec5c1856b78b4ee207b8861d315/README.md,Brake Test 이후 `S₃`는 우선 다음처럼 읽는다.
다음처럼,SeungeFlow/SeungeFlow,Y_Branch,32f8b248dc7e9ec5c1856b78b4ee207b8861d315,README.md,214,Y_Branch operating surface,https://raw.githubusercontent.com/SeungeFlow/SeungeFlow/32f8b248dc7e9ec5c1856b78b4ee207b8861d315/README.md,Brake Test 이후 `S₃`는 우선 다음처럼 읽는다.
읽는다,SeungeFlow/SeungeFlow,Y_Branch,32f8b248dc7e9ec5c1856b78b4ee207b8861d315,README.md,214,Y_Branch operating surface,https://raw.githubusercontent.com/SeungeFlow/SeungeFlow/32f8b248dc7e9ec5c1856b78b4ee207b8861d315/README.md,Brake Test 이후 `S₃`는 우선 다음처럼 읽는다.
text,SeungeFlow/SeungeFlow,Y_Branch,32f8b248dc7e9ec5c1856b78b4ee207b8861d315,README.md,216,Y_Branch operating surface,https://raw.githubusercontent.com/SeungeFlow/SeungeFlow/32f8b248dc7e9ec5c1856b78b4ee207b8861d315/README.md,```text
source-boundary,SeungeFlow/SeungeFlow,Y_Branch,32f8b248dc7e9ec5c1856b78b4ee207b8861d315,README.md,217,Y_Branch operating surface,https://raw.githubusercontent.com/SeungeFlow/SeungeFlow/32f8b248dc7e9ec5c1856b78b4ee207b8861d315/README.md,S₃ = source-boundary + interpretation-boundary + escape-condition
interpretation-boundary,SeungeFlow/SeungeFlow,Y_Branch,32f8b248dc7e9ec5c1856b78b4ee207b8861d315,README.md,217,Y_Branch operating surface,https://raw.githubusercontent.com/SeungeFlow/SeungeFlow/32f8b248dc7e9ec5c1856b78b4ee207b8861d315/README.md,S₃ = source-boundary + interpretation-boundary + escape-condition
escape-condition,SeungeFlow/SeungeFlow,Y_Branch,32f8b248dc7e9ec5c1856b78b4ee207b8861d315,README.md,217,Y_Branch operating surface,https://raw.githubusercontent.com/SeungeFlow/SeungeFlow/32f8b248dc7e9ec5c1856b78b4ee207b8861d315/README.md,S₃ = source-boundary + interpretation-boundary + escape-condition
COG,SeungeFlow/SeungeFlow,Y_Branch,32f8b248dc7e9ec5c1856b78b4ee207b8861d315,README.md,220,Y_Branch operating surface,https://raw.githubusercontent.com/SeungeFlow/SeungeFlow/32f8b248dc7e9ec5c1856b78b4ee207b8861d315/README.md,### S₄ — COG–9dot0 Nested Orbit Dimension Operation
9dot0,SeungeFlow/SeungeFlow,Y_Branch,32f8b248dc7e9ec5c1856b78b4ee207b8861d315,README.md,220,Y_Branch operating surface,https://raw.githubusercontent.com/SeungeFlow/SeungeFlow/32f8b248dc7e9ec5c1856b78b4ee207b8861d315/README.md,### S₄ — COG–9dot0 Nested Orbit Dimension Operation
Nested,SeungeFlow/SeungeFlow,Y_Branch,32f8b248dc7e9ec5c1856b78b4ee207b8861d315,README.md,220,Y_Branch operating surface,https://raw.githubusercontent.com/SeungeFlow/SeungeFlow/32f8b248dc7e9ec5c1856b78b4ee207b8861d315/README.md,### S₄ — COG–9dot0 Nested Orbit Dimension Operation
Orbit,SeungeFlow/SeungeFlow,Y_Branch,32f8b248dc7e9ec5c1856b78b4ee207b8861d315,README.md,220,Y_Branch operating surface,https://raw.githubusercontent.com/SeungeFlow/SeungeFlow/32f8b248dc7e9ec5c1856b78b4ee207b8861d315/README.md,### S₄ — COG–9dot0 Nested Orbit Dimension Operation
Dimension,SeungeFlow/SeungeFlow,Y_Branch,32f8b248dc7e9ec5c1856b78b4ee207b8861d315,README.md,220,Y_Branch operating surface,https://raw.githubusercontent.com/SeungeFlow/SeungeFlow/32f8b248dc7e9ec5c1856b78b4ee207b8861d315/README.md,### S₄ — COG–9dot0 Nested Orbit Dimension Operation
Operation,SeungeFlow/SeungeFlow,Y_Branch,32f8b248dc7e9ec5c1856b78b4ee207b8861d315,README.md,220,Y_Branch operating surface,https://raw.githubusercontent.com/SeungeFlow/SeungeFlow/32f8b248dc7e9ec5c1856b78b4ee207b8861d315/README.md,### S₄ — COG–9dot0 Nested Orbit Dimension Operation
text,SeungeFlow/SeungeFlow,Y_Branch,32f8b248dc7e9ec5c1856b78b4ee207b8861d315,README.md,222,Y_Branch operating surface,https://raw.githubusercontent.com/SeungeFlow/SeungeFlow/32f8b248dc7e9ec5c1856b78b4ee207b8861d315/README.md,```text
m1,SeungeFlow/SeungeFlow,Y_Branch,32f8b248dc7e9ec5c1856b78b4ee207b8861d315,README.md,223,Y_Branch operating surface,https://raw.githubusercontent.com/SeungeFlow/SeungeFlow/32f8b248dc7e9ec5c1856b78b4ee207b8861d315/README.md,"S₄(m1, m2, m | U)"
m2,SeungeFlow/SeungeFlow,Y_Branch,32f8b248dc7e9ec5c1856b78b4ee207b8861d315,README.md,223,Y_Branch operating surface,https://raw.githubusercontent.com/SeungeFlow/SeungeFlow/32f8b248dc7e9ec5c1856b78b4ee207b8861d315/README.md,"S₄(m1, m2, m | U)"
COG,SeungeFlow/SeungeFlow,Y_Branch,32f8b248dc7e9ec5c1856b78b4ee207b8861d315,README.md,226,Y_Branch operating surface,https://raw.githubusercontent.com/SeungeFlow/SeungeFlow/32f8b248dc7e9ec5c1856b78b4ee207b8861d315/README.md,"COG = center(m1, m2, m),"
center,SeungeFlow/SeungeFlow,Y_Branch,32f8b248dc7e9ec5c1856b78b4ee207b8861d315,README.md,226,Y_Branch operating surface,https://raw.githubusercontent.com/SeungeFlow/SeungeFlow/32f8b248dc7e9ec5c1856b78b4ee207b8861d315/README.md,"COG = center(m1, m2, m),"
m1,SeungeFlow/SeungeFlow,Y_Branch,32f8b248dc7e9ec5c1856b78b4ee207b8861d315,README.md,226,Y_Branch operating surface,https://raw.githubusercontent.com/SeungeFlow/SeungeFlow/32f8b248dc7e9ec5c1856b78b4ee207b8861d315/README.md,"COG = center(m1, m2, m),"
m2,SeungeFlow/SeungeFlow,Y_Branch,32f8b248dc7e9ec5c1856b78b4ee207b8861d315,README.md,226,Y_Branch operating surface,https://raw.githubusercontent.com/SeungeFlow/SeungeFlow/32f8b248dc7e9ec5c1856b78b4ee207b8861d315/README.md,"COG = center(m1, m2, m),"
dot,SeungeFlow/SeungeFlow,Y_Branch,32f8b248dc7e9ec5c1856b78b4ee207b8861d315,README.md,227,Y_Branch operating surface,https://raw.githubusercontent.com/SeungeFlow/SeungeFlow/32f8b248dc7e9ec5c1856b78b4ee207b8861d315/README.md,"dot = central_equilibrium_reference_point,"
central_equilibrium_reference_point,SeungeFlow/SeungeFlow,Y_Branch,32f8b248dc7e9ec5c1856b78b4ee207b8861d315,README.md,227,Y_Branch operating surface,https://raw.githubusercontent.com/SeungeFlow/SeungeFlow/32f8b248dc7e9ec5c1856b78b4ee207b8861d315/README.md,"dot = central_equilibrium_reference_point,"
0,SeungeFlow/SeungeFlow,Y_Branch,32f8b248dc7e9ec5c1856b78b4ee207b8861d315,README.md,228,Y_Branch operating surface,https://raw.githubusercontent.com/SeungeFlow/SeungeFlow/32f8b248dc7e9ec5c1856b78b4ee207b8861d315/README.md,"0 = COG field,"
COG,SeungeFlow/SeungeFlow,Y_Branch,32f8b248dc7e9ec5c1856b78b4ee207b8861d315,README.md,228,Y_Branch operating surface,https://raw.githubusercontent.com/SeungeFlow/SeungeFlow/32f8b248dc7e9ec5c1856b78b4ee207b8861d315/README.md,"0 = COG field,"
field,SeungeFlow/SeungeFlow,Y_Branch,32f8b248dc7e9ec5c1856b78b4ee207b8861d315,README.md,228,Y_Branch operating surface,https://raw.githubusercontent.com/SeungeFlow/SeungeFlow/32f8b248dc7e9ec5c1856b78b4ee207b8861d315/README.md,"0 = COG field,"
9,SeungeFlow/SeungeFlow,Y_Branch,32f8b248dc7e9ec5c1856b78b4ee207b8861d315,README.md,229,Y_Branch operating surface,https://raw.githubusercontent.com/SeungeFlow/SeungeFlow/32f8b248dc7e9ec5c1856b78b4ee207b8861d315/README.md,"9 = orbit endpoint of m2,"
orbit,SeungeFlow/SeungeFlow,Y_Branch,32f8b248dc7e9ec5c1856b78b4ee207b8861d315,README.md,229,Y_Branch operating surface,https://raw.githubusercontent.com/SeungeFlow/SeungeFlow/32f8b248dc7e9ec5c1856b78b4ee207b8861d315/README.md,"9 = orbit endpoint of m2,"
endpoint,SeungeFlow/SeungeFlow,Y_Branch,32f8b248dc7e9ec5c1856b78b4ee207b8861d315,README.md,229,Y_Branch operating surface,https://raw.githubusercontent.com/SeungeFlow/SeungeFlow/32f8b248dc7e9ec5c1856b78b4ee207b8861d315/README.md,"9 = orbit endpoint of m2,"
m2,SeungeFlow/SeungeFlow,Y_Branch,32f8b248dc7e9ec5c1856b78b4ee207b8861d315,README.md,229,Y_Branch operating surface,https://raw.githubusercontent.com/SeungeFlow/SeungeFlow/32f8b248dc7e9ec5c1856b78b4ee207b8861d315/README.md,"9 = orbit endpoint of m2,"
sequence,SeungeFlow/SeungeFlow,Y_Branch,32f8b248dc7e9ec5c1856b78b4ee207b8861d315,README.md,230,Y_Branch operating surface,https://raw.githubusercontent.com/SeungeFlow/SeungeFlow/32f8b248dc7e9ec5c1856b78b4ee207b8861d315/README.md,"sequence = dot → 0 → 1...8 → 9,"
dot,SeungeFlow/SeungeFlow,Y_Branch,32f8b248dc7e9ec5c1856b78b4ee207b8861d315,README.md,230,Y_Branch operating surface,https://raw.githubusercontent.com/SeungeFlow/SeungeFlow/32f8b248dc7e9ec5c1856b78b4ee207b8861d315/README.md,"sequence = dot → 0 → 1...8 → 9,"
0,SeungeFlow/SeungeFlow,Y_Branch,32f8b248dc7e9ec5c1856b78b4ee207b8861d315,README.md,230,Y_Branch operating surface,https://raw.githubusercontent.com/SeungeFlow/SeungeFlow/32f8b248dc7e9ec5c1856b78b4ee207b8861d315/README.md,"sequence = dot → 0 → 1...8 → 9,"
1,SeungeFlow/SeungeFlow,Y_Branch,32f8b248dc7e9ec5c1856b78b4ee207b8861d315,README.md,230,Y_Branch operating surface,https://raw.githubusercontent.com/SeungeFlow/SeungeFlow/32f8b248dc7e9ec5c1856b78b4ee207b8861d315/README.md,"sequence = dot → 0 → 1...8 → 9,"
8,SeungeFlow/SeungeFlow,Y_Branch,32f8b248dc7e9ec5c1856b78b4ee207b8861d315,README.md,230,Y_Branch operating surface,https://raw.githubusercontent.com/SeungeFlow/SeungeFlow/32f8b248dc7e9ec5c1856b78b4ee207b8861d315/README.md,"sequence = dot → 0 → 1...8 → 9,"
9,SeungeFlow/SeungeFlow,Y_Branch,32f8b248dc7e9ec5c1856b78b4ee207b8861d315,README.md,230,Y_Branch operating surface,https://raw.githubusercontent.com/SeungeFlow/SeungeFlow/32f8b248dc7e9ec5c1856b78b4ee207b8861d315/README.md,"sequence = dot → 0 → 1...8 → 9,"
next,SeungeFlow/SeungeFlow,Y_Branch,32f8b248dc7e9ec5c1856b78b4ee207b8861d315,README.md,231,Y_Branch operating surface,https://raw.githubusercontent.com/SeungeFlow/SeungeFlow/32f8b248dc7e9ec5c1856b78b4ee207b8861d315/README.md,"next = repeat_9dot0(m2, m),"
repeat_9dot0,SeungeFlow/SeungeFlow,Y_Branch,32f8b248dc7e9ec5c1856b78b4ee207b8861d315,README.md,231,Y_Branch operating surface,https://raw.githubusercontent.com/SeungeFlow/SeungeFlow/32f8b248dc7e9ec5c1856b78b4ee207b8861d315/README.md,"next = repeat_9dot0(m2, m),"
m2,SeungeFlow/SeungeFlow,Y_Branch,32f8b248dc7e9ec5c1856b78b4ee207b8861d315,README.md,231,Y_Branch operating surface,https://raw.githubusercontent.com/SeungeFlow/SeungeFlow/32f8b248dc7e9ec5c1856b78b4ee207b8861d315/README.md,"next = repeat_9dot0(m2, m),"
dimension,SeungeFlow/SeungeFlow,Y_Branch,32f8b248dc7e9ec5c1856b78b4ee207b8861d315,README.md,232,Y_Branch operating surface,https://raw.githubusercontent.com/SeungeFlow/SeungeFlow/32f8b248dc7e9ec5c1856b78b4ee207b8861d315/README.md,dimension = n + k or n - k by boundary depth
boundary,SeungeFlow/SeungeFlow,Y_Branch,32f8b248dc7e9ec5c1856b78b4ee207b8861d315,README.md,232,Y_Branch operating surface,https://raw.githubusercontent.com/SeungeFlow/SeungeFlow/32f8b248dc7e9ec5c1856b78b4ee207b8861d315/README.md,dimension = n + k or n - k by boundary depth
depth,SeungeFlow/SeungeFlow,Y_Branch,32f8b248dc7e9ec5c1856b78b4ee207b8861d315,README.md,232,Y_Branch operating surface,https://raw.githubusercontent.com/SeungeFlow/SeungeFlow/32f8b248dc7e9ec5c1856b78b4ee207b8861d315/README.md,dimension = n + k or n - k by boundary depth
는,SeungeFlow/SeungeFlow,Y_Branch,32f8b248dc7e9ec5c1856b78b4ee207b8861d315,README.md,236,Y_Branch operating surface,https://raw.githubusercontent.com/SeungeFlow/SeungeFlow/32f8b248dc7e9ec5c1856b78b4ee207b8861d315/README.md,`S₄`는 중요하지만 아직 완전 검증은 보류되었다.
중요하지만,SeungeFlow/SeungeFlow,Y_Branch,32f8b248dc7e9ec5c1856b78b4ee207b8861d315,README.md,236,Y_Branch operating surface,https://raw.githubusercontent.com/SeungeFlow/SeungeFlow/32f8b248dc7e9ec5c1856b78b4ee207b8861d315/README.md,`S₄`는 중요하지만 아직 완전 검증은 보류되었다.
아직,SeungeFlow/SeungeFlow,Y_Branch,32f8b248dc7e9ec5c1856b78b4ee207b8861d315,README.md,236,Y_Branch operating surface,https://raw.githubusercontent.com/SeungeFlow/SeungeFlow/32f8b248dc7e9ec5c1856b78b4ee207b8861d315/README.md,`S₄`는 중요하지만 아직 완전 검증은 보류되었다.
완전,SeungeFlow/SeungeFlow,Y_Branch,32f8b248dc7e9ec5c1856b78b4ee207b8861d315,README.md,236,Y_Branch operating surface,https://raw.githubusercontent.com/SeungeFlow/SeungeFlow/32f8b248dc7e9ec5c1856b78b4ee207b8861d315/README.md,`S₄`는 중요하지만 아직 완전 검증은 보류되었다.
검증은,SeungeFlow/SeungeFlow,Y_Branch,32f8b248dc7e9ec5c1856b78b4ee207b8861d315,README.md,236,Y_Branch operating surface,https://raw.githubusercontent.com/SeungeFlow/SeungeFlow/32f8b248dc7e9ec5c1856b78b4ee207b8861d315/README.md,`S₄`는 중요하지만 아직 완전 검증은 보류되었다.
보류되었다,SeungeFlow/SeungeFlow,Y_Branch,32f8b248dc7e9ec5c1856b78b4ee207b8861d315,README.md,236,Y_Branch operating surface,https://raw.githubusercontent.com/SeungeFlow/SeungeFlow/32f8b248dc7e9ec5c1856b78b4ee207b8861d315/README.md,`S₄`는 중요하지만 아직 완전 검증은 보류되었다.
text,SeungeFlow/SeungeFlow,Y_Branch,32f8b248dc7e9ec5c1856b78b4ee207b8861d315,README.md,238,Y_Branch operating surface,https://raw.githubusercontent.com/SeungeFlow/SeungeFlow/32f8b248dc7e9ec5c1856b78b4ee207b8861d315/README.md,```text
hold,SeungeFlow/SeungeFlow,Y_Branch,32f8b248dc7e9ec5c1856b78b4ee207b8861d315,README.md,239,Y_Branch operating surface,https://raw.githubusercontent.com/SeungeFlow/SeungeFlow/32f8b248dc7e9ec5c1856b78b4ee207b8861d315/README.md,S₄ = hold / not discarded
discarded,SeungeFlow/SeungeFlow,Y_Branch,32f8b248dc7e9ec5c1856b78b4ee207b8861d315,README.md,239,Y_Branch operating surface,https://raw.githubusercontent.com/SeungeFlow/SeungeFlow/32f8b248dc7e9ec5c1856b78b4ee207b8861d315/README.md,S₄ = hold / not discarded
7,SeungeFlow/SeungeFlow,Y_Branch,32f8b248dc7e9ec5c1856b78b4ee207b8861d315,README.md,244,Y_Branch operating surface,https://raw.githubusercontent.com/SeungeFlow/SeungeFlow/32f8b248dc7e9ec5c1856b78b4ee207b8861d315/README.md,## 7. dot / diff / orbit / COG / 9dot0
dot,SeungeFlow/SeungeFlow,Y_Branch,32f8b248dc7e9ec5c1856b78b4ee207b8861d315,README.md,244,Y_Branch operating surface,https://raw.githubusercontent.com/SeungeFlow/SeungeFlow/32f8b248dc7e9ec5c1856b78b4ee207b8861d315/README.md,## 7. dot / diff / orbit / COG / 9dot0
diff,SeungeFlow/SeungeFlow,Y_Branch,32f8b248dc7e9ec5c1856b78b4ee207b8861d315,README.md,244,Y_Branch operating surface,https://raw.githubusercontent.com/SeungeFlow/SeungeFlow/32f8b248dc7e9ec5c1856b78b4ee207b8861d315/README.md,## 7. dot / diff / orbit / COG / 9dot0
orbit,SeungeFlow/SeungeFlow,Y_Branch,32f8b248dc7e9ec5c1856b78b4ee207b8861d315,README.md,244,Y_Branch operating surface,https://raw.githubusercontent.com/SeungeFlow/SeungeFlow/32f8b248dc7e9ec5c1856b78b4ee207b8861d315/README.md,## 7. dot / diff / orbit / COG / 9dot0
COG,SeungeFlow/SeungeFlow,Y_Branch,32f8b248dc7e9ec5c1856b78b4ee207b8861d315,README.md,244,Y_Branch operating surface,https://raw.githubusercontent.com/SeungeFlow/SeungeFlow/32f8b248dc7e9ec5c1856b78b4ee207b8861d315/README.md,## 7. dot / diff / orbit / COG / 9dot0
9dot0,SeungeFlow/SeungeFlow,Y_Branch,32f8b248dc7e9ec5c1856b78b4ee207b8861d315,README.md,244,Y_Branch operating surface,https://raw.githubusercontent.com/SeungeFlow/SeungeFlow/32f8b248dc7e9ec5c1856b78b4ee207b8861d315/README.md,## 7. dot / diff / orbit / COG / 9dot0
text,SeungeFlow/SeungeFlow,Y_Branch,32f8b248dc7e9ec5c1856b78b4ee207b8861d315,README.md,246,Y_Branch operating surface,https://raw.githubusercontent.com/SeungeFlow/SeungeFlow/32f8b248dc7e9ec5c1856b78b4ee207b8861d315/README.md,```text
dot,SeungeFlow/SeungeFlow,Y_Branch,32f8b248dc7e9ec5c1856b78b4ee207b8861d315,README.md,247,Y_Branch operating surface,https://raw.githubusercontent.com/SeungeFlow/SeungeFlow/32f8b248dc7e9ec5c1856b78b4ee207b8861d315/README.md,dot = 현시점 + 정중심평형기준점 + p(t|?)로 고정되는 자리
현시점,SeungeFlow/SeungeFlow,Y_Branch,32f8b248dc7e9ec5c1856b78b4ee207b8861d315,README.md,247,Y_Branch operating surface,https://raw.githubusercontent.com/SeungeFlow/SeungeFlow/32f8b248dc7e9ec5c1856b78b4ee207b8861d315/README.md,dot = 현시점 + 정중심평형기준점 + p(t|?)로 고정되는 자리
정중심평형기준점,SeungeFlow/SeungeFlow,Y_Branch,32f8b248dc7e9ec5c1856b78b4ee207b8861d315,README.md,247,Y_Branch operating surface,https://raw.githubusercontent.com/SeungeFlow/SeungeFlow/32f8b248dc7e9ec5c1856b78b4ee207b8861d315/README.md,dot = 현시점 + 정중심평형기준점 + p(t|?)로 고정되는 자리
로,SeungeFlow/SeungeFlow,Y_Branch,32f8b248dc7e9ec5c1856b78b4ee207b8861d315,README.md,247,Y_Branch operating surface,https://raw.githubusercontent.com/SeungeFlow/SeungeFlow/32f8b248dc7e9ec5c1856b78b4ee207b8861d315/README.md,dot = 현시점 + 정중심평형기준점 + p(t|?)로 고정되는 자리
고정되는,SeungeFlow/SeungeFlow,Y_Branch,32f8b248dc7e9ec5c1856b78b4ee207b8861d315,README.md,247,Y_Branch operating surface,https://raw.githubusercontent.com/SeungeFlow/SeungeFlow/32f8b248dc7e9ec5c1856b78b4ee207b8861d315/README.md,dot = 현시점 + 정중심평형기준점 + p(t|?)로 고정되는 자리
자리,SeungeFlow/SeungeFlow,Y_Branch,32f8b248dc7e9ec5c1856b78b4ee207b8861d315,README.md,247,Y_Branch operating surface,https://raw.githubusercontent.com/SeungeFlow/SeungeFlow/32f8b248dc7e9ec5c1856b78b4ee207b8861d315/README.md,dot = 현시점 + 정중심평형기준점 + p(t|?)로 고정되는 자리
diff,SeungeFlow/SeungeFlow,Y_Branch,32f8b248dc7e9ec5c1856b78b4ee207b8861d315,README.md,249,Y_Branch operating surface,https://raw.githubusercontent.com/SeungeFlow/SeungeFlow/32f8b248dc7e9ec5c1856b78b4ee207b8861d315/README.md,diff = difficult가 axis selection을 통해 difference가 되는 구조
difficult,SeungeFlow/SeungeFlow,Y_Branch,32f8b248dc7e9ec5c1856b78b4ee207b8861d315,README.md,249,Y_Branch operating surface,https://raw.githubusercontent.com/SeungeFlow/SeungeFlow/32f8b248dc7e9ec5c1856b78b4ee207b8861d315/README.md,diff = difficult가 axis selection을 통해 difference가 되는 구조
가,SeungeFlow/SeungeFlow,Y_Branch,32f8b248dc7e9ec5c1856b78b4ee207b8861d315,README.md,249,Y_Branch operating surface,https://raw.githubusercontent.com/SeungeFlow/SeungeFlow/32f8b248dc7e9ec5c1856b78b4ee207b8861d315/README.md,diff = difficult가 axis selection을 통해 difference가 되는 구조
axis,SeungeFlow/SeungeFlow,Y_Branch,32f8b248dc7e9ec5c1856b78b4ee207b8861d315,README.md,249,Y_Branch operating surface,https://raw.githubusercontent.com/SeungeFlow/SeungeFlow/32f8b248dc7e9ec5c1856b78b4ee207b8861d315/README.md,diff = difficult가 axis selection을 통해 difference가 되는 구조
selection,SeungeFlow/SeungeFlow,Y_Branch,32f8b248dc7e9ec5c1856b78b4ee207b8861d315,README.md,249,Y_Branch operating surface,https://raw.githubusercontent.com/SeungeFlow/SeungeFlow/32f8b248dc7e9ec5c1856b78b4ee207b8861d315/README.md,diff = difficult가 axis selection을 통해 difference가 되는 구조
을,SeungeFlow/SeungeFlow,Y_Branch,32f8b248dc7e9ec5c1856b78b4ee207b8861d315,README.md,249,Y_Branch operating surface,https://raw.githubusercontent.com/SeungeFlow/SeungeFlow/32f8b248dc7e9ec5c1856b78b4ee207b8861d315/README.md,diff = difficult가 axis selection을 통해 difference가 되는 구조
통해,SeungeFlow/SeungeFlow,Y_Branch,32f8b248dc7e9ec5c1856b78b4ee207b8861d315,README.md,249,Y_Branch operating surface,https://raw.githubusercontent.com/SeungeFlow/SeungeFlow/32f8b248dc7e9ec5c1856b78b4ee207b8861d315/README.md,diff = difficult가 axis selection을 통해 difference가 되는 구조
difference,SeungeFlow/SeungeFlow,Y_Branch,32f8b248dc7e9ec5c1856b78b4ee207b8861d315,README.md,249,Y_Branch operating surface,https://raw.githubusercontent.com/SeungeFlow/SeungeFlow/32f8b248dc7e9ec5c1856b78b4ee207b8861d315/README.md,diff = difficult가 axis selection을 통해 difference가 되는 구조
가,SeungeFlow/SeungeFlow,Y_Branch,32f8b248dc7e9ec5c1856b78b4ee207b8861d315,README.md,249,Y_Branch operating surface,https://raw.githubusercontent.com/SeungeFlow/SeungeFlow/32f8b248dc7e9ec5c1856b78b4ee207b8861d315/README.md,diff = difficult가 axis selection을 통해 difference가 되는 구조
되는,SeungeFlow/SeungeFlow,Y_Branch,32f8b248dc7e9ec5c1856b78b4ee207b8861d315,README.md,249,Y_Branch operating surface,https://raw.githubusercontent.com/SeungeFlow/SeungeFlow/32f8b248dc7e9ec5c1856b78b4ee207b8861d315/README.md,diff = difficult가 axis selection을 통해 difference가 되는 구조
구조,SeungeFlow/SeungeFlow,Y_Branch,32f8b248dc7e9ec5c1856b78b4ee207b8861d315,README.md,249,Y_Branch operating surface,https://raw.githubusercontent.com/SeungeFlow/SeungeFlow/32f8b248dc7e9ec5c1856b78b4ee207b8861d315/README.md,diff = difficult가 axis selection을 통해 difference가 되는 구조
orbit,SeungeFlow/SeungeFlow,Y_Branch,32f8b248dc7e9ec5c1856b78b4ee207b8861d315,README.md,251,Y_Branch operating surface,https://raw.githubusercontent.com/SeungeFlow/SeungeFlow/32f8b248dc7e9ec5c1856b78b4ee207b8861d315/README.md,orbit = 더 큰 field-source가 더 작은 대상에게 부여하는 boundary와 escape / return condition
더,SeungeFlow/SeungeFlow,Y_Branch,32f8b248dc7e9ec5c1856b78b4ee207b8861d315,README.md,251,Y_Branch operating surface,https://raw.githubusercontent.com/SeungeFlow/SeungeFlow/32f8b248dc7e9ec5c1856b78b4ee207b8861d315/README.md,orbit = 더 큰 field-source가 더 작은 대상에게 부여하는 boundary와 escape / return condition
큰,SeungeFlow/SeungeFlow,Y_Branch,32f8b248dc7e9ec5c1856b78b4ee207b8861d315,README.md,251,Y_Branch operating surface,https://raw.githubusercontent.com/SeungeFlow/SeungeFlow/32f8b248dc7e9ec5c1856b78b4ee207b8861d315/README.md,orbit = 더 큰 field-source가 더 작은 대상에게 부여하는 boundary와 escape / return condition
field-source,SeungeFlow/SeungeFlow,Y_Branch,32f8b248dc7e9ec5c1856b78b4ee207b8861d315,README.md,251,Y_Branch operating surface,https://raw.githubusercontent.com/SeungeFlow/SeungeFlow/32f8b248dc7e9ec5c1856b78b4ee207b8861d315/README.md,orbit = 더 큰 field-source가 더 작은 대상에게 부여하는 boundary와 escape / return condition
가,SeungeFlow/SeungeFlow,Y_Branch,32f8b248dc7e9ec5c1856b78b4ee207b8861d315,README.md,251,Y_Branch operating surface,https://raw.githubusercontent.com/SeungeFlow/SeungeFlow/32f8b248dc7e9ec5c1856b78b4ee207b8861d315/README.md,orbit = 더 큰 field-source가 더 작은 대상에게 부여하는 boundary와 escape / return condition
더,SeungeFlow/SeungeFlow,Y_Branch,32f8b248dc7e9ec5c1856b78b4ee207b8861d315,README.md,251,Y_Branch operating surface,https://raw.githubusercontent.com/SeungeFlow/SeungeFlow/32f8b248dc7e9ec5c1856b78b4ee207b8861d315/README.md,orbit = 더 큰 field-source가 더 작은 대상에게 부여하는 boundary와 escape / return condition
작은,SeungeFlow/SeungeFlow,Y_Branch,32f8b248dc7e9ec5c1856b78b4ee207b8861d315,README.md,251,Y_Branch operating surface,https://raw.githubusercontent.com/SeungeFlow/SeungeFlow/32f8b248dc7e9ec5c1856b78b4ee207b8861d315/README.md,orbit = 더 큰 field-source가 더 작은 대상에게 부여하는 boundary와 escape / return condition
대상에게,SeungeFlow/SeungeFlow,Y_Branch,32f8b248dc7e9ec5c1856b78b4ee207b8861d315,README.md,251,Y_Branch operating surface,https://raw.githubusercontent.com/SeungeFlow/SeungeFlow/32f8b248dc7e9ec5c1856b78b4ee207b8861d315/README.md,orbit = 더 큰 field-source가 더 작은 대상에게 부여하는 boundary와 escape / return condition
부여하는,SeungeFlow/SeungeFlow,Y_Branch,32f8b248dc7e9ec5c1856b78b4ee207b8861d315,README.md,251,Y_Branch operating surface,https://raw.githubusercontent.com/SeungeFlow/SeungeFlow/32f8b248dc7e9ec5c1856b78b4ee207b8861d315/README.md,orbit = 더 큰 field-source가 더 작은 대상에게 부여하는 boundary와 escape / return condition
boundary,SeungeFlow/SeungeFlow,Y_Branch,32f8b248dc7e9ec5c1856b78b4ee207b8861d315,README.md,251,Y_Branch operating surface,https://raw.githubusercontent.com/SeungeFlow/SeungeFlow/32f8b248dc7e9ec5c1856b78b4ee207b8861d315/README.md,orbit = 더 큰 field-source가 더 작은 대상에게 부여하는 boundary와 escape / return condition
와,SeungeFlow/SeungeFlow,Y_Branch,32f8b248dc7e9ec5c1856b78b4ee207b8861d315,README.md,251,Y_Branch operating surface,https://raw.githubusercontent.com/SeungeFlow/SeungeFlow/32f8b248dc7e9ec5c1856b78b4ee207b8861d315/README.md,orbit = 더 큰 field-source가 더 작은 대상에게 부여하는 boundary와 escape / return condition
escape,SeungeFlow/SeungeFlow,Y_Branch,32f8b248dc7e9ec5c1856b78b4ee207b8861d315,README.md,251,Y_Branch operating surface,https://raw.githubusercontent.com/SeungeFlow/SeungeFlow/32f8b248dc7e9ec5c1856b78b4ee207b8861d315/README.md,orbit = 더 큰 field-source가 더 작은 대상에게 부여하는 boundary와 escape / return condition
return,SeungeFlow/SeungeFlow,Y_Branch,32f8b248dc7e9ec5c1856b78b4ee207b8861d315,README.md,251,Y_Branch operating surface,https://raw.githubusercontent.com/SeungeFlow/SeungeFlow/32f8b248dc7e9ec5c1856b78b4ee207b8861d315/README.md,orbit = 더 큰 field-source가 더 작은 대상에게 부여하는 boundary와 escape / return condition
condition,SeungeFlow/SeungeFlow,Y_Branch,32f8b248dc7e9ec5c1856b78b4ee207b8861d315,README.md,251,Y_Branch operating surface,https://raw.githubusercontent.com/SeungeFlow/SeungeFlow/32f8b248dc7e9ec5c1856b78b4ee207b8861d315/README.md,orbit = 더 큰 field-source가 더 작은 대상에게 부여하는 boundary와 escape / return condition
COG,SeungeFlow/SeungeFlow,Y_Branch,32f8b248dc7e9ec5c1856b78b4ee207b8861d315,README.md,253,Y_Branch operating surface,https://raw.githubusercontent.com/SeungeFlow/SeungeFlow/32f8b248dc7e9ec5c1856b78b4ee207b8861d315/README.md,COG = 질량관계가 만든 정중심평형점
질량관계가,SeungeFlow/SeungeFlow,Y_Branch,32f8b248dc7e9ec5c1856b78b4ee207b8861d315,README.md,253,Y_Branch operating surface,https://raw.githubusercontent.com/SeungeFlow/SeungeFlow/32f8b248dc7e9ec5c1856b78b4ee207b8861d315/README.md,COG = 질량관계가 만든 정중심평형점
만든,SeungeFlow/SeungeFlow,Y_Branch,32f8b248dc7e9ec5c1856b78b4ee207b8861d315,README.md,253,Y_Branch operating surface,https://raw.githubusercontent.com/SeungeFlow/SeungeFlow/32f8b248dc7e9ec5c1856b78b4ee207b8861d315/README.md,COG = 질량관계가 만든 정중심평형점
정중심평형점,SeungeFlow/SeungeFlow,Y_Branch,32f8b248dc7e9ec5c1856b78b4ee207b8861d315,README.md,253,Y_Branch operating surface,https://raw.githubusercontent.com/SeungeFlow/SeungeFlow/32f8b248dc7e9ec5c1856b78b4ee207b8861d315/README.md,COG = 질량관계가 만든 정중심평형점
9dot0,SeungeFlow/SeungeFlow,Y_Branch,32f8b248dc7e9ec5c1856b78b4ee207b8861d315,README.md,255,Y_Branch operating surface,https://raw.githubusercontent.com/SeungeFlow/SeungeFlow/32f8b248dc7e9ec5c1856b78b4ee207b8861d315/README.md,"9dot0 = dot, COG, 사이영역, 궤도 끝점이 반복되는 중첩궤도 수열"
dot,SeungeFlow/SeungeFlow,Y_Branch,32f8b248dc7e9ec5c1856b78b4ee207b8861d315,README.md,255,Y_Branch operating surface,https://raw.githubusercontent.com/SeungeFlow/SeungeFlow/32f8b248dc7e9ec5c1856b78b4ee207b8861d315/README.md,"9dot0 = dot, COG, 사이영역, 궤도 끝점이 반복되는 중첩궤도 수열"
COG,SeungeFlow/SeungeFlow,Y_Branch,32f8b248dc7e9ec5c1856b78b4ee207b8861d315,README.md,255,Y_Branch operating surface,https://raw.githubusercontent.com/SeungeFlow/SeungeFlow/32f8b248dc7e9ec5c1856b78b4ee207b8861d315/README.md,"9dot0 = dot, COG, 사이영역, 궤도 끝점이 반복되는 중첩궤도 수열"
사이영역,SeungeFlow/SeungeFlow,Y_Branch,32f8b248dc7e9ec5c1856b78b4ee207b8861d315,README.md,255,Y_Branch operating surface,https://raw.githubusercontent.com/SeungeFlow/SeungeFlow/32f8b248dc7e9ec5c1856b78b4ee207b8861d315/README.md,"9dot0 = dot, COG, 사이영역, 궤도 끝점이 반복되는 중첩궤도 수열"
궤도,SeungeFlow/SeungeFlow,Y_Branch,32f8b248dc7e9ec5c1856b78b4ee207b8861d315,README.md,255,Y_Branch operating surface,https://raw.githubusercontent.com/SeungeFlow/SeungeFlow/32f8b248dc7e9ec5c1856b78b4ee207b8861d315/README.md,"9dot0 = dot, COG, 사이영역, 궤도 끝점이 반복되는 중첩궤도 수열"
끝점이,SeungeFlow/SeungeFlow,Y_Branch,32f8b248dc7e9ec5c1856b78b4ee207b8861d315,README.md,255,Y_Branch operating surface,https://raw.githubusercontent.com/SeungeFlow/SeungeFlow/32f8b248dc7e9ec5c1856b78b4ee207b8861d315/README.md,"9dot0 = dot, COG, 사이영역, 궤도 끝점이 반복되는 중첩궤도 수열"
반복되는,SeungeFlow/SeungeFlow,Y_Branch,32f8b248dc7e9ec5c1856b78b4ee207b8861d315,README.md,255,Y_Branch operating surface,https://raw.githubusercontent.com/SeungeFlow/SeungeFlow/32f8b248dc7e9ec5c1856b78b4ee207b8861d315/README.md,"9dot0 = dot, COG, 사이영역, 궤도 끝점이 반복되는 중첩궤도 수열"
중첩궤도,SeungeFlow/SeungeFlow,Y_Branch,32f8b248dc7e9ec5c1856b78b4ee207b8861d315,README.md,255,Y_Branch operating surface,https://raw.githubusercontent.com/SeungeFlow/SeungeFlow/32f8b248dc7e9ec5c1856b78b4ee207b8861d315/README.md,"9dot0 = dot, COG, 사이영역, 궤도 끝점이 반복되는 중첩궤도 수열"
수열,SeungeFlow/SeungeFlow,Y_Branch,32f8b248dc7e9ec5c1856b78b4ee207b8861d315,README.md,255,Y_Branch operating surface,https://raw.githubusercontent.com/SeungeFlow/SeungeFlow/32f8b248dc7e9ec5c1856b78b4ee207b8861d315/README.md,"9dot0 = dot, COG, 사이영역, 궤도 끝점이 반복되는 중첩궤도 수열"
dot,SeungeFlow/SeungeFlow,Y_Branch,32f8b248dc7e9ec5c1856b78b4ee207b8861d315,README.md,258,Y_Branch operating surface,https://raw.githubusercontent.com/SeungeFlow/SeungeFlow/32f8b248dc7e9ec5c1856b78b4ee207b8861d315/README.md,"`dot`은 고정된 점이 아니다. `dot`은 관측기준에 따라 점, 원, n각형, 은하, 은하단, 또는 압축된 field로 드러날 수 있는 구조상태다."
은,SeungeFlow/SeungeFlow,Y_Branch,32f8b248dc7e9ec5c1856b78b4ee207b8861d315,README.md,258,Y_Branch operating surface,https://raw.githubusercontent.com/SeungeFlow/SeungeFlow/32f8b248dc7e9ec5c1856b78b4ee207b8861d315/README.md,"`dot`은 고정된 점이 아니다. `dot`은 관측기준에 따라 점, 원, n각형, 은하, 은하단, 또는 압축된 field로 드러날 수 있는 구조상태다."
고정된,SeungeFlow/SeungeFlow,Y_Branch,32f8b248dc7e9ec5c1856b78b4ee207b8861d315,README.md,258,Y_Branch operating surface,https://raw.githubusercontent.com/SeungeFlow/SeungeFlow/32f8b248dc7e9ec5c1856b78b4ee207b8861d315/README.md,"`dot`은 고정된 점이 아니다. `dot`은 관측기준에 따라 점, 원, n각형, 은하, 은하단, 또는 압축된 field로 드러날 수 있는 구조상태다."
점이,SeungeFlow/SeungeFlow,Y_Branch,32f8b248dc7e9ec5c1856b78b4ee207b8861d315,README.md,258,Y_Branch operating surface,https://raw.githubusercontent.com/SeungeFlow/SeungeFlow/32f8b248dc7e9ec5c1856b78b4ee207b8861d315/README.md,"`dot`은 고정된 점이 아니다. `dot`은 관측기준에 따라 점, 원, n각형, 은하, 은하단, 또는 압축된 field로 드러날 수 있는 구조상태다."
아니다,SeungeFlow/SeungeFlow,Y_Branch,32f8b248dc7e9ec5c1856b78b4ee207b8861d315,README.md,258,Y_Branch operating surface,https://raw.githubusercontent.com/SeungeFlow/SeungeFlow/32f8b248dc7e9ec5c1856b78b4ee207b8861d315/README.md,"`dot`은 고정된 점이 아니다. `dot`은 관측기준에 따라 점, 원, n각형, 은하, 은하단, 또는 압축된 field로 드러날 수 있는 구조상태다."
dot,SeungeFlow/SeungeFlow,Y_Branch,32f8b248dc7e9ec5c1856b78b4ee207b8861d315,README.md,258,Y_Branch operating surface,https://raw.githubusercontent.com/SeungeFlow/SeungeFlow/32f8b248dc7e9ec5c1856b78b4ee207b8861d315/README.md,"`dot`은 고정된 점이 아니다. `dot`은 관측기준에 따라 점, 원, n각형, 은하, 은하단, 또는 압축된 field로 드러날 수 있는 구조상태다."
은,SeungeFlow/SeungeFlow,Y_Branch,32f8b248dc7e9ec5c1856b78b4ee207b8861d315,README.md,258,Y_Branch operating surface,https://raw.githubusercontent.com/SeungeFlow/SeungeFlow/32f8b248dc7e9ec5c1856b78b4ee207b8861d315/README.md,"`dot`은 고정된 점이 아니다. `dot`은 관측기준에 따라 점, 원, n각형, 은하, 은하단, 또는 압축된 field로 드러날 수 있는 구조상태다."
관측기준에,SeungeFlow/SeungeFlow,Y_Branch,32f8b248dc7e9ec5c1856b78b4ee207b8861d315,README.md,258,Y_Branch operating surface,https://raw.githubusercontent.com/SeungeFlow/SeungeFlow/32f8b248dc7e9ec5c1856b78b4ee207b8861d315/README.md,"`dot`은 고정된 점이 아니다. `dot`은 관측기준에 따라 점, 원, n각형, 은하, 은하단, 또는 압축된 field로 드러날 수 있는 구조상태다."
따라,SeungeFlow/SeungeFlow,Y_Branch,32f8b248dc7e9ec5c1856b78b4ee207b8861d315,README.md,258,Y_Branch operating surface,https://raw.githubusercontent.com/SeungeFlow/SeungeFlow/32f8b248dc7e9ec5c1856b78b4ee207b8861d315/README.md,"`dot`은 고정된 점이 아니다. `dot`은 관측기준에 따라 점, 원, n각형, 은하, 은하단, 또는 압축된 field로 드러날 수 있는 구조상태다."
점,SeungeFlow/SeungeFlow,Y_Branch,32f8b248dc7e9ec5c1856b78b4ee207b8861d315,README.md,258,Y_Branch operating surface,https://raw.githubusercontent.com/SeungeFlow/SeungeFlow/32f8b248dc7e9ec5c1856b78b4ee207b8861d315/README.md,"`dot`은 고정된 점이 아니다. `dot`은 관측기준에 따라 점, 원, n각형, 은하, 은하단, 또는 압축된 field로 드러날 수 있는 구조상태다."
원,SeungeFlow/SeungeFlow,Y_Branch,32f8b248dc7e9ec5c1856b78b4ee207b8861d315,README.md,258,Y_Branch operating surface,https://raw.githubusercontent.com/SeungeFlow/SeungeFlow/32f8b248dc7e9ec5c1856b78b4ee207b8861d315/README.md,"`dot`은 고정된 점이 아니다. `dot`은 관측기준에 따라 점, 원, n각형, 은하, 은하단, 또는 압축된 field로 드러날 수 있는 구조상태다."
각형,SeungeFlow/SeungeFlow,Y_Branch,32f8b248dc7e9ec5c1856b78b4ee207b8861d315,README.md,258,Y_Branch operating surface,https://raw.githubusercontent.com/SeungeFlow/SeungeFlow/32f8b248dc7e9ec5c1856b78b4ee207b8861d315/README.md,"`dot`은 고정된 점이 아니다. `dot`은 관측기준에 따라 점, 원, n각형, 은하, 은하단, 또는 압축된 field로 드러날 수 있는 구조상태다."
은하,SeungeFlow/SeungeFlow,Y_Branch,32f8b248dc7e9ec5c1856b78b4ee207b8861d315,README.md,258,Y_Branch operating surface,https://raw.githubusercontent.com/SeungeFlow/SeungeFlow/32f8b248dc7e9ec5c1856b78b4ee207b8861d315/README.md,"`dot`은 고정된 점이 아니다. `dot`은 관측기준에 따라 점, 원, n각형, 은하, 은하단, 또는 압축된 field로 드러날 수 있는 구조상태다."
은하단,SeungeFlow/SeungeFlow,Y_Branch,32f8b248dc7e9ec5c1856b78b4ee207b8861d315,README.md,258,Y_Branch operating surface,https://raw.githubusercontent.com/SeungeFlow/SeungeFlow/32f8b248dc7e9ec5c1856b78b4ee207b8861d315/README.md,"`dot`은 고정된 점이 아니다. `dot`은 관측기준에 따라 점, 원, n각형, 은하, 은하단, 또는 압축된 field로 드러날 수 있는 구조상태다."
또는,SeungeFlow/SeungeFlow,Y_Branch,32f8b248dc7e9ec5c1856b78b4ee207b8861d315,README.md,258,Y_Branch operating surface,https://raw.githubusercontent.com/SeungeFlow/SeungeFlow/32f8b248dc7e9ec5c1856b78b4ee207b8861d315/README.md,"`dot`은 고정된 점이 아니다. `dot`은 관측기준에 따라 점, 원, n각형, 은하, 은하단, 또는 압축된 field로 드러날 수 있는 구조상태다."
압축된,SeungeFlow/SeungeFlow,Y_Branch,32f8b248dc7e9ec5c1856b78b4ee207b8861d315,README.md,258,Y_Branch operating surface,https://raw.githubusercontent.com/SeungeFlow/SeungeFlow/32f8b248dc7e9ec5c1856b78b4ee207b8861d315/README.md,"`dot`은 고정된 점이 아니다. `dot`은 관측기준에 따라 점, 원, n각형, 은하, 은하단, 또는 압축된 field로 드러날 수 있는 구조상태다."
field,SeungeFlow/SeungeFlow,Y_Branch,32f8b248dc7e9ec5c1856b78b4ee207b8861d315,README.md,258,Y_Branch operating surface,https://raw.githubusercontent.com/SeungeFlow/SeungeFlow/32f8b248dc7e9ec5c1856b78b4ee207b8861d315/README.md,"`dot`은 고정된 점이 아니다. `dot`은 관측기준에 따라 점, 원, n각형, 은하, 은하단, 또는 압축된 field로 드러날 수 있는 구조상태다."
로,SeungeFlow/SeungeFlow,Y_Branch,32f8b248dc7e9ec5c1856b78b4ee207b8861d315,README.md,258,Y_Branch operating surface,https://raw.githubusercontent.com/SeungeFlow/SeungeFlow/32f8b248dc7e9ec5c1856b78b4ee207b8861d315/README.md,"`dot`은 고정된 점이 아니다. `dot`은 관측기준에 따라 점, 원, n각형, 은하, 은하단, 또는 압축된 field로 드러날 수 있는 구조상태다."
드러날,SeungeFlow/SeungeFlow,Y_Branch,32f8b248dc7e9ec5c1856b78b4ee207b8861d315,README.md,258,Y_Branch operating surface,https://raw.githubusercontent.com/SeungeFlow/SeungeFlow/32f8b248dc7e9ec5c1856b78b4ee207b8861d315/README.md,"`dot`은 고정된 점이 아니다. `dot`은 관측기준에 따라 점, 원, n각형, 은하, 은하단, 또는 압축된 field로 드러날 수 있는 구조상태다."
수,SeungeFlow/SeungeFlow,Y_Branch,32f8b248dc7e9ec5c1856b78b4ee207b8861d315,README.md,258,Y_Branch operating surface,https://raw.githubusercontent.com/SeungeFlow/SeungeFlow/32f8b248dc7e9ec5c1856b78b4ee207b8861d315/README.md,"`dot`은 고정된 점이 아니다. `dot`은 관측기준에 따라 점, 원, n각형, 은하, 은하단, 또는 압축된 field로 드러날 수 있는 구조상태다."
있는,SeungeFlow/SeungeFlow,Y_Branch,32f8b248dc7e9ec5c1856b78b4ee207b8861d315,README.md,258,Y_Branch operating surface,https://raw.githubusercontent.com/SeungeFlow/SeungeFlow/32f8b248dc7e9ec5c1856b78b4ee207b8861d315/README.md,"`dot`은 고정된 점이 아니다. `dot`은 관측기준에 따라 점, 원, n각형, 은하, 은하단, 또는 압축된 field로 드러날 수 있는 구조상태다."
구조상태다,SeungeFlow/SeungeFlow,Y_Branch,32f8b248dc7e9ec5c1856b78b4ee207b8861d315,README.md,258,Y_Branch operating surface,https://raw.githubusercontent.com/SeungeFlow/SeungeFlow/32f8b248dc7e9ec5c1856b78b4ee207b8861d315/README.md,"`dot`은 고정된 점이 아니다. `dot`은 관측기준에 따라 점, 원, n각형, 은하, 은하단, 또는 압축된 field로 드러날 수 있는 구조상태다."
압축,SeungeFlow/SeungeFlow,Y_Branch,32f8b248dc7e9ec5c1856b78b4ee207b8861d315,README.md,260,Y_Branch operating surface,https://raw.githubusercontent.com/SeungeFlow/SeungeFlow/32f8b248dc7e9ec5c1856b78b4ee207b8861d315/README.md,압축 관계:
관계,SeungeFlow/SeungeFlow,Y_Branch,32f8b248dc7e9ec5c1856b78b4ee207b8861d315,README.md,260,Y_Branch operating surface,https://raw.githubusercontent.com/SeungeFlow/SeungeFlow/32f8b248dc7e9ec5c1856b78b4ee207b8861d315/README.md,압축 관계:
text,SeungeFlow/SeungeFlow,Y_Branch,32f8b248dc7e9ec5c1856b78b4ee207b8861d315,README.md,262,Y_Branch operating surface,https://raw.githubusercontent.com/SeungeFlow/SeungeFlow/32f8b248dc7e9ec5c1856b78b4ee207b8861d315/README.md,```text
dot,SeungeFlow/SeungeFlow,Y_Branch,32f8b248dc7e9ec5c1856b78b4ee207b8861d315,README.md,263,Y_Branch operating surface,https://raw.githubusercontent.com/SeungeFlow/SeungeFlow/32f8b248dc7e9ec5c1856b78b4ee207b8861d315/README.md,dot → diff → orbit → COG → 9dot0
diff,SeungeFlow/SeungeFlow,Y_Branch,32f8b248dc7e9ec5c1856b78b4ee207b8861d315,README.md,263,Y_Branch operating surface,https://raw.githubusercontent.com/SeungeFlow/SeungeFlow/32f8b248dc7e9ec5c1856b78b4ee207b8861d315/README.md,dot → diff → orbit → COG → 9dot0
orbit,SeungeFlow/SeungeFlow,Y_Branch,32f8b248dc7e9ec5c1856b78b4ee207b8861d315,README.md,263,Y_Branch operating surface,https://raw.githubusercontent.com/SeungeFlow/SeungeFlow/32f8b248dc7e9ec5c1856b78b4ee207b8861d315/README.md,dot → diff → orbit → COG → 9dot0
COG,SeungeFlow/SeungeFlow,Y_Branch,32f8b248dc7e9ec5c1856b78b4ee207b8861d315,README.md,263,Y_Branch operating surface,https://raw.githubusercontent.com/SeungeFlow/SeungeFlow/32f8b248dc7e9ec5c1856b78b4ee207b8861d315/README.md,dot → diff → orbit → COG → 9dot0
9dot0,SeungeFlow/SeungeFlow,Y_Branch,32f8b248dc7e9ec5c1856b78b4ee207b8861d315,README.md,263,Y_Branch operating surface,https://raw.githubusercontent.com/SeungeFlow/SeungeFlow/32f8b248dc7e9ec5c1856b78b4ee207b8861d315/README.md,dot → diff → orbit → COG → 9dot0
해석,SeungeFlow/SeungeFlow,Y_Branch,32f8b248dc7e9ec5c1856b78b4ee207b8861d315,README.md,266,Y_Branch operating surface,https://raw.githubusercontent.com/SeungeFlow/SeungeFlow/32f8b248dc7e9ec5c1856b78b4ee207b8861d315/README.md,해석:
text,SeungeFlow/SeungeFlow,Y_Branch,32f8b248dc7e9ec5c1856b78b4ee207b8861d315,README.md,268,Y_Branch operating surface,https://raw.githubusercontent.com/SeungeFlow/SeungeFlow/32f8b248dc7e9ec5c1856b78b4ee207b8861d315/README.md,```text
어디에,SeungeFlow/SeungeFlow,Y_Branch,32f8b248dc7e9ec5c1856b78b4ee207b8861d315,README.md,269,Y_Branch operating surface,https://raw.githubusercontent.com/SeungeFlow/SeungeFlow/32f8b248dc7e9ec5c1856b78b4ee207b8861d315/README.md,어디에 서 있는가
서,SeungeFlow/SeungeFlow,Y_Branch,32f8b248dc7e9ec5c1856b78b4ee207b8861d315,README.md,269,Y_Branch operating surface,https://raw.githubusercontent.com/SeungeFlow/SeungeFlow/32f8b248dc7e9ec5c1856b78b4ee207b8861d315/README.md,어디에 서 있는가
있는가,SeungeFlow/SeungeFlow,Y_Branch,32f8b248dc7e9ec5c1856b78b4ee207b8861d315,README.md,269,Y_Branch operating surface,https://raw.githubusercontent.com/SeungeFlow/SeungeFlow/32f8b248dc7e9ec5c1856b78b4ee207b8861d315/README.md,어디에 서 있는가
무엇이,SeungeFlow/SeungeFlow,Y_Branch,32f8b248dc7e9ec5c1856b78b4ee207b8861d315,README.md,270,Y_Branch operating surface,https://raw.githubusercontent.com/SeungeFlow/SeungeFlow/32f8b248dc7e9ec5c1856b78b4ee207b8861d315/README.md,→ 무엇이 다른가
다른가,SeungeFlow/SeungeFlow,Y_Branch,32f8b248dc7e9ec5c1856b78b4ee207b8861d315,README.md,270,Y_Branch operating surface,https://raw.githubusercontent.com/SeungeFlow/SeungeFlow/32f8b248dc7e9ec5c1856b78b4ee207b8861d315/README.md,→ 무엇이 다른가
어떤,SeungeFlow/SeungeFlow,Y_Branch,32f8b248dc7e9ec5c1856b78b4ee207b8861d315,README.md,271,Y_Branch operating surface,https://raw.githubusercontent.com/SeungeFlow/SeungeFlow/32f8b248dc7e9ec5c1856b78b4ee207b8861d315/README.md,→ 어떤 경계 안에 있는가
경계,SeungeFlow/SeungeFlow,Y_Branch,32f8b248dc7e9ec5c1856b78b4ee207b8861d315,README.md,271,Y_Branch operating surface,https://raw.githubusercontent.com/SeungeFlow/SeungeFlow/32f8b248dc7e9ec5c1856b78b4ee207b8861d315/README.md,→ 어떤 경계 안에 있는가
안에,SeungeFlow/SeungeFlow,Y_Branch,32f8b248dc7e9ec5c1856b78b4ee207b8861d315,README.md,271,Y_Branch operating surface,https://raw.githubusercontent.com/SeungeFlow/SeungeFlow/32f8b248dc7e9ec5c1856b78b4ee207b8861d315/README.md,→ 어떤 경계 안에 있는가
있는가,SeungeFlow/SeungeFlow,Y_Branch,32f8b248dc7e9ec5c1856b78b4ee207b8861d315,README.md,271,Y_Branch operating surface,https://raw.githubusercontent.com/SeungeFlow/SeungeFlow/32f8b248dc7e9ec5c1856b78b4ee207b8861d315/README.md,→ 어떤 경계 안에 있는가
중심은,SeungeFlow/SeungeFlow,Y_Branch,32f8b248dc7e9ec5c1856b78b4ee207b8861d315,README.md,272,Y_Branch operating surface,https://raw.githubusercontent.com/SeungeFlow/SeungeFlow/32f8b248dc7e9ec5c1856b78b4ee207b8861d315/README.md,→ 중심은 어디인가
어디인가,SeungeFlow/SeungeFlow,Y_Branch,32f8b248dc7e9ec5c1856b78b4ee207b8861d315,README.md,272,Y_Branch operating surface,https://raw.githubusercontent.com/SeungeFlow/SeungeFlow/32f8b248dc7e9ec5c1856b78b4ee207b8861d315/README.md,→ 중심은 어디인가
다음,SeungeFlow/SeungeFlow,Y_Branch,32f8b248dc7e9ec5c1856b78b4ee207b8861d315,README.md,273,Y_Branch operating surface,https://raw.githubusercontent.com/SeungeFlow/SeungeFlow/32f8b248dc7e9ec5c1856b78b4ee207b8861d315/README.md,→ 다음 궤도는 어디서 시작되는가
궤도는,SeungeFlow/SeungeFlow,Y_Branch,32f8b248dc7e9ec5c1856b78b4ee207b8861d315,README.md,273,Y_Branch operating surface,https://raw.githubusercontent.com/SeungeFlow/SeungeFlow/32f8b248dc7e9ec5c1856b78b4ee207b8861d315/README.md,→ 다음 궤도는 어디서 시작되는가
어디서,SeungeFlow/SeungeFlow,Y_Branch,32f8b248dc7e9ec5c1856b78b4ee207b8861d315,README.md,273,Y_Branch operating surface,https://raw.githubusercontent.com/SeungeFlow/SeungeFlow/32f8b248dc7e9ec5c1856b78b4ee207b8861d315/README.md,→ 다음 궤도는 어디서 시작되는가
시작되는가,SeungeFlow/SeungeFlow,Y_Branch,32f8b248dc7e9ec5c1856b78b4ee207b8861d315,README.md,273,Y_Branch operating surface,https://raw.githubusercontent.com/SeungeFlow/SeungeFlow/32f8b248dc7e9ec5c1856b78b4ee207b8861d315/README.md,→ 다음 궤도는 어디서 시작되는가
8,SeungeFlow/SeungeFlow,Y_Branch,32f8b248dc7e9ec5c1856b78b4ee207b8861d315,README.md,278,Y_Branch operating surface,https://raw.githubusercontent.com/SeungeFlow/SeungeFlow/32f8b248dc7e9ec5c1856b78b4ee207b8861d315/README.md,## 8. State Machine and Validator Loop
State,SeungeFlow/SeungeFlow,Y_Branch,32f8b248dc7e9ec5c1856b78b4ee207b8861d315,README.md,278,Y_Branch operating surface,https://raw.githubusercontent.com/SeungeFlow/SeungeFlow/32f8b248dc7e9ec5c1856b78b4ee207b8861d315/README.md,## 8. State Machine and Validator Loop
Machine,SeungeFlow/SeungeFlow,Y_Branch,32f8b248dc7e9ec5c1856b78b4ee207b8861d315,README.md,278,Y_Branch operating surface,https://raw.githubusercontent.com/SeungeFlow/SeungeFlow/32f8b248dc7e9ec5c1856b78b4ee207b8861d315/README.md,## 8. State Machine and Validator Loop
Validator,SeungeFlow/SeungeFlow,Y_Branch,32f8b248dc7e9ec5c1856b78b4ee207b8861d315,README.md,278,Y_Branch operating surface,https://raw.githubusercontent.com/SeungeFlow/SeungeFlow/32f8b248dc7e9ec5c1856b78b4ee207b8861d315/README.md,## 8. State Machine and Validator Loop
Loop,SeungeFlow/SeungeFlow,Y_Branch,32f8b248dc7e9ec5c1856b78b4ee207b8861d315,README.md,278,Y_Branch operating surface,https://raw.githubusercontent.com/SeungeFlow/SeungeFlow/32f8b248dc7e9ec5c1856b78b4ee207b8861d315/README.md,## 8. State Machine and Validator Loop
Y_Branch,SeungeFlow/SeungeFlow,Y_Branch,32f8b248dc7e9ec5c1856b78b4ee207b8861d315,README.md,280,Y_Branch operating surface,https://raw.githubusercontent.com/SeungeFlow/SeungeFlow/32f8b248dc7e9ec5c1856b78b4ee207b8861d315/README.md,`Y_Branch`는 선형 pipeline이 아니다.
는,SeungeFlow/SeungeFlow,Y_Branch,32f8b248dc7e9ec5c1856b78b4ee207b8861d315,README.md,280,Y_Branch operating surface,https://raw.githubusercontent.com/SeungeFlow/SeungeFlow/32f8b248dc7e9ec5c1856b78b4ee207b8861d315/README.md,`Y_Branch`는 선형 pipeline이 아니다.
선형,SeungeFlow/SeungeFlow,Y_Branch,32f8b248dc7e9ec5c1856b78b4ee207b8861d315,README.md,280,Y_Branch operating surface,https://raw.githubusercontent.com/SeungeFlow/SeungeFlow/32f8b248dc7e9ec5c1856b78b4ee207b8861d315/README.md,`Y_Branch`는 선형 pipeline이 아니다.
pipeline,SeungeFlow/SeungeFlow,Y_Branch,32f8b248dc7e9ec5c1856b78b4ee207b8861d315,README.md,280,Y_Branch operating surface,https://raw.githubusercontent.com/SeungeFlow/SeungeFlow/32f8b248dc7e9ec5c1856b78b4ee207b8861d315/README.md,`Y_Branch`는 선형 pipeline이 아니다.
이,SeungeFlow/SeungeFlow,Y_Branch,32f8b248dc7e9ec5c1856b78b4ee207b8861d315,README.md,280,Y_Branch operating surface,https://raw.githubusercontent.com/SeungeFlow/SeungeFlow/32f8b248dc7e9ec5c1856b78b4ee207b8861d315/README.md,`Y_Branch`는 선형 pipeline이 아니다.
아니다,SeungeFlow/SeungeFlow,Y_Branch,32f8b248dc7e9ec5c1856b78b4ee207b8861d315,README.md,280,Y_Branch operating surface,https://raw.githubusercontent.com/SeungeFlow/SeungeFlow/32f8b248dc7e9ec5c1856b78b4ee207b8861d315/README.md,`Y_Branch`는 선형 pipeline이 아니다.
text,SeungeFlow/SeungeFlow,Y_Branch,32f8b248dc7e9ec5c1856b78b4ee207b8861d315,README.md,282,Y_Branch operating surface,https://raw.githubusercontent.com/SeungeFlow/SeungeFlow/32f8b248dc7e9ec5c1856b78b4ee207b8861d315/README.md,```text
Y_Branch,SeungeFlow/SeungeFlow,Y_Branch,32f8b248dc7e9ec5c1856b78b4ee207b8861d315,README.md,283,Y_Branch operating surface,https://raw.githubusercontent.com/SeungeFlow/SeungeFlow/32f8b248dc7e9ec5c1856b78b4ee207b8861d315/README.md,Y_Branch = State Machine + Validator Loop
State,SeungeFlow/SeungeFlow,Y_Branch,32f8b248dc7e9ec5c1856b78b4ee207b8861d315,README.md,283,Y_Branch operating surface,https://raw.githubusercontent.com/SeungeFlow/SeungeFlow/32f8b248dc7e9ec5c1856b78b4ee207b8861d315/README.md,Y_Branch = State Machine + Validator Loop
Machine,SeungeFlow/SeungeFlow,Y_Branch,32f8b248dc7e9ec5c1856b78b4ee207b8861d315,README.md,283,Y_Branch operating surface,https://raw.githubusercontent.com/SeungeFlow/SeungeFlow/32f8b248dc7e9ec5c1856b78b4ee207b8861d315/README.md,Y_Branch = State Machine + Validator Loop
Validator,SeungeFlow/SeungeFlow,Y_Branch,32f8b248dc7e9ec5c1856b78b4ee207b8861d315,README.md,283,Y_Branch operating surface,https://raw.githubusercontent.com/SeungeFlow/SeungeFlow/32f8b248dc7e9ec5c1856b78b4ee207b8861d315/README.md,Y_Branch = State Machine + Validator Loop
Loop,SeungeFlow/SeungeFlow,Y_Branch,32f8b248dc7e9ec5c1856b78b4ee207b8861d315,README.md,283,Y_Branch operating surface,https://raw.githubusercontent.com/SeungeFlow/SeungeFlow/32f8b248dc7e9ec5c1856b78b4ee207b8861d315/README.md,Y_Branch = State Machine + Validator Loop
Q.CHECK,SeungeFlow/SeungeFlow,Y_Branch,32f8b248dc7e9ec5c1856b78b4ee207b8861d315,README.md,286,Y_Branch operating surface,https://raw.githubusercontent.com/SeungeFlow/SeungeFlow/32f8b248dc7e9ec5c1856b78b4ee207b8861d315/README.md,`Q.CHECK`는 한 번만 호출되는 질문이 아니다. `Q.CHECK`는 각 전이마다 오류 전파를 막는 validator이다.
는,SeungeFlow/SeungeFlow,Y_Branch,32f8b248dc7e9ec5c1856b78b4ee207b8861d315,README.md,286,Y_Branch operating surface,https://raw.githubusercontent.com/SeungeFlow/SeungeFlow/32f8b248dc7e9ec5c1856b78b4ee207b8861d315/README.md,`Q.CHECK`는 한 번만 호출되는 질문이 아니다. `Q.CHECK`는 각 전이마다 오류 전파를 막는 validator이다.
한,SeungeFlow/SeungeFlow,Y_Branch,32f8b248dc7e9ec5c1856b78b4ee207b8861d315,README.md,286,Y_Branch operating surface,https://raw.githubusercontent.com/SeungeFlow/SeungeFlow/32f8b248dc7e9ec5c1856b78b4ee207b8861d315/README.md,`Q.CHECK`는 한 번만 호출되는 질문이 아니다. `Q.CHECK`는 각 전이마다 오류 전파를 막는 validator이다.
번만,SeungeFlow/SeungeFlow,Y_Branch,32f8b248dc7e9ec5c1856b78b4ee207b8861d315,README.md,286,Y_Branch operating surface,https://raw.githubusercontent.com/SeungeFlow/SeungeFlow/32f8b248dc7e9ec5c1856b78b4ee207b8861d315/README.md,`Q.CHECK`는 한 번만 호출되는 질문이 아니다. `Q.CHECK`는 각 전이마다 오류 전파를 막는 validator이다.
호출되는,SeungeFlow/SeungeFlow,Y_Branch,32f8b248dc7e9ec5c1856b78b4ee207b8861d315,README.md,286,Y_Branch operating surface,https://raw.githubusercontent.com/SeungeFlow/SeungeFlow/32f8b248dc7e9ec5c1856b78b4ee207b8861d315/README.md,`Q.CHECK`는 한 번만 호출되는 질문이 아니다. `Q.CHECK`는 각 전이마다 오류 전파를 막는 validator이다.
질문이,SeungeFlow/SeungeFlow,Y_Branch,32f8b248dc7e9ec5c1856b78b4ee207b8861d315,README.md,286,Y_Branch operating surface,https://raw.githubusercontent.com/SeungeFlow/SeungeFlow/32f8b248dc7e9ec5c1856b78b4ee207b8861d315/README.md,`Q.CHECK`는 한 번만 호출되는 질문이 아니다. `Q.CHECK`는 각 전이마다 오류 전파를 막는 validator이다.
아니다,SeungeFlow/SeungeFlow,Y_Branch,32f8b248dc7e9ec5c1856b78b4ee207b8861d315,README.md,286,Y_Branch operating surface,https://raw.githubusercontent.com/SeungeFlow/SeungeFlow/32f8b248dc7e9ec5c1856b78b4ee207b8861d315/README.md,`Q.CHECK`는 한 번만 호출되는 질문이 아니다. `Q.CHECK`는 각 전이마다 오류 전파를 막는 validator이다.
Q.CHECK,SeungeFlow/SeungeFlow,Y_Branch,32f8b248dc7e9ec5c1856b78b4ee207b8861d315,README.md,286,Y_Branch operating surface,https://raw.githubusercontent.com/SeungeFlow/SeungeFlow/32f8b248dc7e9ec5c1856b78b4ee207b8861d315/README.md,`Q.CHECK`는 한 번만 호출되는 질문이 아니다. `Q.CHECK`는 각 전이마다 오류 전파를 막는 validator이다.
는,SeungeFlow/SeungeFlow,Y_Branch,32f8b248dc7e9ec5c1856b78b4ee207b8861d315,README.md,286,Y_Branch operating surface,https://raw.githubusercontent.com/SeungeFlow/SeungeFlow/32f8b248dc7e9ec5c1856b78b4ee207b8861d315/README.md,`Q.CHECK`는 한 번만 호출되는 질문이 아니다. `Q.CHECK`는 각 전이마다 오류 전파를 막는 validator이다.
각,SeungeFlow/SeungeFlow,Y_Branch,32f8b248dc7e9ec5c1856b78b4ee207b8861d315,README.md,286,Y_Branch operating surface,https://raw.githubusercontent.com/SeungeFlow/SeungeFlow/32f8b248dc7e9ec5c1856b78b4ee207b8861d315/README.md,`Q.CHECK`는 한 번만 호출되는 질문이 아니다. `Q.CHECK`는 각 전이마다 오류 전파를 막는 validator이다.
전이마다,SeungeFlow/SeungeFlow,Y_Branch,32f8b248dc7e9ec5c1856b78b4ee207b8861d315,README.md,286,Y_Branch operating surface,https://raw.githubusercontent.com/SeungeFlow/SeungeFlow/32f8b248dc7e9ec5c1856b78b4ee207b8861d315/README.md,`Q.CHECK`는 한 번만 호출되는 질문이 아니다. `Q.CHECK`는 각 전이마다 오류 전파를 막는 validator이다.
오류,SeungeFlow/SeungeFlow,Y_Branch,32f8b248dc7e9ec5c1856b78b4ee207b8861d315,README.md,286,Y_Branch operating surface,https://raw.githubusercontent.com/SeungeFlow/SeungeFlow/32f8b248dc7e9ec5c1856b78b4ee207b8861d315/README.md,`Q.CHECK`는 한 번만 호출되는 질문이 아니다. `Q.CHECK`는 각 전이마다 오류 전파를 막는 validator이다.
전파를,SeungeFlow/SeungeFlow,Y_Branch,32f8b248dc7e9ec5c1856b78b4ee207b8861d315,README.md,286,Y_Branch operating surface,https://raw.githubusercontent.com/SeungeFlow/SeungeFlow/32f8b248dc7e9ec5c1856b78b4ee207b8861d315/README.md,`Q.CHECK`는 한 번만 호출되는 질문이 아니다. `Q.CHECK`는 각 전이마다 오류 전파를 막는 validator이다.
막는,SeungeFlow/SeungeFlow,Y_Branch,32f8b248dc7e9ec5c1856b78b4ee207b8861d315,README.md,286,Y_Branch operating surface,https://raw.githubusercontent.com/SeungeFlow/SeungeFlow/32f8b248dc7e9ec5c1856b78b4ee207b8861d315/README.md,`Q.CHECK`는 한 번만 호출되는 질문이 아니다. `Q.CHECK`는 각 전이마다 오류 전파를 막는 validator이다.
validator,SeungeFlow/SeungeFlow,Y_Branch,32f8b248dc7e9ec5c1856b78b4ee207b8861d315,README.md,286,Y_Branch operating surface,https://raw.githubusercontent.com/SeungeFlow/SeungeFlow/32f8b248dc7e9ec5c1856b78b4ee207b8861d315/README.md,`Q.CHECK`는 한 번만 호출되는 질문이 아니다. `Q.CHECK`는 각 전이마다 오류 전파를 막는 validator이다.
이다,SeungeFlow/SeungeFlow,Y_Branch,32f8b248dc7e9ec5c1856b78b4ee207b8861d315,README.md,286,Y_Branch operating surface,https://raw.githubusercontent.com/SeungeFlow/SeungeFlow/32f8b248dc7e9ec5c1856b78b4ee207b8861d315/README.md,`Q.CHECK`는 한 번만 호출되는 질문이 아니다. `Q.CHECK`는 각 전이마다 오류 전파를 막는 validator이다.
중요한,SeungeFlow/SeungeFlow,Y_Branch,32f8b248dc7e9ec5c1856b78b4ee207b8861d315,README.md,288,Y_Branch operating surface,https://raw.githubusercontent.com/SeungeFlow/SeungeFlow/32f8b248dc7e9ec5c1856b78b4ee207b8861d315/README.md,중요한 guard:
guard,SeungeFlow/SeungeFlow,Y_Branch,32f8b248dc7e9ec5c1856b78b4ee207b8861d315,README.md,288,Y_Branch operating surface,https://raw.githubusercontent.com/SeungeFlow/SeungeFlow/32f8b248dc7e9ec5c1856b78b4ee207b8861d315/README.md,중요한 guard:
text,SeungeFlow/SeungeFlow,Y_Branch,32f8b248dc7e9ec5c1856b78b4ee207b8861d315,README.md,290,Y_Branch operating surface,https://raw.githubusercontent.com/SeungeFlow/SeungeFlow/32f8b248dc7e9ec5c1856b78b4ee207b8861d315/README.md,```text
B.FIELD,SeungeFlow/SeungeFlow,Y_Branch,32f8b248dc7e9ec5c1856b78b4ee207b8861d315,README.md,291,Y_Branch operating surface,https://raw.githubusercontent.com/SeungeFlow/SeungeFlow/32f8b248dc7e9ec5c1856b78b4ee207b8861d315/README.md,B.FIELD → Q.CHECK → O.ORBIT
Q.CHECK,SeungeFlow/SeungeFlow,Y_Branch,32f8b248dc7e9ec5c1856b78b4ee207b8861d315,README.md,291,Y_Branch operating surface,https://raw.githubusercontent.com/SeungeFlow/SeungeFlow/32f8b248dc7e9ec5c1856b78b4ee207b8861d315/README.md,B.FIELD → Q.CHECK → O.ORBIT
O.ORBIT,SeungeFlow/SeungeFlow,Y_Branch,32f8b248dc7e9ec5c1856b78b4ee207b8861d315,README.md,291,Y_Branch operating surface,https://raw.githubusercontent.com/SeungeFlow/SeungeFlow/32f8b248dc7e9ec5c1856b78b4ee207b8861d315/README.md,B.FIELD → Q.CHECK → O.ORBIT
boundary,SeungeFlow/SeungeFlow,Y_Branch,32f8b248dc7e9ec5c1856b78b4ee207b8861d315,README.md,294,Y_Branch operating surface,https://raw.githubusercontent.com/SeungeFlow/SeungeFlow/32f8b248dc7e9ec5c1856b78b4ee207b8861d315/README.md,boundary가 정의되지 않으면 orbit을 호출하지 않는다.
가,SeungeFlow/SeungeFlow,Y_Branch,32f8b248dc7e9ec5c1856b78b4ee207b8861d315,README.md,294,Y_Branch operating surface,https://raw.githubusercontent.com/SeungeFlow/SeungeFlow/32f8b248dc7e9ec5c1856b78b4ee207b8861d315/README.md,boundary가 정의되지 않으면 orbit을 호출하지 않는다.
정의되지,SeungeFlow/SeungeFlow,Y_Branch,32f8b248dc7e9ec5c1856b78b4ee207b8861d315,README.md,294,Y_Branch operating surface,https://raw.githubusercontent.com/SeungeFlow/SeungeFlow/32f8b248dc7e9ec5c1856b78b4ee207b8861d315/README.md,boundary가 정의되지 않으면 orbit을 호출하지 않는다.
않으면,SeungeFlow/SeungeFlow,Y_Branch,32f8b248dc7e9ec5c1856b78b4ee207b8861d315,README.md,294,Y_Branch operating surface,https://raw.githubusercontent.com/SeungeFlow/SeungeFlow/32f8b248dc7e9ec5c1856b78b4ee207b8861d315/README.md,boundary가 정의되지 않으면 orbit을 호출하지 않는다.
orbit,SeungeFlow/SeungeFlow,Y_Branch,32f8b248dc7e9ec5c1856b78b4ee207b8861d315,README.md,294,Y_Branch operating surface,https://raw.githubusercontent.com/SeungeFlow/SeungeFlow/32f8b248dc7e9ec5c1856b78b4ee207b8861d315/README.md,boundary가 정의되지 않으면 orbit을 호출하지 않는다.
을,SeungeFlow/SeungeFlow,Y_Branch,32f8b248dc7e9ec5c1856b78b4ee207b8861d315,README.md,294,Y_Branch operating surface,https://raw.githubusercontent.com/SeungeFlow/SeungeFlow/32f8b248dc7e9ec5c1856b78b4ee207b8861d315/README.md,boundary가 정의되지 않으면 orbit을 호출하지 않는다.
호출하지,SeungeFlow/SeungeFlow,Y_Branch,32f8b248dc7e9ec5c1856b78b4ee207b8861d315,README.md,294,Y_Branch operating surface,https://raw.githubusercontent.com/SeungeFlow/SeungeFlow/32f8b248dc7e9ec5c1856b78b4ee207b8861d315/README.md,boundary가 정의되지 않으면 orbit을 호출하지 않는다.
않는다,SeungeFlow/SeungeFlow,Y_Branch,32f8b248dc7e9ec5c1856b78b4ee207b8861d315,README.md,294,Y_Branch operating surface,https://raw.githubusercontent.com/SeungeFlow/SeungeFlow/32f8b248dc7e9ec5c1856b78b4ee207b8861d315/README.md,boundary가 정의되지 않으면 orbit을 호출하지 않는다.
9,SeungeFlow/SeungeFlow,Y_Branch,32f8b248dc7e9ec5c1856b78b4ee207b8861d315,README.md,298,Y_Branch operating surface,https://raw.githubusercontent.com/SeungeFlow/SeungeFlow/32f8b248dc7e9ec5c1856b78b4ee207b8861d315/README.md,## 9. Brake Test
Brake,SeungeFlow/SeungeFlow,Y_Branch,32f8b248dc7e9ec5c1856b78b4ee207b8861d315,README.md,298,Y_Branch operating surface,https://raw.githubusercontent.com/SeungeFlow/SeungeFlow/32f8b248dc7e9ec5c1856b78b4ee207b8861d315/README.md,## 9. Brake Test
Test,SeungeFlow/SeungeFlow,Y_Branch,32f8b248dc7e9ec5c1856b78b4ee207b8861d315,README.md,298,Y_Branch operating surface,https://raw.githubusercontent.com/SeungeFlow/SeungeFlow/32f8b248dc7e9ec5c1856b78b4ee207b8861d315/README.md,## 9. Brake Test
Y_Branch,SeungeFlow/SeungeFlow,Y_Branch,32f8b248dc7e9ec5c1856b78b4ee207b8861d315,README.md,300,Y_Branch operating surface,https://raw.githubusercontent.com/SeungeFlow/SeungeFlow/32f8b248dc7e9ec5c1856b78b4ee207b8861d315/README.md,`Y_Branch`는 Brake Test를 포함한다.
는,SeungeFlow/SeungeFlow,Y_Branch,32f8b248dc7e9ec5c1856b78b4ee207b8861d315,README.md,300,Y_Branch operating surface,https://raw.githubusercontent.com/SeungeFlow/SeungeFlow/32f8b248dc7e9ec5c1856b78b4ee207b8861d315/README.md,`Y_Branch`는 Brake Test를 포함한다.
Brake,SeungeFlow/SeungeFlow,Y_Branch,32f8b248dc7e9ec5c1856b78b4ee207b8861d315,README.md,300,Y_Branch operating surface,https://raw.githubusercontent.com/SeungeFlow/SeungeFlow/32f8b248dc7e9ec5c1856b78b4ee207b8861d315/README.md,`Y_Branch`는 Brake Test를 포함한다.
Test,SeungeFlow/SeungeFlow,Y_Branch,32f8b248dc7e9ec5c1856b78b4ee207b8861d315,README.md,300,Y_Branch operating surface,https://raw.githubusercontent.com/SeungeFlow/SeungeFlow/32f8b248dc7e9ec5c1856b78b4ee207b8861d315/README.md,`Y_Branch`는 Brake Test를 포함한다.
를,SeungeFlow/SeungeFlow,Y_Branch,32f8b248dc7e9ec5c1856b78b4ee207b8861d315,README.md,300,Y_Branch operating surface,https://raw.githubusercontent.com/SeungeFlow/SeungeFlow/32f8b248dc7e9ec5c1856b78b4ee207b8861d315/README.md,`Y_Branch`는 Brake Test를 포함한다.
포함한다,SeungeFlow/SeungeFlow,Y_Branch,32f8b248dc7e9ec5c1856b78b4ee207b8861d315,README.md,300,Y_Branch operating surface,https://raw.githubusercontent.com/SeungeFlow/SeungeFlow/32f8b248dc7e9ec5c1856b78b4ee207b8861d315/README.md,`Y_Branch`는 Brake Test를 포함한다.
Brake,SeungeFlow/SeungeFlow,Y_Branch,32f8b248dc7e9ec5c1856b78b4ee207b8861d315,README.md,302,Y_Branch operating surface,https://raw.githubusercontent.com/SeungeFlow/SeungeFlow/32f8b248dc7e9ec5c1856b78b4ee207b8861d315/README.md,"Brake Test는 구조를 억지로 완성하기 위한 절차가 아니다. Brake Test는 어디까지 구조연산이 가능하고, 어디서 source boundary가 막히며, 무엇을 guard로 남겨야 하고, 무엇을 보류해야 하는지 드러내는 절차이다."
Test,SeungeFlow/SeungeFlow,Y_Branch,32f8b248dc7e9ec5c1856b78b4ee207b8861d315,README.md,302,Y_Branch operating surface,https://raw.githubusercontent.com/SeungeFlow/SeungeFlow/32f8b248dc7e9ec5c1856b78b4ee207b8861d315/README.md,"Brake Test는 구조를 억지로 완성하기 위한 절차가 아니다. Brake Test는 어디까지 구조연산이 가능하고, 어디서 source boundary가 막히며, 무엇을 guard로 남겨야 하고, 무엇을 보류해야 하는지 드러내는 절차이다."
는,SeungeFlow/SeungeFlow,Y_Branch,32f8b248dc7e9ec5c1856b78b4ee207b8861d315,README.md,302,Y_Branch operating surface,https://raw.githubusercontent.com/SeungeFlow/SeungeFlow/32f8b248dc7e9ec5c1856b78b4ee207b8861d315/README.md,"Brake Test는 구조를 억지로 완성하기 위한 절차가 아니다. Brake Test는 어디까지 구조연산이 가능하고, 어디서 source boundary가 막히며, 무엇을 guard로 남겨야 하고, 무엇을 보류해야 하는지 드러내는 절차이다."
구조를,SeungeFlow/SeungeFlow,Y_Branch,32f8b248dc7e9ec5c1856b78b4ee207b8861d315,README.md,302,Y_Branch operating surface,https://raw.githubusercontent.com/SeungeFlow/SeungeFlow/32f8b248dc7e9ec5c1856b78b4ee207b8861d315/README.md,"Brake Test는 구조를 억지로 완성하기 위한 절차가 아니다. Brake Test는 어디까지 구조연산이 가능하고, 어디서 source boundary가 막히며, 무엇을 guard로 남겨야 하고, 무엇을 보류해야 하는지 드러내는 절차이다."
억지로,SeungeFlow/SeungeFlow,Y_Branch,32f8b248dc7e9ec5c1856b78b4ee207b8861d315,README.md,302,Y_Branch operating surface,https://raw.githubusercontent.com/SeungeFlow/SeungeFlow/32f8b248dc7e9ec5c1856b78b4ee207b8861d315/README.md,"Brake Test는 구조를 억지로 완성하기 위한 절차가 아니다. Brake Test는 어디까지 구조연산이 가능하고, 어디서 source boundary가 막히며, 무엇을 guard로 남겨야 하고, 무엇을 보류해야 하는지 드러내는 절차이다."
완성하기,SeungeFlow/SeungeFlow,Y_Branch,32f8b248dc7e9ec5c1856b78b4ee207b8861d315,README.md,302,Y_Branch operating surface,https://raw.githubusercontent.com/SeungeFlow/SeungeFlow/32f8b248dc7e9ec5c1856b78b4ee207b8861d315/README.md,"Brake Test는 구조를 억지로 완성하기 위한 절차가 아니다. Brake Test는 어디까지 구조연산이 가능하고, 어디서 source boundary가 막히며, 무엇을 guard로 남겨야 하고, 무엇을 보류해야 하는지 드러내는 절차이다."
위한,SeungeFlow/SeungeFlow,Y_Branch,32f8b248dc7e9ec5c1856b78b4ee207b8861d315,README.md,302,Y_Branch operating surface,https://raw.githubusercontent.com/SeungeFlow/SeungeFlow/32f8b248dc7e9ec5c1856b78b4ee207b8861d315/README.md,"Brake Test는 구조를 억지로 완성하기 위한 절차가 아니다. Brake Test는 어디까지 구조연산이 가능하고, 어디서 source boundary가 막히며, 무엇을 guard로 남겨야 하고, 무엇을 보류해야 하는지 드러내는 절차이다."
절차가,SeungeFlow/SeungeFlow,Y_Branch,32f8b248dc7e9ec5c1856b78b4ee207b8861d315,README.md,302,Y_Branch operating surface,https://raw.githubusercontent.com/SeungeFlow/SeungeFlow/32f8b248dc7e9ec5c1856b78b4ee207b8861d315/README.md,"Brake Test는 구조를 억지로 완성하기 위한 절차가 아니다. Brake Test는 어디까지 구조연산이 가능하고, 어디서 source boundary가 막히며, 무엇을 guard로 남겨야 하고, 무엇을 보류해야 하는지 드러내는 절차이다."
아니다,SeungeFlow/SeungeFlow,Y_Branch,32f8b248dc7e9ec5c1856b78b4ee207b8861d315,README.md,302,Y_Branch operating surface,https://raw.githubusercontent.com/SeungeFlow/SeungeFlow/32f8b248dc7e9ec5c1856b78b4ee207b8861d315/README.md,"Brake Test는 구조를 억지로 완성하기 위한 절차가 아니다. Brake Test는 어디까지 구조연산이 가능하고, 어디서 source boundary가 막히며, 무엇을 guard로 남겨야 하고, 무엇을 보류해야 하는지 드러내는 절차이다."
Brake,SeungeFlow/SeungeFlow,Y_Branch,32f8b248dc7e9ec5c1856b78b4ee207b8861d315,README.md,302,Y_Branch operating surface,https://raw.githubusercontent.com/SeungeFlow/SeungeFlow/32f8b248dc7e9ec5c1856b78b4ee207b8861d315/README.md,"Brake Test는 구조를 억지로 완성하기 위한 절차가 아니다. Brake Test는 어디까지 구조연산이 가능하고, 어디서 source boundary가 막히며, 무엇을 guard로 남겨야 하고, 무엇을 보류해야 하는지 드러내는 절차이다."
Test,SeungeFlow/SeungeFlow,Y_Branch,32f8b248dc7e9ec5c1856b78b4ee207b8861d315,README.md,302,Y_Branch operating surface,https://raw.githubusercontent.com/SeungeFlow/SeungeFlow/32f8b248dc7e9ec5c1856b78b4ee207b8861d315/README.md,"Brake Test는 구조를 억지로 완성하기 위한 절차가 아니다. Brake Test는 어디까지 구조연산이 가능하고, 어디서 source boundary가 막히며, 무엇을 guard로 남겨야 하고, 무엇을 보류해야 하는지 드러내는 절차이다."
는,SeungeFlow/SeungeFlow,Y_Branch,32f8b248dc7e9ec5c1856b78b4ee207b8861d315,README.md,302,Y_Branch operating surface,https://raw.githubusercontent.com/SeungeFlow/SeungeFlow/32f8b248dc7e9ec5c1856b78b4ee207b8861d315/README.md,"Brake Test는 구조를 억지로 완성하기 위한 절차가 아니다. Brake Test는 어디까지 구조연산이 가능하고, 어디서 source boundary가 막히며, 무엇을 guard로 남겨야 하고, 무엇을 보류해야 하는지 드러내는 절차이다."
어디까지,SeungeFlow/SeungeFlow,Y_Branch,32f8b248dc7e9ec5c1856b78b4ee207b8861d315,README.md,302,Y_Branch operating surface,https://raw.githubusercontent.com/SeungeFlow/SeungeFlow/32f8b248dc7e9ec5c1856b78b4ee207b8861d315/README.md,"Brake Test는 구조를 억지로 완성하기 위한 절차가 아니다. Brake Test는 어디까지 구조연산이 가능하고, 어디서 source boundary가 막히며, 무엇을 guard로 남겨야 하고, 무엇을 보류해야 하는지 드러내는 절차이다."
구조연산이,SeungeFlow/SeungeFlow,Y_Branch,32f8b248dc7e9ec5c1856b78b4ee207b8861d315,README.md,302,Y_Branch operating surface,https://raw.githubusercontent.com/SeungeFlow/SeungeFlow/32f8b248dc7e9ec5c1856b78b4ee207b8861d315/README.md,"Brake Test는 구조를 억지로 완성하기 위한 절차가 아니다. Brake Test는 어디까지 구조연산이 가능하고, 어디서 source boundary가 막히며, 무엇을 guard로 남겨야 하고, 무엇을 보류해야 하는지 드러내는 절차이다."
가능하고,SeungeFlow/SeungeFlow,Y_Branch,32f8b248dc7e9ec5c1856b78b4ee207b8861d315,README.md,302,Y_Branch operating surface,https://raw.githubusercontent.com/SeungeFlow/SeungeFlow/32f8b248dc7e9ec5c1856b78b4ee207b8861d315/README.md,"Brake Test는 구조를 억지로 완성하기 위한 절차가 아니다. Brake Test는 어디까지 구조연산이 가능하고, 어디서 source boundary가 막히며, 무엇을 guard로 남겨야 하고, 무엇을 보류해야 하는지 드러내는 절차이다."
어디서,SeungeFlow/SeungeFlow,Y_Branch,32f8b248dc7e9ec5c1856b78b4ee207b8861d315,README.md,302,Y_Branch operating surface,https://raw.githubusercontent.com/SeungeFlow/SeungeFlow/32f8b248dc7e9ec5c1856b78b4ee207b8861d315/README.md,"Brake Test는 구조를 억지로 완성하기 위한 절차가 아니다. Brake Test는 어디까지 구조연산이 가능하고, 어디서 source boundary가 막히며, 무엇을 guard로 남겨야 하고, 무엇을 보류해야 하는지 드러내는 절차이다."
source,SeungeFlow/SeungeFlow,Y_Branch,32f8b248dc7e9ec5c1856b78b4ee207b8861d315,README.md,302,Y_Branch operating surface,https://raw.githubusercontent.com/SeungeFlow/SeungeFlow/32f8b248dc7e9ec5c1856b78b4ee207b8861d315/README.md,"Brake Test는 구조를 억지로 완성하기 위한 절차가 아니다. Brake Test는 어디까지 구조연산이 가능하고, 어디서 source boundary가 막히며, 무엇을 guard로 남겨야 하고, 무엇을 보류해야 하는지 드러내는 절차이다."
boundary,SeungeFlow/SeungeFlow,Y_Branch,32f8b248dc7e9ec5c1856b78b4ee207b8861d315,README.md,302,Y_Branch operating surface,https://raw.githubusercontent.com/SeungeFlow/SeungeFlow/32f8b248dc7e9ec5c1856b78b4ee207b8861d315/README.md,"Brake Test는 구조를 억지로 완성하기 위한 절차가 아니다. Brake Test는 어디까지 구조연산이 가능하고, 어디서 source boundary가 막히며, 무엇을 guard로 남겨야 하고, 무엇을 보류해야 하는지 드러내는 절차이다."
가,SeungeFlow/SeungeFlow,Y_Branch,32f8b248dc7e9ec5c1856b78b4ee207b8861d315,README.md,302,Y_Branch operating surface,https://raw.githubusercontent.com/SeungeFlow/SeungeFlow/32f8b248dc7e9ec5c1856b78b4ee207b8861d315/README.md,"Brake Test는 구조를 억지로 완성하기 위한 절차가 아니다. Brake Test는 어디까지 구조연산이 가능하고, 어디서 source boundary가 막히며, 무엇을 guard로 남겨야 하고, 무엇을 보류해야 하는지 드러내는 절차이다."
막히며,SeungeFlow/SeungeFlow,Y_Branch,32f8b248dc7e9ec5c1856b78b4ee207b8861d315,README.md,302,Y_Branch operating surface,https://raw.githubusercontent.com/SeungeFlow/SeungeFlow/32f8b248dc7e9ec5c1856b78b4ee207b8861d315/README.md,"Brake Test는 구조를 억지로 완성하기 위한 절차가 아니다. Brake Test는 어디까지 구조연산이 가능하고, 어디서 source boundary가 막히며, 무엇을 guard로 남겨야 하고, 무엇을 보류해야 하는지 드러내는 절차이다."
무엇을,SeungeFlow/SeungeFlow,Y_Branch,32f8b248dc7e9ec5c1856b78b4ee207b8861d315,README.md,302,Y_Branch operating surface,https://raw.githubusercontent.com/SeungeFlow/SeungeFlow/32f8b248dc7e9ec5c1856b78b4ee207b8861d315/README.md,"Brake Test는 구조를 억지로 완성하기 위한 절차가 아니다. Brake Test는 어디까지 구조연산이 가능하고, 어디서 source boundary가 막히며, 무엇을 guard로 남겨야 하고, 무엇을 보류해야 하는지 드러내는 절차이다."
guard,SeungeFlow/SeungeFlow,Y_Branch,32f8b248dc7e9ec5c1856b78b4ee207b8861d315,README.md,302,Y_Branch operating surface,https://raw.githubusercontent.com/SeungeFlow/SeungeFlow/32f8b248dc7e9ec5c1856b78b4ee207b8861d315/README.md,"Brake Test는 구조를 억지로 완성하기 위한 절차가 아니다. Brake Test는 어디까지 구조연산이 가능하고, 어디서 source boundary가 막히며, 무엇을 guard로 남겨야 하고, 무엇을 보류해야 하는지 드러내는 절차이다."
로,SeungeFlow/SeungeFlow,Y_Branch,32f8b248dc7e9ec5c1856b78b4ee207b8861d315,README.md,302,Y_Branch operating surface,https://raw.githubusercontent.com/SeungeFlow/SeungeFlow/32f8b248dc7e9ec5c1856b78b4ee207b8861d315/README.md,"Brake Test는 구조를 억지로 완성하기 위한 절차가 아니다. Brake Test는 어디까지 구조연산이 가능하고, 어디서 source boundary가 막히며, 무엇을 guard로 남겨야 하고, 무엇을 보류해야 하는지 드러내는 절차이다."
남겨야,SeungeFlow/SeungeFlow,Y_Branch,32f8b248dc7e9ec5c1856b78b4ee207b8861d315,README.md,302,Y_Branch operating surface,https://raw.githubusercontent.com/SeungeFlow/SeungeFlow/32f8b248dc7e9ec5c1856b78b4ee207b8861d315/README.md,"Brake Test는 구조를 억지로 완성하기 위한 절차가 아니다. Brake Test는 어디까지 구조연산이 가능하고, 어디서 source boundary가 막히며, 무엇을 guard로 남겨야 하고, 무엇을 보류해야 하는지 드러내는 절차이다."
하고,SeungeFlow/SeungeFlow,Y_Branch,32f8b248dc7e9ec5c1856b78b4ee207b8861d315,README.md,302,Y_Branch operating surface,https://raw.githubusercontent.com/SeungeFlow/SeungeFlow/32f8b248dc7e9ec5c1856b78b4ee207b8861d315/README.md,"Brake Test는 구조를 억지로 완성하기 위한 절차가 아니다. Brake Test는 어디까지 구조연산이 가능하고, 어디서 source boundary가 막히며, 무엇을 guard로 남겨야 하고, 무엇을 보류해야 하는지 드러내는 절차이다."
무엇을,SeungeFlow/SeungeFlow,Y_Branch,32f8b248dc7e9ec5c1856b78b4ee207b8861d315,README.md,302,Y_Branch operating surface,https://raw.githubusercontent.com/SeungeFlow/SeungeFlow/32f8b248dc7e9ec5c1856b78b4ee207b8861d315/README.md,"Brake Test는 구조를 억지로 완성하기 위한 절차가 아니다. Brake Test는 어디까지 구조연산이 가능하고, 어디서 source boundary가 막히며, 무엇을 guard로 남겨야 하고, 무엇을 보류해야 하는지 드러내는 절차이다."
보류해야,SeungeFlow/SeungeFlow,Y_Branch,32f8b248dc7e9ec5c1856b78b4ee207b8861d315,README.md,302,Y_Branch operating surface,https://raw.githubusercontent.com/SeungeFlow/SeungeFlow/32f8b248dc7e9ec5c1856b78b4ee207b8861d315/README.md,"Brake Test는 구조를 억지로 완성하기 위한 절차가 아니다. Brake Test는 어디까지 구조연산이 가능하고, 어디서 source boundary가 막히며, 무엇을 guard로 남겨야 하고, 무엇을 보류해야 하는지 드러내는 절차이다."
하는지,SeungeFlow/SeungeFlow,Y_Branch,32f8b248dc7e9ec5c1856b78b4ee207b8861d315,README.md,302,Y_Branch operating surface,https://raw.githubusercontent.com/SeungeFlow/SeungeFlow/32f8b248dc7e9ec5c1856b78b4ee207b8861d315/README.md,"Brake Test는 구조를 억지로 완성하기 위한 절차가 아니다. Brake Test는 어디까지 구조연산이 가능하고, 어디서 source boundary가 막히며, 무엇을 guard로 남겨야 하고, 무엇을 보류해야 하는지 드러내는 절차이다."
드러내는,SeungeFlow/SeungeFlow,Y_Branch,32f8b248dc7e9ec5c1856b78b4ee207b8861d315,README.md,302,Y_Branch operating surface,https://raw.githubusercontent.com/SeungeFlow/SeungeFlow/32f8b248dc7e9ec5c1856b78b4ee207b8861d315/README.md,"Brake Test는 구조를 억지로 완성하기 위한 절차가 아니다. Brake Test는 어디까지 구조연산이 가능하고, 어디서 source boundary가 막히며, 무엇을 guard로 남겨야 하고, 무엇을 보류해야 하는지 드러내는 절차이다."
절차이다,SeungeFlow/SeungeFlow,Y_Branch,32f8b248dc7e9ec5c1856b78b4ee207b8861d315,README.md,302,Y_Branch operating surface,https://raw.githubusercontent.com/SeungeFlow/SeungeFlow/32f8b248dc7e9ec5c1856b78b4ee207b8861d315/README.md,"Brake Test는 구조를 억지로 완성하기 위한 절차가 아니다. Brake Test는 어디까지 구조연산이 가능하고, 어디서 source boundary가 막히며, 무엇을 guard로 남겨야 하고, 무엇을 보류해야 하는지 드러내는 절차이다."
11,SeungeFlow/SeungeFlow,Y_Branch,32f8b248dc7e9ec5c1856b78b4ee207b8861d315,README.md,304,Y_Branch operating surface,https://raw.githubusercontent.com/SeungeFlow/SeungeFlow/32f8b248dc7e9ec5c1856b78b4ee207b8861d315/README.md,11회차 Brake Test는 다음 세 lane으로 진행되었다.
회차,SeungeFlow/SeungeFlow,Y_Branch,32f8b248dc7e9ec5c1856b78b4ee207b8861d315,README.md,304,Y_Branch operating surface,https://raw.githubusercontent.com/SeungeFlow/SeungeFlow/32f8b248dc7e9ec5c1856b78b4ee207b8861d315/README.md,11회차 Brake Test는 다음 세 lane으로 진행되었다.
Brake,SeungeFlow/SeungeFlow,Y_Branch,32f8b248dc7e9ec5c1856b78b4ee207b8861d315,README.md,304,Y_Branch operating surface,https://raw.githubusercontent.com/SeungeFlow/SeungeFlow/32f8b248dc7e9ec5c1856b78b4ee207b8861d315/README.md,11회차 Brake Test는 다음 세 lane으로 진행되었다.
Test,SeungeFlow/SeungeFlow,Y_Branch,32f8b248dc7e9ec5c1856b78b4ee207b8861d315,README.md,304,Y_Branch operating surface,https://raw.githubusercontent.com/SeungeFlow/SeungeFlow/32f8b248dc7e9ec5c1856b78b4ee207b8861d315/README.md,11회차 Brake Test는 다음 세 lane으로 진행되었다.
는,SeungeFlow/SeungeFlow,Y_Branch,32f8b248dc7e9ec5c1856b78b4ee207b8861d315,README.md,304,Y_Branch operating surface,https://raw.githubusercontent.com/SeungeFlow/SeungeFlow/32f8b248dc7e9ec5c1856b78b4ee207b8861d315/README.md,11회차 Brake Test는 다음 세 lane으로 진행되었다.
다음,SeungeFlow/SeungeFlow,Y_Branch,32f8b248dc7e9ec5c1856b78b4ee207b8861d315,README.md,304,Y_Branch operating surface,https://raw.githubusercontent.com/SeungeFlow/SeungeFlow/32f8b248dc7e9ec5c1856b78b4ee207b8861d315/README.md,11회차 Brake Test는 다음 세 lane으로 진행되었다.
세,SeungeFlow/SeungeFlow,Y_Branch,32f8b248dc7e9ec5c1856b78b4ee207b8861d315,README.md,304,Y_Branch operating surface,https://raw.githubusercontent.com/SeungeFlow/SeungeFlow/32f8b248dc7e9ec5c1856b78b4ee207b8861d315/README.md,11회차 Brake Test는 다음 세 lane으로 진행되었다.
lane,SeungeFlow/SeungeFlow,Y_Branch,32f8b248dc7e9ec5c1856b78b4ee207b8861d315,README.md,304,Y_Branch operating surface,https://raw.githubusercontent.com/SeungeFlow/SeungeFlow/32f8b248dc7e9ec5c1856b78b4ee207b8861d315/README.md,11회차 Brake Test는 다음 세 lane으로 진행되었다.
으로,SeungeFlow/SeungeFlow,Y_Branch,32f8b248dc7e9ec5c1856b78b4ee207b8861d315,README.md,304,Y_Branch operating surface,https://raw.githubusercontent.com/SeungeFlow/SeungeFlow/32f8b248dc7e9ec5c1856b78b4ee207b8861d315/README.md,11회차 Brake Test는 다음 세 lane으로 진행되었다.
진행되었다,SeungeFlow/SeungeFlow,Y_Branch,32f8b248dc7e9ec5c1856b78b4ee207b8861d315,README.md,304,Y_Branch operating surface,https://raw.githubusercontent.com/SeungeFlow/SeungeFlow/32f8b248dc7e9ec5c1856b78b4ee207b8861d315/README.md,11회차 Brake Test는 다음 세 lane으로 진행되었다.
text,SeungeFlow/SeungeFlow,Y_Branch,32f8b248dc7e9ec5c1856b78b4ee207b8861d315,README.md,306,Y_Branch operating surface,https://raw.githubusercontent.com/SeungeFlow/SeungeFlow/32f8b248dc7e9ec5c1856b78b4ee207b8861d315/README.md,```text
Lane,SeungeFlow/SeungeFlow,Y_Branch,32f8b248dc7e9ec5c1856b78b4ee207b8861d315,README.md,307,Y_Branch operating surface,https://raw.githubusercontent.com/SeungeFlow/SeungeFlow/32f8b248dc7e9ec5c1856b78b4ee207b8861d315/README.md,Lane A = music_language / 오감도 / 비목
music_language,SeungeFlow/SeungeFlow,Y_Branch,32f8b248dc7e9ec5c1856b78b4ee207b8861d315,README.md,307,Y_Branch operating surface,https://raw.githubusercontent.com/SeungeFlow/SeungeFlow/32f8b248dc7e9ec5c1856b78b4ee207b8861d315/README.md,Lane A = music_language / 오감도 / 비목
오감도,SeungeFlow/SeungeFlow,Y_Branch,32f8b248dc7e9ec5c1856b78b4ee207b8861d315,README.md,307,Y_Branch operating surface,https://raw.githubusercontent.com/SeungeFlow/SeungeFlow/32f8b248dc7e9ec5c1856b78b4ee207b8861d315/README.md,Lane A = music_language / 오감도 / 비목
비목,SeungeFlow/SeungeFlow,Y_Branch,32f8b248dc7e9ec5c1856b78b4ee207b8861d315,README.md,307,Y_Branch operating surface,https://raw.githubusercontent.com/SeungeFlow/SeungeFlow/32f8b248dc7e9ec5c1856b78b4ee207b8861d315/README.md,Lane A = music_language / 오감도 / 비목
Lane,SeungeFlow/SeungeFlow,Y_Branch,32f8b248dc7e9ec5c1856b78b4ee207b8861d315,README.md,308,Y_Branch operating surface,https://raw.githubusercontent.com/SeungeFlow/SeungeFlow/32f8b248dc7e9ec5c1856b78b4ee207b8861d315/README.md,Lane B = epluone/Event_Context / Sejong / Hunminjeongeum / Einstein / Relativity / review candidates
epluone/Event_Context,SeungeFlow/SeungeFlow,Y_Branch,32f8b248dc7e9ec5c1856b78b4ee207b8861d315,README.md,308,Y_Branch operating surface,https://raw.githubusercontent.com/SeungeFlow/SeungeFlow/32f8b248dc7e9ec5c1856b78b4ee207b8861d315/README.md,Lane B = epluone/Event_Context / Sejong / Hunminjeongeum / Einstein / Relativity / review candidates
Sejong,SeungeFlow/SeungeFlow,Y_Branch,32f8b248dc7e9ec5c1856b78b4ee207b8861d315,README.md,308,Y_Branch operating surface,https://raw.githubusercontent.com/SeungeFlow/SeungeFlow/32f8b248dc7e9ec5c1856b78b4ee207b8861d315/README.md,Lane B = epluone/Event_Context / Sejong / Hunminjeongeum / Einstein / Relativity / review candidates
Hunminjeongeum,SeungeFlow/SeungeFlow,Y_Branch,32f8b248dc7e9ec5c1856b78b4ee207b8861d315,README.md,308,Y_Branch operating surface,https://raw.githubusercontent.com/SeungeFlow/SeungeFlow/32f8b248dc7e9ec5c1856b78b4ee207b8861d315/README.md,Lane B = epluone/Event_Context / Sejong / Hunminjeongeum / Einstein / Relativity / review candidates
Einstein,SeungeFlow/SeungeFlow,Y_Branch,32f8b248dc7e9ec5c1856b78b4ee207b8861d315,README.md,308,Y_Branch operating surface,https://raw.githubusercontent.com/SeungeFlow/SeungeFlow/32f8b248dc7e9ec5c1856b78b4ee207b8861d315/README.md,Lane B = epluone/Event_Context / Sejong / Hunminjeongeum / Einstein / Relativity / review candidates
Relativity,SeungeFlow/SeungeFlow,Y_Branch,32f8b248dc7e9ec5c1856b78b4ee207b8861d315,README.md,308,Y_Branch operating surface,https://raw.githubusercontent.com/SeungeFlow/SeungeFlow/32f8b248dc7e9ec5c1856b78b4ee207b8861d315/README.md,Lane B = epluone/Event_Context / Sejong / Hunminjeongeum / Einstein / Relativity / review candidates
review,SeungeFlow/SeungeFlow,Y_Branch,32f8b248dc7e9ec5c1856b78b4ee207b8861d315,README.md,308,Y_Branch operating surface,https://raw.githubusercontent.com/SeungeFlow/SeungeFlow/32f8b248dc7e9ec5c1856b78b4ee207b8861d315/README.md,Lane B = epluone/Event_Context / Sejong / Hunminjeongeum / Einstein / Relativity / review candidates
candidates,SeungeFlow/SeungeFlow,Y_Branch,32f8b248dc7e9ec5c1856b78b4ee207b8861d315,README.md,308,Y_Branch operating surface,https://raw.githubusercontent.com/SeungeFlow/SeungeFlow/32f8b248dc7e9ec5c1856b78b4ee207b8861d315/README.md,Lane B = epluone/Event_Context / Sejong / Hunminjeongeum / Einstein / Relativity / review candidates
Lane,SeungeFlow/SeungeFlow,Y_Branch,32f8b248dc7e9ec5c1856b78b4ee207b8861d315,README.md,309,Y_Branch operating surface,https://raw.githubusercontent.com/SeungeFlow/SeungeFlow/32f8b248dc7e9ec5c1856b78b4ee207b8861d315/README.md,Lane C = music_language × Event_Context / Cross Matrix
music_language,SeungeFlow/SeungeFlow,Y_Branch,32f8b248dc7e9ec5c1856b78b4ee207b8861d315,README.md,309,Y_Branch operating surface,https://raw.githubusercontent.com/SeungeFlow/SeungeFlow/32f8b248dc7e9ec5c1856b78b4ee207b8861d315/README.md,Lane C = music_language × Event_Context / Cross Matrix
Event_Context,SeungeFlow/SeungeFlow,Y_Branch,32f8b248dc7e9ec5c1856b78b4ee207b8861d315,README.md,309,Y_Branch operating surface,https://raw.githubusercontent.com/SeungeFlow/SeungeFlow/32f8b248dc7e9ec5c1856b78b4ee207b8861d315/README.md,Lane C = music_language × Event_Context / Cross Matrix
Cross,SeungeFlow/SeungeFlow,Y_Branch,32f8b248dc7e9ec5c1856b78b4ee207b8861d315,README.md,309,Y_Branch operating surface,https://raw.githubusercontent.com/SeungeFlow/SeungeFlow/32f8b248dc7e9ec5c1856b78b4ee207b8861d315/README.md,Lane C = music_language × Event_Context / Cross Matrix
Matrix,SeungeFlow/SeungeFlow,Y_Branch,32f8b248dc7e9ec5c1856b78b4ee207b8861d315,README.md,309,Y_Branch operating surface,https://raw.githubusercontent.com/SeungeFlow/SeungeFlow/32f8b248dc7e9ec5c1856b78b4ee207b8861d315/README.md,Lane C = music_language × Event_Context / Cross Matrix
핵심,SeungeFlow/SeungeFlow,Y_Branch,32f8b248dc7e9ec5c1856b78b4ee207b8861d315,README.md,312,Y_Branch operating surface,https://raw.githubusercontent.com/SeungeFlow/SeungeFlow/32f8b248dc7e9ec5c1856b78b4ee207b8861d315/README.md,핵심 결과:
결과,SeungeFlow/SeungeFlow,Y_Branch,32f8b248dc7e9ec5c1856b78b4ee207b8861d315,README.md,312,Y_Branch operating surface,https://raw.githubusercontent.com/SeungeFlow/SeungeFlow/32f8b248dc7e9ec5c1856b78b4ee207b8861d315/README.md,핵심 결과:
text,SeungeFlow/SeungeFlow,Y_Branch,32f8b248dc7e9ec5c1856b78b4ee207b8861d315,README.md,314,Y_Branch operating surface,https://raw.githubusercontent.com/SeungeFlow/SeungeFlow/32f8b248dc7e9ec5c1856b78b4ee207b8861d315/README.md,```text
강하게,SeungeFlow/SeungeFlow,Y_Branch,32f8b248dc7e9ec5c1856b78b4ee207b8861d315,README.md,315,Y_Branch operating surface,https://raw.githubusercontent.com/SeungeFlow/SeungeFlow/32f8b248dc7e9ec5c1856b78b4ee207b8861d315/README.md,S₂ = 강하게 통과
통과,SeungeFlow/SeungeFlow,Y_Branch,32f8b248dc7e9ec5c1856b78b4ee207b8861d315,README.md,315,Y_Branch operating surface,https://raw.githubusercontent.com/SeungeFlow/SeungeFlow/32f8b248dc7e9ec5c1856b78b4ee207b8861d315/README.md,S₂ = 강하게 통과
부분,SeungeFlow/SeungeFlow,Y_Branch,32f8b248dc7e9ec5c1856b78b4ee207b8861d315,README.md,316,Y_Branch operating surface,https://raw.githubusercontent.com/SeungeFlow/SeungeFlow/32f8b248dc7e9ec5c1856b78b4ee207b8861d315/README.md,S₃ = 부분 통과
통과,SeungeFlow/SeungeFlow,Y_Branch,32f8b248dc7e9ec5c1856b78b4ee207b8861d315,README.md,316,Y_Branch operating surface,https://raw.githubusercontent.com/SeungeFlow/SeungeFlow/32f8b248dc7e9ec5c1856b78b4ee207b8861d315/README.md,S₃ = 부분 통과
보류,SeungeFlow/SeungeFlow,Y_Branch,32f8b248dc7e9ec5c1856b78b4ee207b8861d315,README.md,317,Y_Branch operating surface,https://raw.githubusercontent.com/SeungeFlow/SeungeFlow/32f8b248dc7e9ec5c1856b78b4ee207b8861d315/README.md,S₄ = 보류
R07,SeungeFlow/SeungeFlow,Y_Branch,32f8b248dc7e9ec5c1856b78b4ee207b8861d315,README.md,318,Y_Branch operating surface,https://raw.githubusercontent.com/SeungeFlow/SeungeFlow/32f8b248dc7e9ec5c1856b78b4ee207b8861d315/README.md,R07 = boundary-preserving matrix swap 조건에서만 유효
boundary-preserving,SeungeFlow/SeungeFlow,Y_Branch,32f8b248dc7e9ec5c1856b78b4ee207b8861d315,README.md,318,Y_Branch operating surface,https://raw.githubusercontent.com/SeungeFlow/SeungeFlow/32f8b248dc7e9ec5c1856b78b4ee207b8861d315/README.md,R07 = boundary-preserving matrix swap 조건에서만 유효
matrix,SeungeFlow/SeungeFlow,Y_Branch,32f8b248dc7e9ec5c1856b78b4ee207b8861d315,README.md,318,Y_Branch operating surface,https://raw.githubusercontent.com/SeungeFlow/SeungeFlow/32f8b248dc7e9ec5c1856b78b4ee207b8861d315/README.md,R07 = boundary-preserving matrix swap 조건에서만 유효
swap,SeungeFlow/SeungeFlow,Y_Branch,32f8b248dc7e9ec5c1856b78b4ee207b8861d315,README.md,318,Y_Branch operating surface,https://raw.githubusercontent.com/SeungeFlow/SeungeFlow/32f8b248dc7e9ec5c1856b78b4ee207b8861d315/README.md,R07 = boundary-preserving matrix swap 조건에서만 유효
조건에서만,SeungeFlow/SeungeFlow,Y_Branch,32f8b248dc7e9ec5c1856b78b4ee207b8861d315,README.md,318,Y_Branch operating surface,https://raw.githubusercontent.com/SeungeFlow/SeungeFlow/32f8b248dc7e9ec5c1856b78b4ee207b8861d315/README.md,R07 = boundary-preserving matrix swap 조건에서만 유효
유효,SeungeFlow/SeungeFlow,Y_Branch,32f8b248dc7e9ec5c1856b78b4ee207b8861d315,README.md,318,Y_Branch operating surface,https://raw.githubusercontent.com/SeungeFlow/SeungeFlow/32f8b248dc7e9ec5c1856b78b4ee207b8861d315/README.md,R07 = boundary-preserving matrix swap 조건에서만 유효
R12,SeungeFlow/SeungeFlow,Y_Branch,32f8b248dc7e9ec5c1856b78b4ee207b8861d315,README.md,319,Y_Branch operating surface,https://raw.githubusercontent.com/SeungeFlow/SeungeFlow/32f8b248dc7e9ec5c1856b78b4ee207b8861d315/README.md,R12 = 필수 guard
필수,SeungeFlow/SeungeFlow,Y_Branch,32f8b248dc7e9ec5c1856b78b4ee207b8861d315,README.md,319,Y_Branch operating surface,https://raw.githubusercontent.com/SeungeFlow/SeungeFlow/32f8b248dc7e9ec5c1856b78b4ee207b8861d315/README.md,R12 = 필수 guard
guard,SeungeFlow/SeungeFlow,Y_Branch,32f8b248dc7e9ec5c1856b78b4ee207b8861d315,README.md,319,Y_Branch operating surface,https://raw.githubusercontent.com/SeungeFlow/SeungeFlow/32f8b248dc7e9ec5c1856b78b4ee207b8861d315/README.md,R12 = 필수 guard
10,SeungeFlow/SeungeFlow,Y_Branch,32f8b248dc7e9ec5c1856b78b4ee207b8861d315,README.md,324,Y_Branch operating surface,https://raw.githubusercontent.com/SeungeFlow/SeungeFlow/32f8b248dc7e9ec5c1856b78b4ee207b8861d315/README.md,## 10. Fields
Fields,SeungeFlow/SeungeFlow,Y_Branch,32f8b248dc7e9ec5c1856b78b4ee207b8861d315,README.md,324,Y_Branch operating surface,https://raw.githubusercontent.com/SeungeFlow/SeungeFlow/32f8b248dc7e9ec5c1856b78b4ee207b8861d315/README.md,## 10. Fields
Y_Branch,SeungeFlow/SeungeFlow,Y_Branch,32f8b248dc7e9ec5c1856b78b4ee207b8861d315,README.md,326,Y_Branch operating surface,https://raw.githubusercontent.com/SeungeFlow/SeungeFlow/32f8b248dc7e9ec5c1856b78b4ee207b8861d315/README.md,`Y_Branch`는 여러 field에 적용된다.
는,SeungeFlow/SeungeFlow,Y_Branch,32f8b248dc7e9ec5c1856b78b4ee207b8861d315,README.md,326,Y_Branch operating surface,https://raw.githubusercontent.com/SeungeFlow/SeungeFlow/32f8b248dc7e9ec5c1856b78b4ee207b8861d315/README.md,`Y_Branch`는 여러 field에 적용된다.
여러,SeungeFlow/SeungeFlow,Y_Branch,32f8b248dc7e9ec5c1856b78b4ee207b8861d315,README.md,326,Y_Branch operating surface,https://raw.githubusercontent.com/SeungeFlow/SeungeFlow/32f8b248dc7e9ec5c1856b78b4ee207b8861d315/README.md,`Y_Branch`는 여러 field에 적용된다.
field,SeungeFlow/SeungeFlow,Y_Branch,32f8b248dc7e9ec5c1856b78b4ee207b8861d315,README.md,326,Y_Branch operating surface,https://raw.githubusercontent.com/SeungeFlow/SeungeFlow/32f8b248dc7e9ec5c1856b78b4ee207b8861d315/README.md,`Y_Branch`는 여러 field에 적용된다.
에,SeungeFlow/SeungeFlow,Y_Branch,32f8b248dc7e9ec5c1856b78b4ee207b8861d315,README.md,326,Y_Branch operating surface,https://raw.githubusercontent.com/SeungeFlow/SeungeFlow/32f8b248dc7e9ec5c1856b78b4ee207b8861d315/README.md,`Y_Branch`는 여러 field에 적용된다.
적용된다,SeungeFlow/SeungeFlow,Y_Branch,32f8b248dc7e9ec5c1856b78b4ee207b8861d315,README.md,326,Y_Branch operating surface,https://raw.githubusercontent.com/SeungeFlow/SeungeFlow/32f8b248dc7e9ec5c1856b78b4ee207b8861d315/README.md,`Y_Branch`는 여러 field에 적용된다.
text,SeungeFlow/SeungeFlow,Y_Branch,32f8b248dc7e9ec5c1856b78b4ee207b8861d315,README.md,328,Y_Branch operating surface,https://raw.githubusercontent.com/SeungeFlow/SeungeFlow/32f8b248dc7e9ec5c1856b78b4ee207b8861d315/README.md,```text
capital_market,SeungeFlow/SeungeFlow,Y_Branch,32f8b248dc7e9ec5c1856b78b4ee207b8861d315,README.md,329,Y_Branch operating surface,https://raw.githubusercontent.com/SeungeFlow/SeungeFlow/32f8b248dc7e9ec5c1856b78b4ee207b8861d315/README.md,capital_market = Price와 자본질량의 orbit correction field
Price,SeungeFlow/SeungeFlow,Y_Branch,32f8b248dc7e9ec5c1856b78b4ee207b8861d315,README.md,329,Y_Branch operating surface,https://raw.githubusercontent.com/SeungeFlow/SeungeFlow/32f8b248dc7e9ec5c1856b78b4ee207b8861d315/README.md,capital_market = Price와 자본질량의 orbit correction field
와,SeungeFlow/SeungeFlow,Y_Branch,32f8b248dc7e9ec5c1856b78b4ee207b8861d315,README.md,329,Y_Branch operating surface,https://raw.githubusercontent.com/SeungeFlow/SeungeFlow/32f8b248dc7e9ec5c1856b78b4ee207b8861d315/README.md,capital_market = Price와 자본질량의 orbit correction field
자본질량의,SeungeFlow/SeungeFlow,Y_Branch,32f8b248dc7e9ec5c1856b78b4ee207b8861d315,README.md,329,Y_Branch operating surface,https://raw.githubusercontent.com/SeungeFlow/SeungeFlow/32f8b248dc7e9ec5c1856b78b4ee207b8861d315/README.md,capital_market = Price와 자본질량의 orbit correction field
orbit,SeungeFlow/SeungeFlow,Y_Branch,32f8b248dc7e9ec5c1856b78b4ee207b8861d315,README.md,329,Y_Branch operating surface,https://raw.githubusercontent.com/SeungeFlow/SeungeFlow/32f8b248dc7e9ec5c1856b78b4ee207b8861d315/README.md,capital_market = Price와 자본질량의 orbit correction field
correction,SeungeFlow/SeungeFlow,Y_Branch,32f8b248dc7e9ec5c1856b78b4ee207b8861d315,README.md,329,Y_Branch operating surface,https://raw.githubusercontent.com/SeungeFlow/SeungeFlow/32f8b248dc7e9ec5c1856b78b4ee207b8861d315/README.md,capital_market = Price와 자본질량의 orbit correction field
field,SeungeFlow/SeungeFlow,Y_Branch,32f8b248dc7e9ec5c1856b78b4ee207b8861d315,README.md,329,Y_Branch operating surface,https://raw.githubusercontent.com/SeungeFlow/SeungeFlow/32f8b248dc7e9ec5c1856b78b4ee207b8861d315/README.md,capital_market = Price와 자본질량의 orbit correction field
cosmic_field,SeungeFlow/SeungeFlow,Y_Branch,32f8b248dc7e9ec5c1856b78b4ee207b8861d315,README.md,330,Y_Branch operating surface,https://raw.githubusercontent.com/SeungeFlow/SeungeFlow/32f8b248dc7e9ec5c1856b78b4ee207b8861d315/README.md,"cosmic_field = 중심질량, 궤도, field boundary, spin / rotation field"
중심질량,SeungeFlow/SeungeFlow,Y_Branch,32f8b248dc7e9ec5c1856b78b4ee207b8861d315,README.md,330,Y_Branch operating surface,https://raw.githubusercontent.com/SeungeFlow/SeungeFlow/32f8b248dc7e9ec5c1856b78b4ee207b8861d315/README.md,"cosmic_field = 중심질량, 궤도, field boundary, spin / rotation field"
궤도,SeungeFlow/SeungeFlow,Y_Branch,32f8b248dc7e9ec5c1856b78b4ee207b8861d315,README.md,330,Y_Branch operating surface,https://raw.githubusercontent.com/SeungeFlow/SeungeFlow/32f8b248dc7e9ec5c1856b78b4ee207b8861d315/README.md,"cosmic_field = 중심질량, 궤도, field boundary, spin / rotation field"
field,SeungeFlow/SeungeFlow,Y_Branch,32f8b248dc7e9ec5c1856b78b4ee207b8861d315,README.md,330,Y_Branch operating surface,https://raw.githubusercontent.com/SeungeFlow/SeungeFlow/32f8b248dc7e9ec5c1856b78b4ee207b8861d315/README.md,"cosmic_field = 중심질량, 궤도, field boundary, spin / rotation field"
boundary,SeungeFlow/SeungeFlow,Y_Branch,32f8b248dc7e9ec5c1856b78b4ee207b8861d315,README.md,330,Y_Branch operating surface,https://raw.githubusercontent.com/SeungeFlow/SeungeFlow/32f8b248dc7e9ec5c1856b78b4ee207b8861d315/README.md,"cosmic_field = 중심질량, 궤도, field boundary, spin / rotation field"
spin,SeungeFlow/SeungeFlow,Y_Branch,32f8b248dc7e9ec5c1856b78b4ee207b8861d315,README.md,330,Y_Branch operating surface,https://raw.githubusercontent.com/SeungeFlow/SeungeFlow/32f8b248dc7e9ec5c1856b78b4ee207b8861d315/README.md,"cosmic_field = 중심질량, 궤도, field boundary, spin / rotation field"
rotation,SeungeFlow/SeungeFlow,Y_Branch,32f8b248dc7e9ec5c1856b78b4ee207b8861d315,README.md,330,Y_Branch operating surface,https://raw.githubusercontent.com/SeungeFlow/SeungeFlow/32f8b248dc7e9ec5c1856b78b4ee207b8861d315/README.md,"cosmic_field = 중심질량, 궤도, field boundary, spin / rotation field"
field,SeungeFlow/SeungeFlow,Y_Branch,32f8b248dc7e9ec5c1856b78b4ee207b8861d315,README.md,330,Y_Branch operating surface,https://raw.githubusercontent.com/SeungeFlow/SeungeFlow/32f8b248dc7e9ec5c1856b78b4ee207b8861d315/README.md,"cosmic_field = 중심질량, 궤도, field boundary, spin / rotation field"
root_lineage,SeungeFlow/SeungeFlow,Y_Branch,32f8b248dc7e9ec5c1856b78b4ee207b8861d315,README.md,331,Y_Branch operating surface,https://raw.githubusercontent.com/SeungeFlow/SeungeFlow/32f8b248dc7e9ec5c1856b78b4ee207b8861d315/README.md,"root_lineage = 뿌리구조, 세대, 제례, Y Branch 증폭 field"
뿌리구조,SeungeFlow/SeungeFlow,Y_Branch,32f8b248dc7e9ec5c1856b78b4ee207b8861d315,README.md,331,Y_Branch operating surface,https://raw.githubusercontent.com/SeungeFlow/SeungeFlow/32f8b248dc7e9ec5c1856b78b4ee207b8861d315/README.md,"root_lineage = 뿌리구조, 세대, 제례, Y Branch 증폭 field"
세대,SeungeFlow/SeungeFlow,Y_Branch,32f8b248dc7e9ec5c1856b78b4ee207b8861d315,README.md,331,Y_Branch operating surface,https://raw.githubusercontent.com/SeungeFlow/SeungeFlow/32f8b248dc7e9ec5c1856b78b4ee207b8861d315/README.md,"root_lineage = 뿌리구조, 세대, 제례, Y Branch 증폭 field"
제례,SeungeFlow/SeungeFlow,Y_Branch,32f8b248dc7e9ec5c1856b78b4ee207b8861d315,README.md,331,Y_Branch operating surface,https://raw.githubusercontent.com/SeungeFlow/SeungeFlow/32f8b248dc7e9ec5c1856b78b4ee207b8861d315/README.md,"root_lineage = 뿌리구조, 세대, 제례, Y Branch 증폭 field"
Branch,SeungeFlow/SeungeFlow,Y_Branch,32f8b248dc7e9ec5c1856b78b4ee207b8861d315,README.md,331,Y_Branch operating surface,https://raw.githubusercontent.com/SeungeFlow/SeungeFlow/32f8b248dc7e9ec5c1856b78b4ee207b8861d315/README.md,"root_lineage = 뿌리구조, 세대, 제례, Y Branch 증폭 field"
증폭,SeungeFlow/SeungeFlow,Y_Branch,32f8b248dc7e9ec5c1856b78b4ee207b8861d315,README.md,331,Y_Branch operating surface,https://raw.githubusercontent.com/SeungeFlow/SeungeFlow/32f8b248dc7e9ec5c1856b78b4ee207b8861d315/README.md,"root_lineage = 뿌리구조, 세대, 제례, Y Branch 증폭 field"
field,SeungeFlow/SeungeFlow,Y_Branch,32f8b248dc7e9ec5c1856b78b4ee207b8861d315,README.md,331,Y_Branch operating surface,https://raw.githubusercontent.com/SeungeFlow/SeungeFlow/32f8b248dc7e9ec5c1856b78b4ee207b8861d315/README.md,"root_lineage = 뿌리구조, 세대, 제례, Y Branch 증폭 field"
narrative_structure,SeungeFlow/SeungeFlow,Y_Branch,32f8b248dc7e9ec5c1856b78b4ee207b8861d315,README.md,332,Y_Branch operating surface,https://raw.githubusercontent.com/SeungeFlow/SeungeFlow/32f8b248dc7e9ec5c1856b78b4ee207b8861d315/README.md,narrative_structure = 관점에 따라 해석이 달라지는 narrative field
관점에,SeungeFlow/SeungeFlow,Y_Branch,32f8b248dc7e9ec5c1856b78b4ee207b8861d315,README.md,332,Y_Branch operating surface,https://raw.githubusercontent.com/SeungeFlow/SeungeFlow/32f8b248dc7e9ec5c1856b78b4ee207b8861d315/README.md,narrative_structure = 관점에 따라 해석이 달라지는 narrative field
따라,SeungeFlow/SeungeFlow,Y_Branch,32f8b248dc7e9ec5c1856b78b4ee207b8861d315,README.md,332,Y_Branch operating surface,https://raw.githubusercontent.com/SeungeFlow/SeungeFlow/32f8b248dc7e9ec5c1856b78b4ee207b8861d315/README.md,narrative_structure = 관점에 따라 해석이 달라지는 narrative field
해석이,SeungeFlow/SeungeFlow,Y_Branch,32f8b248dc7e9ec5c1856b78b4ee207b8861d315,README.md,332,Y_Branch operating surface,https://raw.githubusercontent.com/SeungeFlow/SeungeFlow/32f8b248dc7e9ec5c1856b78b4ee207b8861d315/README.md,narrative_structure = 관점에 따라 해석이 달라지는 narrative field
달라지는,SeungeFlow/SeungeFlow,Y_Branch,32f8b248dc7e9ec5c1856b78b4ee207b8861d315,README.md,332,Y_Branch operating surface,https://raw.githubusercontent.com/SeungeFlow/SeungeFlow/32f8b248dc7e9ec5c1856b78b4ee207b8861d315/README.md,narrative_structure = 관점에 따라 해석이 달라지는 narrative field
narrative,SeungeFlow/SeungeFlow,Y_Branch,32f8b248dc7e9ec5c1856b78b4ee207b8861d315,README.md,332,Y_Branch operating surface,https://raw.githubusercontent.com/SeungeFlow/SeungeFlow/32f8b248dc7e9ec5c1856b78b4ee207b8861d315/README.md,narrative_structure = 관점에 따라 해석이 달라지는 narrative field
field,SeungeFlow/SeungeFlow,Y_Branch,32f8b248dc7e9ec5c1856b78b4ee207b8861d315,README.md,332,Y_Branch operating surface,https://raw.githubusercontent.com/SeungeFlow/SeungeFlow/32f8b248dc7e9ec5c1856b78b4ee207b8861d315/README.md,narrative_structure = 관점에 따라 해석이 달라지는 narrative field
music_language,SeungeFlow/SeungeFlow,Y_Branch,32f8b248dc7e9ec5c1856b78b4ee207b8861d315,README.md,333,Y_Branch operating surface,https://raw.githubusercontent.com/SeungeFlow/SeungeFlow/32f8b248dc7e9ec5c1856b78b4ee207b8861d315/README.md,music_language = 언어 / 음악 / 반복 / 위치 / derived analysis field
언어,SeungeFlow/SeungeFlow,Y_Branch,32f8b248dc7e9ec5c1856b78b4ee207b8861d315,README.md,333,Y_Branch operating surface,https://raw.githubusercontent.com/SeungeFlow/SeungeFlow/32f8b248dc7e9ec5c1856b78b4ee207b8861d315/README.md,music_language = 언어 / 음악 / 반복 / 위치 / derived analysis field
음악,SeungeFlow/SeungeFlow,Y_Branch,32f8b248dc7e9ec5c1856b78b4ee207b8861d315,README.md,333,Y_Branch operating surface,https://raw.githubusercontent.com/SeungeFlow/SeungeFlow/32f8b248dc7e9ec5c1856b78b4ee207b8861d315/README.md,music_language = 언어 / 음악 / 반복 / 위치 / derived analysis field
반복,SeungeFlow/SeungeFlow,Y_Branch,32f8b248dc7e9ec5c1856b78b4ee207b8861d315,README.md,333,Y_Branch operating surface,https://raw.githubusercontent.com/SeungeFlow/SeungeFlow/32f8b248dc7e9ec5c1856b78b4ee207b8861d315/README.md,music_language = 언어 / 음악 / 반복 / 위치 / derived analysis field
위치,SeungeFlow/SeungeFlow,Y_Branch,32f8b248dc7e9ec5c1856b78b4ee207b8861d315,README.md,333,Y_Branch operating surface,https://raw.githubusercontent.com/SeungeFlow/SeungeFlow/32f8b248dc7e9ec5c1856b78b4ee207b8861d315/README.md,music_language = 언어 / 음악 / 반복 / 위치 / derived analysis field
derived,SeungeFlow/SeungeFlow,Y_Branch,32f8b248dc7e9ec5c1856b78b4ee207b8861d315,README.md,333,Y_Branch operating surface,https://raw.githubusercontent.com/SeungeFlow/SeungeFlow/32f8b248dc7e9ec5c1856b78b4ee207b8861d315/README.md,music_language = 언어 / 음악 / 반복 / 위치 / derived analysis field
analysis,SeungeFlow/SeungeFlow,Y_Branch,32f8b248dc7e9ec5c1856b78b4ee207b8861d315,README.md,333,Y_Branch operating surface,https://raw.githubusercontent.com/SeungeFlow/SeungeFlow/32f8b248dc7e9ec5c1856b78b4ee207b8861d315/README.md,music_language = 언어 / 음악 / 반복 / 위치 / derived analysis field
field,SeungeFlow/SeungeFlow,Y_Branch,32f8b248dc7e9ec5c1856b78b4ee207b8861d315,README.md,333,Y_Branch operating surface,https://raw.githubusercontent.com/SeungeFlow/SeungeFlow/32f8b248dc7e9ec5c1856b78b4ee207b8861d315/README.md,music_language = 언어 / 음악 / 반복 / 위치 / derived analysis field
event_context,SeungeFlow/SeungeFlow,Y_Branch,32f8b248dc7e9ec5c1856b78b4ee207b8861d315,README.md,334,Y_Branch operating surface,https://raw.githubusercontent.com/SeungeFlow/SeungeFlow/32f8b248dc7e9ec5c1856b78b4ee207b8861d315/README.md,event_context = 인물 / 사건 / 문서 / 지식형성 / 후대전달 field
인물,SeungeFlow/SeungeFlow,Y_Branch,32f8b248dc7e9ec5c1856b78b4ee207b8861d315,README.md,334,Y_Branch operating surface,https://raw.githubusercontent.com/SeungeFlow/SeungeFlow/32f8b248dc7e9ec5c1856b78b4ee207b8861d315/README.md,event_context = 인물 / 사건 / 문서 / 지식형성 / 후대전달 field
사건,SeungeFlow/SeungeFlow,Y_Branch,32f8b248dc7e9ec5c1856b78b4ee207b8861d315,README.md,334,Y_Branch operating surface,https://raw.githubusercontent.com/SeungeFlow/SeungeFlow/32f8b248dc7e9ec5c1856b78b4ee207b8861d315/README.md,event_context = 인물 / 사건 / 문서 / 지식형성 / 후대전달 field
문서,SeungeFlow/SeungeFlow,Y_Branch,32f8b248dc7e9ec5c1856b78b4ee207b8861d315,README.md,334,Y_Branch operating surface,https://raw.githubusercontent.com/SeungeFlow/SeungeFlow/32f8b248dc7e9ec5c1856b78b4ee207b8861d315/README.md,event_context = 인물 / 사건 / 문서 / 지식형성 / 후대전달 field
지식형성,SeungeFlow/SeungeFlow,Y_Branch,32f8b248dc7e9ec5c1856b78b4ee207b8861d315,README.md,334,Y_Branch operating surface,https://raw.githubusercontent.com/SeungeFlow/SeungeFlow/32f8b248dc7e9ec5c1856b78b4ee207b8861d315/README.md,event_context = 인물 / 사건 / 문서 / 지식형성 / 후대전달 field
후대전달,SeungeFlow/SeungeFlow,Y_Branch,32f8b248dc7e9ec5c1856b78b4ee207b8861d315,README.md,334,Y_Branch operating surface,https://raw.githubusercontent.com/SeungeFlow/SeungeFlow/32f8b248dc7e9ec5c1856b78b4ee207b8861d315/README.md,event_context = 인물 / 사건 / 문서 / 지식형성 / 후대전달 field
field,SeungeFlow/SeungeFlow,Y_Branch,32f8b248dc7e9ec5c1856b78b4ee207b8861d315,README.md,334,Y_Branch operating surface,https://raw.githubusercontent.com/SeungeFlow/SeungeFlow/32f8b248dc7e9ec5c1856b78b4ee207b8861d315/README.md,event_context = 인물 / 사건 / 문서 / 지식형성 / 후대전달 field
field,SeungeFlow/SeungeFlow,Y_Branch,32f8b248dc7e9ec5c1856b78b4ee207b8861d315,README.md,337,Y_Branch operating surface,https://raw.githubusercontent.com/SeungeFlow/SeungeFlow/32f8b248dc7e9ec5c1856b78b4ee207b8861d315/README.md,field sample은 core schema가 아니다. field sample은 Y_Branch 작동 가능성을 검산하는 적용장이다.
sample,SeungeFlow/SeungeFlow,Y_Branch,32f8b248dc7e9ec5c1856b78b4ee207b8861d315,README.md,337,Y_Branch operating surface,https://raw.githubusercontent.com/SeungeFlow/SeungeFlow/32f8b248dc7e9ec5c1856b78b4ee207b8861d315/README.md,field sample은 core schema가 아니다. field sample은 Y_Branch 작동 가능성을 검산하는 적용장이다.
은,SeungeFlow/SeungeFlow,Y_Branch,32f8b248dc7e9ec5c1856b78b4ee207b8861d315,README.md,337,Y_Branch operating surface,https://raw.githubusercontent.com/SeungeFlow/SeungeFlow/32f8b248dc7e9ec5c1856b78b4ee207b8861d315/README.md,field sample은 core schema가 아니다. field sample은 Y_Branch 작동 가능성을 검산하는 적용장이다.
core,SeungeFlow/SeungeFlow,Y_Branch,32f8b248dc7e9ec5c1856b78b4ee207b8861d315,README.md,337,Y_Branch operating surface,https://raw.githubusercontent.com/SeungeFlow/SeungeFlow/32f8b248dc7e9ec5c1856b78b4ee207b8861d315/README.md,field sample은 core schema가 아니다. field sample은 Y_Branch 작동 가능성을 검산하는 적용장이다.
schema,SeungeFlow/SeungeFlow,Y_Branch,32f8b248dc7e9ec5c1856b78b4ee207b8861d315,README.md,337,Y_Branch operating surface,https://raw.githubusercontent.com/SeungeFlow/SeungeFlow/32f8b248dc7e9ec5c1856b78b4ee207b8861d315/README.md,field sample은 core schema가 아니다. field sample은 Y_Branch 작동 가능성을 검산하는 적용장이다.
가,SeungeFlow/SeungeFlow,Y_Branch,32f8b248dc7e9ec5c1856b78b4ee207b8861d315,README.md,337,Y_Branch operating surface,https://raw.githubusercontent.com/SeungeFlow/SeungeFlow/32f8b248dc7e9ec5c1856b78b4ee207b8861d315/README.md,field sample은 core schema가 아니다. field sample은 Y_Branch 작동 가능성을 검산하는 적용장이다.
아니다,SeungeFlow/SeungeFlow,Y_Branch,32f8b248dc7e9ec5c1856b78b4ee207b8861d315,README.md,337,Y_Branch operating surface,https://raw.githubusercontent.com/SeungeFlow/SeungeFlow/32f8b248dc7e9ec5c1856b78b4ee207b8861d315/README.md,field sample은 core schema가 아니다. field sample은 Y_Branch 작동 가능성을 검산하는 적용장이다.
field,SeungeFlow/SeungeFlow,Y_Branch,32f8b248dc7e9ec5c1856b78b4ee207b8861d315,README.md,337,Y_Branch operating surface,https://raw.githubusercontent.com/SeungeFlow/SeungeFlow/32f8b248dc7e9ec5c1856b78b4ee207b8861d315/README.md,field sample은 core schema가 아니다. field sample은 Y_Branch 작동 가능성을 검산하는 적용장이다.
sample,SeungeFlow/SeungeFlow,Y_Branch,32f8b248dc7e9ec5c1856b78b4ee207b8861d315,README.md,337,Y_Branch operating surface,https://raw.githubusercontent.com/SeungeFlow/SeungeFlow/32f8b248dc7e9ec5c1856b78b4ee207b8861d315/README.md,field sample은 core schema가 아니다. field sample은 Y_Branch 작동 가능성을 검산하는 적용장이다.
은,SeungeFlow/SeungeFlow,Y_Branch,32f8b248dc7e9ec5c1856b78b4ee207b8861d315,README.md,337,Y_Branch operating surface,https://raw.githubusercontent.com/SeungeFlow/SeungeFlow/32f8b248dc7e9ec5c1856b78b4ee207b8861d315/README.md,field sample은 core schema가 아니다. field sample은 Y_Branch 작동 가능성을 검산하는 적용장이다.
Y_Branch,SeungeFlow/SeungeFlow,Y_Branch,32f8b248dc7e9ec5c1856b78b4ee207b8861d315,README.md,337,Y_Branch operating surface,https://raw.githubusercontent.com/SeungeFlow/SeungeFlow/32f8b248dc7e9ec5c1856b78b4ee207b8861d315/README.md,field sample은 core schema가 아니다. field sample은 Y_Branch 작동 가능성을 검산하는 적용장이다.
작동,SeungeFlow/SeungeFlow,Y_Branch,32f8b248dc7e9ec5c1856b78b4ee207b8861d315,README.md,337,Y_Branch operating surface,https://raw.githubusercontent.com/SeungeFlow/SeungeFlow/32f8b248dc7e9ec5c1856b78b4ee207b8861d315/README.md,field sample은 core schema가 아니다. field sample은 Y_Branch 작동 가능성을 검산하는 적용장이다.
가능성을,SeungeFlow/SeungeFlow,Y_Branch,32f8b248dc7e9ec5c1856b78b4ee207b8861d315,README.md,337,Y_Branch operating surface,https://raw.githubusercontent.com/SeungeFlow/SeungeFlow/32f8b248dc7e9ec5c1856b78b4ee207b8861d315/README.md,field sample은 core schema가 아니다. field sample은 Y_Branch 작동 가능성을 검산하는 적용장이다.
검산하는,SeungeFlow/SeungeFlow,Y_Branch,32f8b248dc7e9ec5c1856b78b4ee207b8861d315,README.md,337,Y_Branch operating surface,https://raw.githubusercontent.com/SeungeFlow/SeungeFlow/32f8b248dc7e9ec5c1856b78b4ee207b8861d315/README.md,field sample은 core schema가 아니다. field sample은 Y_Branch 작동 가능성을 검산하는 적용장이다.
적용장이다,SeungeFlow/SeungeFlow,Y_Branch,32f8b248dc7e9ec5c1856b78b4ee207b8861d315,README.md,337,Y_Branch operating surface,https://raw.githubusercontent.com/SeungeFlow/SeungeFlow/32f8b248dc7e9ec5c1856b78b4ee207b8861d315/README.md,field sample은 core schema가 아니다. field sample은 Y_Branch 작동 가능성을 검산하는 적용장이다.
11,SeungeFlow/SeungeFlow,Y_Branch,32f8b248dc7e9ec5c1856b78b4ee207b8861d315,README.md,341,Y_Branch operating surface,https://raw.githubusercontent.com/SeungeFlow/SeungeFlow/32f8b248dc7e9ec5c1856b78b4ee207b8861d315/README.md,## 11. Guards
Guards,SeungeFlow/SeungeFlow,Y_Branch,32f8b248dc7e9ec5c1856b78b4ee207b8861d315,README.md,341,Y_Branch operating surface,https://raw.githubusercontent.com/SeungeFlow/SeungeFlow/32f8b248dc7e9ec5c1856b78b4ee207b8861d315/README.md,## 11. Guards
Y_Branch,SeungeFlow/SeungeFlow,Y_Branch,32f8b248dc7e9ec5c1856b78b4ee207b8861d315,README.md,343,Y_Branch operating surface,https://raw.githubusercontent.com/SeungeFlow/SeungeFlow/32f8b248dc7e9ec5c1856b78b4ee207b8861d315/README.md,`Y_Branch`는 guard를 가진다.
는,SeungeFlow/SeungeFlow,Y_Branch,32f8b248dc7e9ec5c1856b78b4ee207b8861d315,README.md,343,Y_Branch operating surface,https://raw.githubusercontent.com/SeungeFlow/SeungeFlow/32f8b248dc7e9ec5c1856b78b4ee207b8861d315/README.md,`Y_Branch`는 guard를 가진다.
guard,SeungeFlow/SeungeFlow,Y_Branch,32f8b248dc7e9ec5c1856b78b4ee207b8861d315,README.md,343,Y_Branch operating surface,https://raw.githubusercontent.com/SeungeFlow/SeungeFlow/32f8b248dc7e9ec5c1856b78b4ee207b8861d315/README.md,`Y_Branch`는 guard를 가진다.
를,SeungeFlow/SeungeFlow,Y_Branch,32f8b248dc7e9ec5c1856b78b4ee207b8861d315,README.md,343,Y_Branch operating surface,https://raw.githubusercontent.com/SeungeFlow/SeungeFlow/32f8b248dc7e9ec5c1856b78b4ee207b8861d315/README.md,`Y_Branch`는 guard를 가진다.
가진다,SeungeFlow/SeungeFlow,Y_Branch,32f8b248dc7e9ec5c1856b78b4ee207b8861d315,README.md,343,Y_Branch operating surface,https://raw.githubusercontent.com/SeungeFlow/SeungeFlow/32f8b248dc7e9ec5c1856b78b4ee207b8861d315/README.md,`Y_Branch`는 guard를 가진다.
text,SeungeFlow/SeungeFlow,Y_Branch,32f8b248dc7e9ec5c1856b78b4ee207b8861d315,README.md,345,Y_Branch operating surface,https://raw.githubusercontent.com/SeungeFlow/SeungeFlow/32f8b248dc7e9ec5c1856b78b4ee207b8861d315/README.md,```text
guard,SeungeFlow/SeungeFlow,Y_Branch,32f8b248dc7e9ec5c1856b78b4ee207b8861d315,README.md,346,Y_Branch operating surface,https://raw.githubusercontent.com/SeungeFlow/SeungeFlow/32f8b248dc7e9ec5c1856b78b4ee207b8861d315/README.md,guard = 구조가 잘못 닫히는 것을 막는 장치
구조가,SeungeFlow/SeungeFlow,Y_Branch,32f8b248dc7e9ec5c1856b78b4ee207b8861d315,README.md,346,Y_Branch operating surface,https://raw.githubusercontent.com/SeungeFlow/SeungeFlow/32f8b248dc7e9ec5c1856b78b4ee207b8861d315/README.md,guard = 구조가 잘못 닫히는 것을 막는 장치
잘못,SeungeFlow/SeungeFlow,Y_Branch,32f8b248dc7e9ec5c1856b78b4ee207b8861d315,README.md,346,Y_Branch operating surface,https://raw.githubusercontent.com/SeungeFlow/SeungeFlow/32f8b248dc7e9ec5c1856b78b4ee207b8861d315/README.md,guard = 구조가 잘못 닫히는 것을 막는 장치
닫히는,SeungeFlow/SeungeFlow,Y_Branch,32f8b248dc7e9ec5c1856b78b4ee207b8861d315,README.md,346,Y_Branch operating surface,https://raw.githubusercontent.com/SeungeFlow/SeungeFlow/32f8b248dc7e9ec5c1856b78b4ee207b8861d315/README.md,guard = 구조가 잘못 닫히는 것을 막는 장치
것을,SeungeFlow/SeungeFlow,Y_Branch,32f8b248dc7e9ec5c1856b78b4ee207b8861d315,README.md,346,Y_Branch operating surface,https://raw.githubusercontent.com/SeungeFlow/SeungeFlow/32f8b248dc7e9ec5c1856b78b4ee207b8861d315/README.md,guard = 구조가 잘못 닫히는 것을 막는 장치
막는,SeungeFlow/SeungeFlow,Y_Branch,32f8b248dc7e9ec5c1856b78b4ee207b8861d315,README.md,346,Y_Branch operating surface,https://raw.githubusercontent.com/SeungeFlow/SeungeFlow/32f8b248dc7e9ec5c1856b78b4ee207b8861d315/README.md,guard = 구조가 잘못 닫히는 것을 막는 장치
장치,SeungeFlow/SeungeFlow,Y_Branch,32f8b248dc7e9ec5c1856b78b4ee207b8861d315,README.md,346,Y_Branch operating surface,https://raw.githubusercontent.com/SeungeFlow/SeungeFlow/32f8b248dc7e9ec5c1856b78b4ee207b8861d315/README.md,guard = 구조가 잘못 닫히는 것을 막는 장치
주요,SeungeFlow/SeungeFlow,Y_Branch,32f8b248dc7e9ec5c1856b78b4ee207b8861d315,README.md,349,Y_Branch operating surface,https://raw.githubusercontent.com/SeungeFlow/SeungeFlow/32f8b248dc7e9ec5c1856b78b4ee207b8861d315/README.md,주요 guard:
guard,SeungeFlow/SeungeFlow,Y_Branch,32f8b248dc7e9ec5c1856b78b4ee207b8861d315,README.md,349,Y_Branch operating surface,https://raw.githubusercontent.com/SeungeFlow/SeungeFlow/32f8b248dc7e9ec5c1856b78b4ee207b8861d315/README.md,주요 guard:
text,SeungeFlow/SeungeFlow,Y_Branch,32f8b248dc7e9ec5c1856b78b4ee207b8861d315,README.md,351,Y_Branch operating surface,https://raw.githubusercontent.com/SeungeFlow/SeungeFlow/32f8b248dc7e9ec5c1856b78b4ee207b8861d315/README.md,```text
source,SeungeFlow/SeungeFlow,Y_Branch,32f8b248dc7e9ec5c1856b78b4ee207b8861d315,README.md,352,Y_Branch operating surface,https://raw.githubusercontent.com/SeungeFlow/SeungeFlow/32f8b248dc7e9ec5c1856b78b4ee207b8861d315/README.md,source identity guard
identity,SeungeFlow/SeungeFlow,Y_Branch,32f8b248dc7e9ec5c1856b78b4ee207b8861d315,README.md,352,Y_Branch operating surface,https://raw.githubusercontent.com/SeungeFlow/SeungeFlow/32f8b248dc7e9ec5c1856b78b4ee207b8861d315/README.md,source identity guard
guard,SeungeFlow/SeungeFlow,Y_Branch,32f8b248dc7e9ec5c1856b78b4ee207b8861d315,README.md,352,Y_Branch operating surface,https://raw.githubusercontent.com/SeungeFlow/SeungeFlow/32f8b248dc7e9ec5c1856b78b4ee207b8861d315/README.md,source identity guard
original,SeungeFlow/SeungeFlow,Y_Branch,32f8b248dc7e9ec5c1856b78b4ee207b8861d315,README.md,353,Y_Branch operating surface,https://raw.githubusercontent.com/SeungeFlow/SeungeFlow/32f8b248dc7e9ec5c1856b78b4ee207b8861d315/README.md,original vs derived guard
vs,SeungeFlow/SeungeFlow,Y_Branch,32f8b248dc7e9ec5c1856b78b4ee207b8861d315,README.md,353,Y_Branch operating surface,https://raw.githubusercontent.com/SeungeFlow/SeungeFlow/32f8b248dc7e9ec5c1856b78b4ee207b8861d315/README.md,original vs derived guard
derived,SeungeFlow/SeungeFlow,Y_Branch,32f8b248dc7e9ec5c1856b78b4ee207b8861d315,README.md,353,Y_Branch operating surface,https://raw.githubusercontent.com/SeungeFlow/SeungeFlow/32f8b248dc7e9ec5c1856b78b4ee207b8861d315/README.md,original vs derived guard
guard,SeungeFlow/SeungeFlow,Y_Branch,32f8b248dc7e9ec5c1856b78b4ee207b8861d315,README.md,353,Y_Branch operating surface,https://raw.githubusercontent.com/SeungeFlow/SeungeFlow/32f8b248dc7e9ec5c1856b78b4ee207b8861d315/README.md,original vs derived guard
no,SeungeFlow/SeungeFlow,Y_Branch,32f8b248dc7e9ec5c1856b78b4ee207b8861d315,README.md,354,Y_Branch operating surface,https://raw.githubusercontent.com/SeungeFlow/SeungeFlow/32f8b248dc7e9ec5c1856b78b4ee207b8861d315/README.md,no source merge guard
source,SeungeFlow/SeungeFlow,Y_Branch,32f8b248dc7e9ec5c1856b78b4ee207b8861d315,README.md,354,Y_Branch operating surface,https://raw.githubusercontent.com/SeungeFlow/SeungeFlow/32f8b248dc7e9ec5c1856b78b4ee207b8861d315/README.md,no source merge guard
merge,SeungeFlow/SeungeFlow,Y_Branch,32f8b248dc7e9ec5c1856b78b4ee207b8861d315,README.md,354,Y_Branch operating surface,https://raw.githubusercontent.com/SeungeFlow/SeungeFlow/32f8b248dc7e9ec5c1856b78b4ee207b8861d315/README.md,no source merge guard
guard,SeungeFlow/SeungeFlow,Y_Branch,32f8b248dc7e9ec5c1856b78b4ee207b8861d315,README.md,354,Y_Branch operating surface,https://raw.githubusercontent.com/SeungeFlow/SeungeFlow/32f8b248dc7e9ec5c1856b78b4ee207b8861d315/README.md,no source merge guard
no,SeungeFlow/SeungeFlow,Y_Branch,32f8b248dc7e9ec5c1856b78b4ee207b8861d315,README.md,355,Y_Branch operating surface,https://raw.githubusercontent.com/SeungeFlow/SeungeFlow/32f8b248dc7e9ec5c1856b78b4ee207b8861d315/README.md,no overinterpretation guard
overinterpretation,SeungeFlow/SeungeFlow,Y_Branch,32f8b248dc7e9ec5c1856b78b4ee207b8861d315,README.md,355,Y_Branch operating surface,https://raw.githubusercontent.com/SeungeFlow/SeungeFlow/32f8b248dc7e9ec5c1856b78b4ee207b8861d315/README.md,no overinterpretation guard
guard,SeungeFlow/SeungeFlow,Y_Branch,32f8b248dc7e9ec5c1856b78b4ee207b8861d315,README.md,355,Y_Branch operating surface,https://raw.githubusercontent.com/SeungeFlow/SeungeFlow/32f8b248dc7e9ec5c1856b78b4ee207b8861d315/README.md,no overinterpretation guard
no,SeungeFlow/SeungeFlow,Y_Branch,32f8b248dc7e9ec5c1856b78b4ee207b8861d315,README.md,356,Y_Branch operating surface,https://raw.githubusercontent.com/SeungeFlow/SeungeFlow/32f8b248dc7e9ec5c1856b78b4ee207b8861d315/README.md,no final judgment guard
final,SeungeFlow/SeungeFlow,Y_Branch,32f8b248dc7e9ec5c1856b78b4ee207b8861d315,README.md,356,Y_Branch operating surface,https://raw.githubusercontent.com/SeungeFlow/SeungeFlow/32f8b248dc7e9ec5c1856b78b4ee207b8861d315/README.md,no final judgment guard
judgment,SeungeFlow/SeungeFlow,Y_Branch,32f8b248dc7e9ec5c1856b78b4ee207b8861d315,README.md,356,Y_Branch operating surface,https://raw.githubusercontent.com/SeungeFlow/SeungeFlow/32f8b248dc7e9ec5c1856b78b4ee207b8861d315/README.md,no final judgment guard
guard,SeungeFlow/SeungeFlow,Y_Branch,32f8b248dc7e9ec5c1856b78b4ee207b8861d315,README.md,356,Y_Branch operating surface,https://raw.githubusercontent.com/SeungeFlow/SeungeFlow/32f8b248dc7e9ec5c1856b78b4ee207b8861d315/README.md,no final judgment guard
Y_Branch,SeungeFlow/SeungeFlow,Y_Branch,32f8b248dc7e9ec5c1856b78b4ee207b8861d315,README.md,357,Y_Branch operating surface,https://raw.githubusercontent.com/SeungeFlow/SeungeFlow/32f8b248dc7e9ec5c1856b78b4ee207b8861d315/README.md,Y_Branch source status guard
source,SeungeFlow/SeungeFlow,Y_Branch,32f8b248dc7e9ec5c1856b78b4ee207b8861d315,README.md,357,Y_Branch operating surface,https://raw.githubusercontent.com/SeungeFlow/SeungeFlow/32f8b248dc7e9ec5c1856b78b4ee207b8861d315/README.md,Y_Branch source status guard
status,SeungeFlow/SeungeFlow,Y_Branch,32f8b248dc7e9ec5c1856b78b4ee207b8861d315,README.md,357,Y_Branch operating surface,https://raw.githubusercontent.com/SeungeFlow/SeungeFlow/32f8b248dc7e9ec5c1856b78b4ee207b8861d315/README.md,Y_Branch source status guard
guard,SeungeFlow/SeungeFlow,Y_Branch,32f8b248dc7e9ec5c1856b78b4ee207b8861d315,README.md,357,Y_Branch operating surface,https://raw.githubusercontent.com/SeungeFlow/SeungeFlow/32f8b248dc7e9ec5c1856b78b4ee207b8861d315/README.md,Y_Branch source status guard
S.pin,SeungeFlow/SeungeFlow,Y_Branch,32f8b248dc7e9ec5c1856b78b4ee207b8861d315,README.md,358,Y_Branch operating surface,https://raw.githubusercontent.com/SeungeFlow/SeungeFlow/32f8b248dc7e9ec5c1856b78b4ee207b8861d315/README.md,S.pin literal-claim guard
literal-claim,SeungeFlow/SeungeFlow,Y_Branch,32f8b248dc7e9ec5c1856b78b4ee207b8861d315,README.md,358,Y_Branch operating surface,https://raw.githubusercontent.com/SeungeFlow/SeungeFlow/32f8b248dc7e9ec5c1856b78b4ee207b8861d315/README.md,S.pin literal-claim guard
guard,SeungeFlow/SeungeFlow,Y_Branch,32f8b248dc7e9ec5c1856b78b4ee207b8861d315,README.md,358,Y_Branch operating surface,https://raw.githubusercontent.com/SeungeFlow/SeungeFlow/32f8b248dc7e9ec5c1856b78b4ee207b8861d315/README.md,S.pin literal-claim guard
price,SeungeFlow/SeungeFlow,Y_Branch,32f8b248dc7e9ec5c1856b78b4ee207b8861d315,README.md,359,Y_Branch operating surface,https://raw.githubusercontent.com/SeungeFlow/SeungeFlow/32f8b248dc7e9ec5c1856b78b4ee207b8861d315/README.md,price not investment advice guard
investment,SeungeFlow/SeungeFlow,Y_Branch,32f8b248dc7e9ec5c1856b78b4ee207b8861d315,README.md,359,Y_Branch operating surface,https://raw.githubusercontent.com/SeungeFlow/SeungeFlow/32f8b248dc7e9ec5c1856b78b4ee207b8861d315/README.md,price not investment advice guard
advice,SeungeFlow/SeungeFlow,Y_Branch,32f8b248dc7e9ec5c1856b78b4ee207b8861d315,README.md,359,Y_Branch operating surface,https://raw.githubusercontent.com/SeungeFlow/SeungeFlow/32f8b248dc7e9ec5c1856b78b4ee207b8861d315/README.md,price not investment advice guard
guard,SeungeFlow/SeungeFlow,Y_Branch,32f8b248dc7e9ec5c1856b78b4ee207b8861d315,README.md,359,Y_Branch operating surface,https://raw.githubusercontent.com/SeungeFlow/SeungeFlow/32f8b248dc7e9ec5c1856b78b4ee207b8861d315/README.md,price not investment advice guard
NASA,SeungeFlow/SeungeFlow,Y_Branch,32f8b248dc7e9ec5c1856b78b4ee207b8861d315,README.md,360,Y_Branch operating surface,https://raw.githubusercontent.com/SeungeFlow/SeungeFlow/32f8b248dc7e9ec5c1856b78b4ee207b8861d315/README.md,NASA fact vs structure guard
fact,SeungeFlow/SeungeFlow,Y_Branch,32f8b248dc7e9ec5c1856b78b4ee207b8861d315,README.md,360,Y_Branch operating surface,https://raw.githubusercontent.com/SeungeFlow/SeungeFlow/32f8b248dc7e9ec5c1856b78b4ee207b8861d315/README.md,NASA fact vs structure guard
vs,SeungeFlow/SeungeFlow,Y_Branch,32f8b248dc7e9ec5c1856b78b4ee207b8861d315,README.md,360,Y_Branch operating surface,https://raw.githubusercontent.com/SeungeFlow/SeungeFlow/32f8b248dc7e9ec5c1856b78b4ee207b8861d315/README.md,NASA fact vs structure guard
structure,SeungeFlow/SeungeFlow,Y_Branch,32f8b248dc7e9ec5c1856b78b4ee207b8861d315,README.md,360,Y_Branch operating surface,https://raw.githubusercontent.com/SeungeFlow/SeungeFlow/32f8b248dc7e9ec5c1856b78b4ee207b8861d315/README.md,NASA fact vs structure guard
guard,SeungeFlow/SeungeFlow,Y_Branch,32f8b248dc7e9ec5c1856b78b4ee207b8861d315,README.md,360,Y_Branch operating surface,https://raw.githubusercontent.com/SeungeFlow/SeungeFlow/32f8b248dc7e9ec5c1856b78b4ee207b8861d315/README.md,NASA fact vs structure guard
Gemini,SeungeFlow/SeungeFlow,Y_Branch,32f8b248dc7e9ec5c1856b78b4ee207b8861d315,README.md,361,Y_Branch operating surface,https://raw.githubusercontent.com/SeungeFlow/SeungeFlow/32f8b248dc7e9ec5c1856b78b4ee207b8861d315/README.md,Gemini feedback not final authority guard
feedback,SeungeFlow/SeungeFlow,Y_Branch,32f8b248dc7e9ec5c1856b78b4ee207b8861d315,README.md,361,Y_Branch operating surface,https://raw.githubusercontent.com/SeungeFlow/SeungeFlow/32f8b248dc7e9ec5c1856b78b4ee207b8861d315/README.md,Gemini feedback not final authority guard
final,SeungeFlow/SeungeFlow,Y_Branch,32f8b248dc7e9ec5c1856b78b4ee207b8861d315,README.md,361,Y_Branch operating surface,https://raw.githubusercontent.com/SeungeFlow/SeungeFlow/32f8b248dc7e9ec5c1856b78b4ee207b8861d315/README.md,Gemini feedback not final authority guard
authority,SeungeFlow/SeungeFlow,Y_Branch,32f8b248dc7e9ec5c1856b78b4ee207b8861d315,README.md,361,Y_Branch operating surface,https://raw.githubusercontent.com/SeungeFlow/SeungeFlow/32f8b248dc7e9ec5c1856b78b4ee207b8861d315/README.md,Gemini feedback not final authority guard
guard,SeungeFlow/SeungeFlow,Y_Branch,32f8b248dc7e9ec5c1856b78b4ee207b8861d315,README.md,361,Y_Branch operating surface,https://raw.githubusercontent.com/SeungeFlow/SeungeFlow/32f8b248dc7e9ec5c1856b78b4ee207b8861d315/README.md,Gemini feedback not final authority guard
reverse,SeungeFlow/SeungeFlow,Y_Branch,32f8b248dc7e9ec5c1856b78b4ee207b8861d315,README.md,362,Y_Branch operating surface,https://raw.githubusercontent.com/SeungeFlow/SeungeFlow/32f8b248dc7e9ec5c1856b78b4ee207b8861d315/README.md,reverse thinking observer guard
thinking,SeungeFlow/SeungeFlow,Y_Branch,32f8b248dc7e9ec5c1856b78b4ee207b8861d315,README.md,362,Y_Branch operating surface,https://raw.githubusercontent.com/SeungeFlow/SeungeFlow/32f8b248dc7e9ec5c1856b78b4ee207b8861d315/README.md,reverse thinking observer guard
observer,SeungeFlow/SeungeFlow,Y_Branch,32f8b248dc7e9ec5c1856b78b4ee207b8861d315,README.md,362,Y_Branch operating surface,https://raw.githubusercontent.com/SeungeFlow/SeungeFlow/32f8b248dc7e9ec5c1856b78b4ee207b8861d315/README.md,reverse thinking observer guard
guard,SeungeFlow/SeungeFlow,Y_Branch,32f8b248dc7e9ec5c1856b78b4ee207b8861d315,README.md,362,Y_Branch operating surface,https://raw.githubusercontent.com/SeungeFlow/SeungeFlow/32f8b248dc7e9ec5c1856b78b4ee207b8861d315/README.md,reverse thinking observer guard
12,SeungeFlow/SeungeFlow,Y_Branch,32f8b248dc7e9ec5c1856b78b4ee207b8861d315,README.md,367,Y_Branch operating surface,https://raw.githubusercontent.com/SeungeFlow/SeungeFlow/32f8b248dc7e9ec5c1856b78b4ee207b8861d315/README.md,## 12. Relation
Relation,SeungeFlow/SeungeFlow,Y_Branch,32f8b248dc7e9ec5c1856b78b4ee207b8861d315,README.md,367,Y_Branch operating surface,https://raw.githubusercontent.com/SeungeFlow/SeungeFlow/32f8b248dc7e9ec5c1856b78b4ee207b8861d315/README.md,## 12. Relation
relation,SeungeFlow/SeungeFlow,Y_Branch,32f8b248dc7e9ec5c1856b78b4ee207b8861d315,README.md,369,Y_Branch operating surface,https://raw.githubusercontent.com/SeungeFlow/SeungeFlow/32f8b248dc7e9ec5c1856b78b4ee207b8861d315/README.md,relation은 병합이 아니다.
은,SeungeFlow/SeungeFlow,Y_Branch,32f8b248dc7e9ec5c1856b78b4ee207b8861d315,README.md,369,Y_Branch operating surface,https://raw.githubusercontent.com/SeungeFlow/SeungeFlow/32f8b248dc7e9ec5c1856b78b4ee207b8861d315/README.md,relation은 병합이 아니다.
병합이,SeungeFlow/SeungeFlow,Y_Branch,32f8b248dc7e9ec5c1856b78b4ee207b8861d315,README.md,369,Y_Branch operating surface,https://raw.githubusercontent.com/SeungeFlow/SeungeFlow/32f8b248dc7e9ec5c1856b78b4ee207b8861d315/README.md,relation은 병합이 아니다.
아니다,SeungeFlow/SeungeFlow,Y_Branch,32f8b248dc7e9ec5c1856b78b4ee207b8861d315,README.md,369,Y_Branch operating surface,https://raw.githubusercontent.com/SeungeFlow/SeungeFlow/32f8b248dc7e9ec5c1856b78b4ee207b8861d315/README.md,relation은 병합이 아니다.
text,SeungeFlow/SeungeFlow,Y_Branch,32f8b248dc7e9ec5c1856b78b4ee207b8861d315,README.md,371,Y_Branch operating surface,https://raw.githubusercontent.com/SeungeFlow/SeungeFlow/32f8b248dc7e9ec5c1856b78b4ee207b8861d315/README.md,```text
relation,SeungeFlow/SeungeFlow,Y_Branch,32f8b248dc7e9ec5c1856b78b4ee207b8861d315,README.md,372,Y_Branch operating surface,https://raw.githubusercontent.com/SeungeFlow/SeungeFlow/32f8b248dc7e9ec5c1856b78b4ee207b8861d315/README.md,relation = boundary를 보존한 연결
boundary,SeungeFlow/SeungeFlow,Y_Branch,32f8b248dc7e9ec5c1856b78b4ee207b8861d315,README.md,372,Y_Branch operating surface,https://raw.githubusercontent.com/SeungeFlow/SeungeFlow/32f8b248dc7e9ec5c1856b78b4ee207b8861d315/README.md,relation = boundary를 보존한 연결
를,SeungeFlow/SeungeFlow,Y_Branch,32f8b248dc7e9ec5c1856b78b4ee207b8861d315,README.md,372,Y_Branch operating surface,https://raw.githubusercontent.com/SeungeFlow/SeungeFlow/32f8b248dc7e9ec5c1856b78b4ee207b8861d315/README.md,relation = boundary를 보존한 연결
보존한,SeungeFlow/SeungeFlow,Y_Branch,32f8b248dc7e9ec5c1856b78b4ee207b8861d315,README.md,372,Y_Branch operating surface,https://raw.githubusercontent.com/SeungeFlow/SeungeFlow/32f8b248dc7e9ec5c1856b78b4ee207b8861d315/README.md,relation = boundary를 보존한 연결
연결,SeungeFlow/SeungeFlow,Y_Branch,32f8b248dc7e9ec5c1856b78b4ee207b8861d315,README.md,372,Y_Branch operating surface,https://raw.githubusercontent.com/SeungeFlow/SeungeFlow/32f8b248dc7e9ec5c1856b78b4ee207b8861d315/README.md,relation = boundary를 보존한 연결
서로,SeungeFlow/SeungeFlow,Y_Branch,32f8b248dc7e9ec5c1856b78b4ee207b8861d315,README.md,375,Y_Branch operating surface,https://raw.githubusercontent.com/SeungeFlow/SeungeFlow/32f8b248dc7e9ec5c1856b78b4ee207b8861d315/README.md,서로 다른 field는 하나로 합치지 않는다. 필요할 때는 boundary-preserving matrix swap으로만 교차한다.
다른,SeungeFlow/SeungeFlow,Y_Branch,32f8b248dc7e9ec5c1856b78b4ee207b8861d315,README.md,375,Y_Branch operating surface,https://raw.githubusercontent.com/SeungeFlow/SeungeFlow/32f8b248dc7e9ec5c1856b78b4ee207b8861d315/README.md,서로 다른 field는 하나로 합치지 않는다. 필요할 때는 boundary-preserving matrix swap으로만 교차한다.
field,SeungeFlow/SeungeFlow,Y_Branch,32f8b248dc7e9ec5c1856b78b4ee207b8861d315,README.md,375,Y_Branch operating surface,https://raw.githubusercontent.com/SeungeFlow/SeungeFlow/32f8b248dc7e9ec5c1856b78b4ee207b8861d315/README.md,서로 다른 field는 하나로 합치지 않는다. 필요할 때는 boundary-preserving matrix swap으로만 교차한다.
는,SeungeFlow/SeungeFlow,Y_Branch,32f8b248dc7e9ec5c1856b78b4ee207b8861d315,README.md,375,Y_Branch operating surface,https://raw.githubusercontent.com/SeungeFlow/SeungeFlow/32f8b248dc7e9ec5c1856b78b4ee207b8861d315/README.md,서로 다른 field는 하나로 합치지 않는다. 필요할 때는 boundary-preserving matrix swap으로만 교차한다.
하나로,SeungeFlow/SeungeFlow,Y_Branch,32f8b248dc7e9ec5c1856b78b4ee207b8861d315,README.md,375,Y_Branch operating surface,https://raw.githubusercontent.com/SeungeFlow/SeungeFlow/32f8b248dc7e9ec5c1856b78b4ee207b8861d315/README.md,서로 다른 field는 하나로 합치지 않는다. 필요할 때는 boundary-preserving matrix swap으로만 교차한다.
합치지,SeungeFlow/SeungeFlow,Y_Branch,32f8b248dc7e9ec5c1856b78b4ee207b8861d315,README.md,375,Y_Branch operating surface,https://raw.githubusercontent.com/SeungeFlow/SeungeFlow/32f8b248dc7e9ec5c1856b78b4ee207b8861d315/README.md,서로 다른 field는 하나로 합치지 않는다. 필요할 때는 boundary-preserving matrix swap으로만 교차한다.
않는다,SeungeFlow/SeungeFlow,Y_Branch,32f8b248dc7e9ec5c1856b78b4ee207b8861d315,README.md,375,Y_Branch operating surface,https://raw.githubusercontent.com/SeungeFlow/SeungeFlow/32f8b248dc7e9ec5c1856b78b4ee207b8861d315/README.md,서로 다른 field는 하나로 합치지 않는다. 필요할 때는 boundary-preserving matrix swap으로만 교차한다.
필요할,SeungeFlow/SeungeFlow,Y_Branch,32f8b248dc7e9ec5c1856b78b4ee207b8861d315,README.md,375,Y_Branch operating surface,https://raw.githubusercontent.com/SeungeFlow/SeungeFlow/32f8b248dc7e9ec5c1856b78b4ee207b8861d315/README.md,서로 다른 field는 하나로 합치지 않는다. 필요할 때는 boundary-preserving matrix swap으로만 교차한다.
때는,SeungeFlow/SeungeFlow,Y_Branch,32f8b248dc7e9ec5c1856b78b4ee207b8861d315,README.md,375,Y_Branch operating surface,https://raw.githubusercontent.com/SeungeFlow/SeungeFlow/32f8b248dc7e9ec5c1856b78b4ee207b8861d315/README.md,서로 다른 field는 하나로 합치지 않는다. 필요할 때는 boundary-preserving matrix swap으로만 교차한다.
boundary-preserving,SeungeFlow/SeungeFlow,Y_Branch,32f8b248dc7e9ec5c1856b78b4ee207b8861d315,README.md,375,Y_Branch operating surface,https://raw.githubusercontent.com/SeungeFlow/SeungeFlow/32f8b248dc7e9ec5c1856b78b4ee207b8861d315/README.md,서로 다른 field는 하나로 합치지 않는다. 필요할 때는 boundary-preserving matrix swap으로만 교차한다.
matrix,SeungeFlow/SeungeFlow,Y_Branch,32f8b248dc7e9ec5c1856b78b4ee207b8861d315,README.md,375,Y_Branch operating surface,https://raw.githubusercontent.com/SeungeFlow/SeungeFlow/32f8b248dc7e9ec5c1856b78b4ee207b8861d315/README.md,서로 다른 field는 하나로 합치지 않는다. 필요할 때는 boundary-preserving matrix swap으로만 교차한다.
swap,SeungeFlow/SeungeFlow,Y_Branch,32f8b248dc7e9ec5c1856b78b4ee207b8861d315,README.md,375,Y_Branch operating surface,https://raw.githubusercontent.com/SeungeFlow/SeungeFlow/32f8b248dc7e9ec5c1856b78b4ee207b8861d315/README.md,서로 다른 field는 하나로 합치지 않는다. 필요할 때는 boundary-preserving matrix swap으로만 교차한다.
으로만,SeungeFlow/SeungeFlow,Y_Branch,32f8b248dc7e9ec5c1856b78b4ee207b8861d315,README.md,375,Y_Branch operating surface,https://raw.githubusercontent.com/SeungeFlow/SeungeFlow/32f8b248dc7e9ec5c1856b78b4ee207b8861d315/README.md,서로 다른 field는 하나로 합치지 않는다. 필요할 때는 boundary-preserving matrix swap으로만 교차한다.
교차한다,SeungeFlow/SeungeFlow,Y_Branch,32f8b248dc7e9ec5c1856b78b4ee207b8861d315,README.md,375,Y_Branch operating surface,https://raw.githubusercontent.com/SeungeFlow/SeungeFlow/32f8b248dc7e9ec5c1856b78b4ee207b8861d315/README.md,서로 다른 field는 하나로 합치지 않는다. 필요할 때는 boundary-preserving matrix swap으로만 교차한다.
text,SeungeFlow/SeungeFlow,Y_Branch,32f8b248dc7e9ec5c1856b78b4ee207b8861d315,README.md,377,Y_Branch operating surface,https://raw.githubusercontent.com/SeungeFlow/SeungeFlow/32f8b248dc7e9ec5c1856b78b4ee207b8861d315/README.md,```text
cross,SeungeFlow/SeungeFlow,Y_Branch,32f8b248dc7e9ec5c1856b78b4ee207b8861d315,README.md,378,Y_Branch operating surface,https://raw.githubusercontent.com/SeungeFlow/SeungeFlow/32f8b248dc7e9ec5c1856b78b4ee207b8861d315/README.md,cross = merge X / boundary-preserving matrix swap O
merge,SeungeFlow/SeungeFlow,Y_Branch,32f8b248dc7e9ec5c1856b78b4ee207b8861d315,README.md,378,Y_Branch operating surface,https://raw.githubusercontent.com/SeungeFlow/SeungeFlow/32f8b248dc7e9ec5c1856b78b4ee207b8861d315/README.md,cross = merge X / boundary-preserving matrix swap O
boundary-preserving,SeungeFlow/SeungeFlow,Y_Branch,32f8b248dc7e9ec5c1856b78b4ee207b8861d315,README.md,378,Y_Branch operating surface,https://raw.githubusercontent.com/SeungeFlow/SeungeFlow/32f8b248dc7e9ec5c1856b78b4ee207b8861d315/README.md,cross = merge X / boundary-preserving matrix swap O
matrix,SeungeFlow/SeungeFlow,Y_Branch,32f8b248dc7e9ec5c1856b78b4ee207b8861d315,README.md,378,Y_Branch operating surface,https://raw.githubusercontent.com/SeungeFlow/SeungeFlow/32f8b248dc7e9ec5c1856b78b4ee207b8861d315/README.md,cross = merge X / boundary-preserving matrix swap O
swap,SeungeFlow/SeungeFlow,Y_Branch,32f8b248dc7e9ec5c1856b78b4ee207b8861d315,README.md,378,Y_Branch operating surface,https://raw.githubusercontent.com/SeungeFlow/SeungeFlow/32f8b248dc7e9ec5c1856b78b4ee207b8861d315/README.md,cross = merge X / boundary-preserving matrix swap O
핵심,SeungeFlow/SeungeFlow,Y_Branch,32f8b248dc7e9ec5c1856b78b4ee207b8861d315,README.md,381,Y_Branch operating surface,https://raw.githubusercontent.com/SeungeFlow/SeungeFlow/32f8b248dc7e9ec5c1856b78b4ee207b8861d315/README.md,핵심 operation:
operation,SeungeFlow/SeungeFlow,Y_Branch,32f8b248dc7e9ec5c1856b78b4ee207b8861d315,README.md,381,Y_Branch operating surface,https://raw.githubusercontent.com/SeungeFlow/SeungeFlow/32f8b248dc7e9ec5c1856b78b4ee207b8861d315/README.md,핵심 operation:
text,SeungeFlow/SeungeFlow,Y_Branch,32f8b248dc7e9ec5c1856b78b4ee207b8861d315,README.md,383,Y_Branch operating surface,https://raw.githubusercontent.com/SeungeFlow/SeungeFlow/32f8b248dc7e9ec5c1856b78b4ee207b8861d315/README.md,```text
R07,SeungeFlow/SeungeFlow,Y_Branch,32f8b248dc7e9ec5c1856b78b4ee207b8861d315,README.md,384,Y_Branch operating surface,https://raw.githubusercontent.com/SeungeFlow/SeungeFlow/32f8b248dc7e9ec5c1856b78b4ee207b8861d315/README.md,R07 = Boundary-Preserving Matrix Swap
Boundary-Preserving,SeungeFlow/SeungeFlow,Y_Branch,32f8b248dc7e9ec5c1856b78b4ee207b8861d315,README.md,384,Y_Branch operating surface,https://raw.githubusercontent.com/SeungeFlow/SeungeFlow/32f8b248dc7e9ec5c1856b78b4ee207b8861d315/README.md,R07 = Boundary-Preserving Matrix Swap
Matrix,SeungeFlow/SeungeFlow,Y_Branch,32f8b248dc7e9ec5c1856b78b4ee207b8861d315,README.md,384,Y_Branch operating surface,https://raw.githubusercontent.com/SeungeFlow/SeungeFlow/32f8b248dc7e9ec5c1856b78b4ee207b8861d315/README.md,R07 = Boundary-Preserving Matrix Swap
Swap,SeungeFlow/SeungeFlow,Y_Branch,32f8b248dc7e9ec5c1856b78b4ee207b8861d315,README.md,384,Y_Branch operating surface,https://raw.githubusercontent.com/SeungeFlow/SeungeFlow/32f8b248dc7e9ec5c1856b78b4ee207b8861d315/README.md,R07 = Boundary-Preserving Matrix Swap
R12,SeungeFlow/SeungeFlow,Y_Branch,32f8b248dc7e9ec5c1856b78b4ee207b8861d315,README.md,385,Y_Branch operating surface,https://raw.githubusercontent.com/SeungeFlow/SeungeFlow/32f8b248dc7e9ec5c1856b78b4ee207b8861d315/README.md,R12 = Field-Question Validation
Field-Question,SeungeFlow/SeungeFlow,Y_Branch,32f8b248dc7e9ec5c1856b78b4ee207b8861d315,README.md,385,Y_Branch operating surface,https://raw.githubusercontent.com/SeungeFlow/SeungeFlow/32f8b248dc7e9ec5c1856b78b4ee207b8861d315/README.md,R12 = Field-Question Validation
Validation,SeungeFlow/SeungeFlow,Y_Branch,32f8b248dc7e9ec5c1856b78b4ee207b8861d315,README.md,385,Y_Branch operating surface,https://raw.githubusercontent.com/SeungeFlow/SeungeFlow/32f8b248dc7e9ec5c1856b78b4ee207b8861d315/README.md,R12 = Field-Question Validation
R07,SeungeFlow/SeungeFlow,Y_Branch,32f8b248dc7e9ec5c1856b78b4ee207b8861d315,README.md,388,Y_Branch operating surface,https://raw.githubusercontent.com/SeungeFlow/SeungeFlow/32f8b248dc7e9ec5c1856b78b4ee207b8861d315/README.md,R07은 의미 등치가 아니다. R12가 없으면 cross는 noise가 된다.
은,SeungeFlow/SeungeFlow,Y_Branch,32f8b248dc7e9ec5c1856b78b4ee207b8861d315,README.md,388,Y_Branch operating surface,https://raw.githubusercontent.com/SeungeFlow/SeungeFlow/32f8b248dc7e9ec5c1856b78b4ee207b8861d315/README.md,R07은 의미 등치가 아니다. R12가 없으면 cross는 noise가 된다.
의미,SeungeFlow/SeungeFlow,Y_Branch,32f8b248dc7e9ec5c1856b78b4ee207b8861d315,README.md,388,Y_Branch operating surface,https://raw.githubusercontent.com/SeungeFlow/SeungeFlow/32f8b248dc7e9ec5c1856b78b4ee207b8861d315/README.md,R07은 의미 등치가 아니다. R12가 없으면 cross는 noise가 된다.
등치가,SeungeFlow/SeungeFlow,Y_Branch,32f8b248dc7e9ec5c1856b78b4ee207b8861d315,README.md,388,Y_Branch operating surface,https://raw.githubusercontent.com/SeungeFlow/SeungeFlow/32f8b248dc7e9ec5c1856b78b4ee207b8861d315/README.md,R07은 의미 등치가 아니다. R12가 없으면 cross는 noise가 된다.
아니다,SeungeFlow/SeungeFlow,Y_Branch,32f8b248dc7e9ec5c1856b78b4ee207b8861d315,README.md,388,Y_Branch operating surface,https://raw.githubusercontent.com/SeungeFlow/SeungeFlow/32f8b248dc7e9ec5c1856b78b4ee207b8861d315/README.md,R07은 의미 등치가 아니다. R12가 없으면 cross는 noise가 된다.
R12,SeungeFlow/SeungeFlow,Y_Branch,32f8b248dc7e9ec5c1856b78b4ee207b8861d315,README.md,388,Y_Branch operating surface,https://raw.githubusercontent.com/SeungeFlow/SeungeFlow/32f8b248dc7e9ec5c1856b78b4ee207b8861d315/README.md,R07은 의미 등치가 아니다. R12가 없으면 cross는 noise가 된다.
가,SeungeFlow/SeungeFlow,Y_Branch,32f8b248dc7e9ec5c1856b78b4ee207b8861d315,README.md,388,Y_Branch operating surface,https://raw.githubusercontent.com/SeungeFlow/SeungeFlow/32f8b248dc7e9ec5c1856b78b4ee207b8861d315/README.md,R07은 의미 등치가 아니다. R12가 없으면 cross는 noise가 된다.
없으면,SeungeFlow/SeungeFlow,Y_Branch,32f8b248dc7e9ec5c1856b78b4ee207b8861d315,README.md,388,Y_Branch operating surface,https://raw.githubusercontent.com/SeungeFlow/SeungeFlow/32f8b248dc7e9ec5c1856b78b4ee207b8861d315/README.md,R07은 의미 등치가 아니다. R12가 없으면 cross는 noise가 된다.
cross,SeungeFlow/SeungeFlow,Y_Branch,32f8b248dc7e9ec5c1856b78b4ee207b8861d315,README.md,388,Y_Branch operating surface,https://raw.githubusercontent.com/SeungeFlow/SeungeFlow/32f8b248dc7e9ec5c1856b78b4ee207b8861d315/README.md,R07은 의미 등치가 아니다. R12가 없으면 cross는 noise가 된다.
는,SeungeFlow/SeungeFlow,Y_Branch,32f8b248dc7e9ec5c1856b78b4ee207b8861d315,README.md,388,Y_Branch operating surface,https://raw.githubusercontent.com/SeungeFlow/SeungeFlow/32f8b248dc7e9ec5c1856b78b4ee207b8861d315/README.md,R07은 의미 등치가 아니다. R12가 없으면 cross는 noise가 된다.
noise,SeungeFlow/SeungeFlow,Y_Branch,32f8b248dc7e9ec5c1856b78b4ee207b8861d315,README.md,388,Y_Branch operating surface,https://raw.githubusercontent.com/SeungeFlow/SeungeFlow/32f8b248dc7e9ec5c1856b78b4ee207b8861d315/README.md,R07은 의미 등치가 아니다. R12가 없으면 cross는 noise가 된다.
가,SeungeFlow/SeungeFlow,Y_Branch,32f8b248dc7e9ec5c1856b78b4ee207b8861d315,README.md,388,Y_Branch operating surface,https://raw.githubusercontent.com/SeungeFlow/SeungeFlow/32f8b248dc7e9ec5c1856b78b4ee207b8861d315/README.md,R07은 의미 등치가 아니다. R12가 없으면 cross는 noise가 된다.
된다,SeungeFlow/SeungeFlow,Y_Branch,32f8b248dc7e9ec5c1856b78b4ee207b8861d315,README.md,388,Y_Branch operating surface,https://raw.githubusercontent.com/SeungeFlow/SeungeFlow/32f8b248dc7e9ec5c1856b78b4ee207b8861d315/README.md,R07은 의미 등치가 아니다. R12가 없으면 cross는 noise가 된다.
13,SeungeFlow/SeungeFlow,Y_Branch,32f8b248dc7e9ec5c1856b78b4ee207b8861d315,README.md,392,Y_Branch operating surface,https://raw.githubusercontent.com/SeungeFlow/SeungeFlow/32f8b248dc7e9ec5c1856b78b4ee207b8861d315/README.md,## 13. Structure Interpretation
Structure,SeungeFlow/SeungeFlow,Y_Branch,32f8b248dc7e9ec5c1856b78b4ee207b8861d315,README.md,392,Y_Branch operating surface,https://raw.githubusercontent.com/SeungeFlow/SeungeFlow/32f8b248dc7e9ec5c1856b78b4ee207b8861d315/README.md,## 13. Structure Interpretation
Interpretation,SeungeFlow/SeungeFlow,Y_Branch,32f8b248dc7e9ec5c1856b78b4ee207b8861d315,README.md,392,Y_Branch operating surface,https://raw.githubusercontent.com/SeungeFlow/SeungeFlow/32f8b248dc7e9ec5c1856b78b4ee207b8861d315/README.md,## 13. Structure Interpretation
구조해석은,SeungeFlow/SeungeFlow,Y_Branch,32f8b248dc7e9ec5c1856b78b4ee207b8861d315,README.md,394,Y_Branch operating surface,https://raw.githubusercontent.com/SeungeFlow/SeungeFlow/32f8b248dc7e9ec5c1856b78b4ee207b8861d315/README.md,구조해석은 source fact를 그대로 반복하는 작업이 아니다.
source,SeungeFlow/SeungeFlow,Y_Branch,32f8b248dc7e9ec5c1856b78b4ee207b8861d315,README.md,394,Y_Branch operating surface,https://raw.githubusercontent.com/SeungeFlow/SeungeFlow/32f8b248dc7e9ec5c1856b78b4ee207b8861d315/README.md,구조해석은 source fact를 그대로 반복하는 작업이 아니다.
fact,SeungeFlow/SeungeFlow,Y_Branch,32f8b248dc7e9ec5c1856b78b4ee207b8861d315,README.md,394,Y_Branch operating surface,https://raw.githubusercontent.com/SeungeFlow/SeungeFlow/32f8b248dc7e9ec5c1856b78b4ee207b8861d315/README.md,구조해석은 source fact를 그대로 반복하는 작업이 아니다.
를,SeungeFlow/SeungeFlow,Y_Branch,32f8b248dc7e9ec5c1856b78b4ee207b8861d315,README.md,394,Y_Branch operating surface,https://raw.githubusercontent.com/SeungeFlow/SeungeFlow/32f8b248dc7e9ec5c1856b78b4ee207b8861d315/README.md,구조해석은 source fact를 그대로 반복하는 작업이 아니다.
그대로,SeungeFlow/SeungeFlow,Y_Branch,32f8b248dc7e9ec5c1856b78b4ee207b8861d315,README.md,394,Y_Branch operating surface,https://raw.githubusercontent.com/SeungeFlow/SeungeFlow/32f8b248dc7e9ec5c1856b78b4ee207b8861d315/README.md,구조해석은 source fact를 그대로 반복하는 작업이 아니다.
반복하는,SeungeFlow/SeungeFlow,Y_Branch,32f8b248dc7e9ec5c1856b78b4ee207b8861d315,README.md,394,Y_Branch operating surface,https://raw.githubusercontent.com/SeungeFlow/SeungeFlow/32f8b248dc7e9ec5c1856b78b4ee207b8861d315/README.md,구조해석은 source fact를 그대로 반복하는 작업이 아니다.
작업이,SeungeFlow/SeungeFlow,Y_Branch,32f8b248dc7e9ec5c1856b78b4ee207b8861d315,README.md,394,Y_Branch operating surface,https://raw.githubusercontent.com/SeungeFlow/SeungeFlow/32f8b248dc7e9ec5c1856b78b4ee207b8861d315/README.md,구조해석은 source fact를 그대로 반복하는 작업이 아니다.
아니다,SeungeFlow/SeungeFlow,Y_Branch,32f8b248dc7e9ec5c1856b78b4ee207b8861d315,README.md,394,Y_Branch operating surface,https://raw.githubusercontent.com/SeungeFlow/SeungeFlow/32f8b248dc7e9ec5c1856b78b4ee207b8861d315/README.md,구조해석은 source fact를 그대로 반복하는 작업이 아니다.
text,SeungeFlow/SeungeFlow,Y_Branch,32f8b248dc7e9ec5c1856b78b4ee207b8861d315,README.md,396,Y_Branch operating surface,https://raw.githubusercontent.com/SeungeFlow/SeungeFlow/32f8b248dc7e9ec5c1856b78b4ee207b8861d315/README.md,```text
구조해석,SeungeFlow/SeungeFlow,Y_Branch,32f8b248dc7e9ec5c1856b78b4ee207b8861d315,README.md,397,Y_Branch operating surface,https://raw.githubusercontent.com/SeungeFlow/SeungeFlow/32f8b248dc7e9ec5c1856b78b4ee207b8861d315/README.md,"구조해석 = 관측기준 ?를 세우고, m, t, p 각각에 의미를 부여하여 특정 구조를 읽을 수 있는 상태로 만드는 작업"
관측기준,SeungeFlow/SeungeFlow,Y_Branch,32f8b248dc7e9ec5c1856b78b4ee207b8861d315,README.md,397,Y_Branch operating surface,https://raw.githubusercontent.com/SeungeFlow/SeungeFlow/32f8b248dc7e9ec5c1856b78b4ee207b8861d315/README.md,"구조해석 = 관측기준 ?를 세우고, m, t, p 각각에 의미를 부여하여 특정 구조를 읽을 수 있는 상태로 만드는 작업"
를,SeungeFlow/SeungeFlow,Y_Branch,32f8b248dc7e9ec5c1856b78b4ee207b8861d315,README.md,397,Y_Branch operating surface,https://raw.githubusercontent.com/SeungeFlow/SeungeFlow/32f8b248dc7e9ec5c1856b78b4ee207b8861d315/README.md,"구조해석 = 관측기준 ?를 세우고, m, t, p 각각에 의미를 부여하여 특정 구조를 읽을 수 있는 상태로 만드는 작업"
세우고,SeungeFlow/SeungeFlow,Y_Branch,32f8b248dc7e9ec5c1856b78b4ee207b8861d315,README.md,397,Y_Branch operating surface,https://raw.githubusercontent.com/SeungeFlow/SeungeFlow/32f8b248dc7e9ec5c1856b78b4ee207b8861d315/README.md,"구조해석 = 관측기준 ?를 세우고, m, t, p 각각에 의미를 부여하여 특정 구조를 읽을 수 있는 상태로 만드는 작업"
각각에,SeungeFlow/SeungeFlow,Y_Branch,32f8b248dc7e9ec5c1856b78b4ee207b8861d315,README.md,397,Y_Branch operating surface,https://raw.githubusercontent.com/SeungeFlow/SeungeFlow/32f8b248dc7e9ec5c1856b78b4ee207b8861d315/README.md,"구조해석 = 관측기준 ?를 세우고, m, t, p 각각에 의미를 부여하여 특정 구조를 읽을 수 있는 상태로 만드는 작업"
의미를,SeungeFlow/SeungeFlow,Y_Branch,32f8b248dc7e9ec5c1856b78b4ee207b8861d315,README.md,397,Y_Branch operating surface,https://raw.githubusercontent.com/SeungeFlow/SeungeFlow/32f8b248dc7e9ec5c1856b78b4ee207b8861d315/README.md,"구조해석 = 관측기준 ?를 세우고, m, t, p 각각에 의미를 부여하여 특정 구조를 읽을 수 있는 상태로 만드는 작업"
부여하여,SeungeFlow/SeungeFlow,Y_Branch,32f8b248dc7e9ec5c1856b78b4ee207b8861d315,README.md,397,Y_Branch operating surface,https://raw.githubusercontent.com/SeungeFlow/SeungeFlow/32f8b248dc7e9ec5c1856b78b4ee207b8861d315/README.md,"구조해석 = 관측기준 ?를 세우고, m, t, p 각각에 의미를 부여하여 특정 구조를 읽을 수 있는 상태로 만드는 작업"
특정,SeungeFlow/SeungeFlow,Y_Branch,32f8b248dc7e9ec5c1856b78b4ee207b8861d315,README.md,397,Y_Branch operating surface,https://raw.githubusercontent.com/SeungeFlow/SeungeFlow/32f8b248dc7e9ec5c1856b78b4ee207b8861d315/README.md,"구조해석 = 관측기준 ?를 세우고, m, t, p 각각에 의미를 부여하여 특정 구조를 읽을 수 있는 상태로 만드는 작업"
구조를,SeungeFlow/SeungeFlow,Y_Branch,32f8b248dc7e9ec5c1856b78b4ee207b8861d315,README.md,397,Y_Branch operating surface,https://raw.githubusercontent.com/SeungeFlow/SeungeFlow/32f8b248dc7e9ec5c1856b78b4ee207b8861d315/README.md,"구조해석 = 관측기준 ?를 세우고, m, t, p 각각에 의미를 부여하여 특정 구조를 읽을 수 있는 상태로 만드는 작업"
읽을,SeungeFlow/SeungeFlow,Y_Branch,32f8b248dc7e9ec5c1856b78b4ee207b8861d315,README.md,397,Y_Branch operating surface,https://raw.githubusercontent.com/SeungeFlow/SeungeFlow/32f8b248dc7e9ec5c1856b78b4ee207b8861d315/README.md,"구조해석 = 관측기준 ?를 세우고, m, t, p 각각에 의미를 부여하여 특정 구조를 읽을 수 있는 상태로 만드는 작업"
수,SeungeFlow/SeungeFlow,Y_Branch,32f8b248dc7e9ec5c1856b78b4ee207b8861d315,README.md,397,Y_Branch operating surface,https://raw.githubusercontent.com/SeungeFlow/SeungeFlow/32f8b248dc7e9ec5c1856b78b4ee207b8861d315/README.md,"구조해석 = 관측기준 ?를 세우고, m, t, p 각각에 의미를 부여하여 특정 구조를 읽을 수 있는 상태로 만드는 작업"
있는,SeungeFlow/SeungeFlow,Y_Branch,32f8b248dc7e9ec5c1856b78b4ee207b8861d315,README.md,397,Y_Branch operating surface,https://raw.githubusercontent.com/SeungeFlow/SeungeFlow/32f8b248dc7e9ec5c1856b78b4ee207b8861d315/README.md,"구조해석 = 관측기준 ?를 세우고, m, t, p 각각에 의미를 부여하여 특정 구조를 읽을 수 있는 상태로 만드는 작업"
상태로,SeungeFlow/SeungeFlow,Y_Branch,32f8b248dc7e9ec5c1856b78b4ee207b8861d315,README.md,397,Y_Branch operating surface,https://raw.githubusercontent.com/SeungeFlow/SeungeFlow/32f8b248dc7e9ec5c1856b78b4ee207b8861d315/README.md,"구조해석 = 관측기준 ?를 세우고, m, t, p 각각에 의미를 부여하여 특정 구조를 읽을 수 있는 상태로 만드는 작업"
만드는,SeungeFlow/SeungeFlow,Y_Branch,32f8b248dc7e9ec5c1856b78b4ee207b8861d315,README.md,397,Y_Branch operating surface,https://raw.githubusercontent.com/SeungeFlow/SeungeFlow/32f8b248dc7e9ec5c1856b78b4ee207b8861d315/README.md,"구조해석 = 관측기준 ?를 세우고, m, t, p 각각에 의미를 부여하여 특정 구조를 읽을 수 있는 상태로 만드는 작업"
작업,SeungeFlow/SeungeFlow,Y_Branch,32f8b248dc7e9ec5c1856b78b4ee207b8861d315,README.md,397,Y_Branch operating surface,https://raw.githubusercontent.com/SeungeFlow/SeungeFlow/32f8b248dc7e9ec5c1856b78b4ee207b8861d315/README.md,"구조해석 = 관측기준 ?를 세우고, m, t, p 각각에 의미를 부여하여 특정 구조를 읽을 수 있는 상태로 만드는 작업"
구조수열은,SeungeFlow/SeungeFlow,Y_Branch,32f8b248dc7e9ec5c1856b78b4ee207b8861d315,README.md,400,Y_Branch operating surface,https://raw.githubusercontent.com/SeungeFlow/SeungeFlow/32f8b248dc7e9ec5c1856b78b4ee207b8861d315/README.md,"구조수열은 원래부터 절대적으로 존재하는 것이 아니라, 특정 field를 해석하기 위해 관측자가 의미를 부여한 구조배열이다."
원래부터,SeungeFlow/SeungeFlow,Y_Branch,32f8b248dc7e9ec5c1856b78b4ee207b8861d315,README.md,400,Y_Branch operating surface,https://raw.githubusercontent.com/SeungeFlow/SeungeFlow/32f8b248dc7e9ec5c1856b78b4ee207b8861d315/README.md,"구조수열은 원래부터 절대적으로 존재하는 것이 아니라, 특정 field를 해석하기 위해 관측자가 의미를 부여한 구조배열이다."
절대적으로,SeungeFlow/SeungeFlow,Y_Branch,32f8b248dc7e9ec5c1856b78b4ee207b8861d315,README.md,400,Y_Branch operating surface,https://raw.githubusercontent.com/SeungeFlow/SeungeFlow/32f8b248dc7e9ec5c1856b78b4ee207b8861d315/README.md,"구조수열은 원래부터 절대적으로 존재하는 것이 아니라, 특정 field를 해석하기 위해 관측자가 의미를 부여한 구조배열이다."
존재하는,SeungeFlow/SeungeFlow,Y_Branch,32f8b248dc7e9ec5c1856b78b4ee207b8861d315,README.md,400,Y_Branch operating surface,https://raw.githubusercontent.com/SeungeFlow/SeungeFlow/32f8b248dc7e9ec5c1856b78b4ee207b8861d315/README.md,"구조수열은 원래부터 절대적으로 존재하는 것이 아니라, 특정 field를 해석하기 위해 관측자가 의미를 부여한 구조배열이다."
것이,SeungeFlow/SeungeFlow,Y_Branch,32f8b248dc7e9ec5c1856b78b4ee207b8861d315,README.md,400,Y_Branch operating surface,https://raw.githubusercontent.com/SeungeFlow/SeungeFlow/32f8b248dc7e9ec5c1856b78b4ee207b8861d315/README.md,"구조수열은 원래부터 절대적으로 존재하는 것이 아니라, 특정 field를 해석하기 위해 관측자가 의미를 부여한 구조배열이다."
아니라,SeungeFlow/SeungeFlow,Y_Branch,32f8b248dc7e9ec5c1856b78b4ee207b8861d315,README.md,400,Y_Branch operating surface,https://raw.githubusercontent.com/SeungeFlow/SeungeFlow/32f8b248dc7e9ec5c1856b78b4ee207b8861d315/README.md,"구조수열은 원래부터 절대적으로 존재하는 것이 아니라, 특정 field를 해석하기 위해 관측자가 의미를 부여한 구조배열이다."
특정,SeungeFlow/SeungeFlow,Y_Branch,32f8b248dc7e9ec5c1856b78b4ee207b8861d315,README.md,400,Y_Branch operating surface,https://raw.githubusercontent.com/SeungeFlow/SeungeFlow/32f8b248dc7e9ec5c1856b78b4ee207b8861d315/README.md,"구조수열은 원래부터 절대적으로 존재하는 것이 아니라, 특정 field를 해석하기 위해 관측자가 의미를 부여한 구조배열이다."
field,SeungeFlow/SeungeFlow,Y_Branch,32f8b248dc7e9ec5c1856b78b4ee207b8861d315,README.md,400,Y_Branch operating surface,https://raw.githubusercontent.com/SeungeFlow/SeungeFlow/32f8b248dc7e9ec5c1856b78b4ee207b8861d315/README.md,"구조수열은 원래부터 절대적으로 존재하는 것이 아니라, 특정 field를 해석하기 위해 관측자가 의미를 부여한 구조배열이다."
를,SeungeFlow/SeungeFlow,Y_Branch,32f8b248dc7e9ec5c1856b78b4ee207b8861d315,README.md,400,Y_Branch operating surface,https://raw.githubusercontent.com/SeungeFlow/SeungeFlow/32f8b248dc7e9ec5c1856b78b4ee207b8861d315/README.md,"구조수열은 원래부터 절대적으로 존재하는 것이 아니라, 특정 field를 해석하기 위해 관측자가 의미를 부여한 구조배열이다."
해석하기,SeungeFlow/SeungeFlow,Y_Branch,32f8b248dc7e9ec5c1856b78b4ee207b8861d315,README.md,400,Y_Branch operating surface,https://raw.githubusercontent.com/SeungeFlow/SeungeFlow/32f8b248dc7e9ec5c1856b78b4ee207b8861d315/README.md,"구조수열은 원래부터 절대적으로 존재하는 것이 아니라, 특정 field를 해석하기 위해 관측자가 의미를 부여한 구조배열이다."
위해,SeungeFlow/SeungeFlow,Y_Branch,32f8b248dc7e9ec5c1856b78b4ee207b8861d315,README.md,400,Y_Branch operating surface,https://raw.githubusercontent.com/SeungeFlow/SeungeFlow/32f8b248dc7e9ec5c1856b78b4ee207b8861d315/README.md,"구조수열은 원래부터 절대적으로 존재하는 것이 아니라, 특정 field를 해석하기 위해 관측자가 의미를 부여한 구조배열이다."
관측자가,SeungeFlow/SeungeFlow,Y_Branch,32f8b248dc7e9ec5c1856b78b4ee207b8861d315,README.md,400,Y_Branch operating surface,https://raw.githubusercontent.com/SeungeFlow/SeungeFlow/32f8b248dc7e9ec5c1856b78b4ee207b8861d315/README.md,"구조수열은 원래부터 절대적으로 존재하는 것이 아니라, 특정 field를 해석하기 위해 관측자가 의미를 부여한 구조배열이다."
의미를,SeungeFlow/SeungeFlow,Y_Branch,32f8b248dc7e9ec5c1856b78b4ee207b8861d315,README.md,400,Y_Branch operating surface,https://raw.githubusercontent.com/SeungeFlow/SeungeFlow/32f8b248dc7e9ec5c1856b78b4ee207b8861d315/README.md,"구조수열은 원래부터 절대적으로 존재하는 것이 아니라, 특정 field를 해석하기 위해 관측자가 의미를 부여한 구조배열이다."
부여한,SeungeFlow/SeungeFlow,Y_Branch,32f8b248dc7e9ec5c1856b78b4ee207b8861d315,README.md,400,Y_Branch operating surface,https://raw.githubusercontent.com/SeungeFlow/SeungeFlow/32f8b248dc7e9ec5c1856b78b4ee207b8861d315/README.md,"구조수열은 원래부터 절대적으로 존재하는 것이 아니라, 특정 field를 해석하기 위해 관측자가 의미를 부여한 구조배열이다."
구조배열이다,SeungeFlow/SeungeFlow,Y_Branch,32f8b248dc7e9ec5c1856b78b4ee207b8861d315,README.md,400,Y_Branch operating surface,https://raw.githubusercontent.com/SeungeFlow/SeungeFlow/32f8b248dc7e9ec5c1856b78b4ee207b8861d315/README.md,"구조수열은 원래부터 절대적으로 존재하는 것이 아니라, 특정 field를 해석하기 위해 관측자가 의미를 부여한 구조배열이다."
text,SeungeFlow/SeungeFlow,Y_Branch,32f8b248dc7e9ec5c1856b78b4ee207b8861d315,README.md,402,Y_Branch operating surface,https://raw.githubusercontent.com/SeungeFlow/SeungeFlow/32f8b248dc7e9ec5c1856b78b4ee207b8861d315/README.md,```text
source,SeungeFlow/SeungeFlow,Y_Branch,32f8b248dc7e9ec5c1856b78b4ee207b8861d315,README.md,403,Y_Branch operating surface,https://raw.githubusercontent.com/SeungeFlow/SeungeFlow/32f8b248dc7e9ec5c1856b78b4ee207b8861d315/README.md,source fact ≠ structure interpretation
fact,SeungeFlow/SeungeFlow,Y_Branch,32f8b248dc7e9ec5c1856b78b4ee207b8861d315,README.md,403,Y_Branch operating surface,https://raw.githubusercontent.com/SeungeFlow/SeungeFlow/32f8b248dc7e9ec5c1856b78b4ee207b8861d315/README.md,source fact ≠ structure interpretation
structure,SeungeFlow/SeungeFlow,Y_Branch,32f8b248dc7e9ec5c1856b78b4ee207b8861d315,README.md,403,Y_Branch operating surface,https://raw.githubusercontent.com/SeungeFlow/SeungeFlow/32f8b248dc7e9ec5c1856b78b4ee207b8861d315/README.md,source fact ≠ structure interpretation
interpretation,SeungeFlow/SeungeFlow,Y_Branch,32f8b248dc7e9ec5c1856b78b4ee207b8861d315,README.md,403,Y_Branch operating surface,https://raw.githubusercontent.com/SeungeFlow/SeungeFlow/32f8b248dc7e9ec5c1856b78b4ee207b8861d315/README.md,source fact ≠ structure interpretation
14,SeungeFlow/SeungeFlow,Y_Branch,32f8b248dc7e9ec5c1856b78b4ee207b8861d315,README.md,408,Y_Branch operating surface,https://raw.githubusercontent.com/SeungeFlow/SeungeFlow/32f8b248dc7e9ec5c1856b78b4ee207b8861d315/README.md,## 14. What This Is Not
What,SeungeFlow/SeungeFlow,Y_Branch,32f8b248dc7e9ec5c1856b78b4ee207b8861d315,README.md,408,Y_Branch operating surface,https://raw.githubusercontent.com/SeungeFlow/SeungeFlow/32f8b248dc7e9ec5c1856b78b4ee207b8861d315/README.md,## 14. What This Is Not
This,SeungeFlow/SeungeFlow,Y_Branch,32f8b248dc7e9ec5c1856b78b4ee207b8861d315,README.md,408,Y_Branch operating surface,https://raw.githubusercontent.com/SeungeFlow/SeungeFlow/32f8b248dc7e9ec5c1856b78b4ee207b8861d315/README.md,## 14. What This Is Not
Is,SeungeFlow/SeungeFlow,Y_Branch,32f8b248dc7e9ec5c1856b78b4ee207b8861d315,README.md,408,Y_Branch operating surface,https://raw.githubusercontent.com/SeungeFlow/SeungeFlow/32f8b248dc7e9ec5c1856b78b4ee207b8861d315/README.md,## 14. What This Is Not
Not,SeungeFlow/SeungeFlow,Y_Branch,32f8b248dc7e9ec5c1856b78b4ee207b8861d315,README.md,408,Y_Branch operating surface,https://raw.githubusercontent.com/SeungeFlow/SeungeFlow/32f8b248dc7e9ec5c1856b78b4ee207b8861d315/README.md,## 14. What This Is Not
text,SeungeFlow/SeungeFlow,Y_Branch,32f8b248dc7e9ec5c1856b78b4ee207b8861d315,README.md,410,Y_Branch operating surface,https://raw.githubusercontent.com/SeungeFlow/SeungeFlow/32f8b248dc7e9ec5c1856b78b4ee207b8861d315/README.md,```text
Y_Branch,SeungeFlow/SeungeFlow,Y_Branch,32f8b248dc7e9ec5c1856b78b4ee207b8861d315,README.md,411,Y_Branch operating surface,https://raw.githubusercontent.com/SeungeFlow/SeungeFlow/32f8b248dc7e9ec5c1856b78b4ee207b8861d315/README.md,Y_Branch는 논문이 아니다.
는,SeungeFlow/SeungeFlow,Y_Branch,32f8b248dc7e9ec5c1856b78b4ee207b8861d315,README.md,411,Y_Branch operating surface,https://raw.githubusercontent.com/SeungeFlow/SeungeFlow/32f8b248dc7e9ec5c1856b78b4ee207b8861d315/README.md,Y_Branch는 논문이 아니다.
논문이,SeungeFlow/SeungeFlow,Y_Branch,32f8b248dc7e9ec5c1856b78b4ee207b8861d315,README.md,411,Y_Branch operating surface,https://raw.githubusercontent.com/SeungeFlow/SeungeFlow/32f8b248dc7e9ec5c1856b78b4ee207b8861d315/README.md,Y_Branch는 논문이 아니다.
아니다,SeungeFlow/SeungeFlow,Y_Branch,32f8b248dc7e9ec5c1856b78b4ee207b8861d315,README.md,411,Y_Branch operating surface,https://raw.githubusercontent.com/SeungeFlow/SeungeFlow/32f8b248dc7e9ec5c1856b78b4ee207b8861d315/README.md,Y_Branch는 논문이 아니다.
Y_Branch,SeungeFlow/SeungeFlow,Y_Branch,32f8b248dc7e9ec5c1856b78b4ee207b8861d315,README.md,412,Y_Branch operating surface,https://raw.githubusercontent.com/SeungeFlow/SeungeFlow/32f8b248dc7e9ec5c1856b78b4ee207b8861d315/README.md,Y_Branch는 최종 진리 선언이 아니다.
는,SeungeFlow/SeungeFlow,Y_Branch,32f8b248dc7e9ec5c1856b78b4ee207b8861d315,README.md,412,Y_Branch operating surface,https://raw.githubusercontent.com/SeungeFlow/SeungeFlow/32f8b248dc7e9ec5c1856b78b4ee207b8861d315/README.md,Y_Branch는 최종 진리 선언이 아니다.
최종,SeungeFlow/SeungeFlow,Y_Branch,32f8b248dc7e9ec5c1856b78b4ee207b8861d315,README.md,412,Y_Branch operating surface,https://raw.githubusercontent.com/SeungeFlow/SeungeFlow/32f8b248dc7e9ec5c1856b78b4ee207b8861d315/README.md,Y_Branch는 최종 진리 선언이 아니다.
진리,SeungeFlow/SeungeFlow,Y_Branch,32f8b248dc7e9ec5c1856b78b4ee207b8861d315,README.md,412,Y_Branch operating surface,https://raw.githubusercontent.com/SeungeFlow/SeungeFlow/32f8b248dc7e9ec5c1856b78b4ee207b8861d315/README.md,Y_Branch는 최종 진리 선언이 아니다.
선언이,SeungeFlow/SeungeFlow,Y_Branch,32f8b248dc7e9ec5c1856b78b4ee207b8861d315,README.md,412,Y_Branch operating surface,https://raw.githubusercontent.com/SeungeFlow/SeungeFlow/32f8b248dc7e9ec5c1856b78b4ee207b8861d315/README.md,Y_Branch는 최종 진리 선언이 아니다.
아니다,SeungeFlow/SeungeFlow,Y_Branch,32f8b248dc7e9ec5c1856b78b4ee207b8861d315,README.md,412,Y_Branch operating surface,https://raw.githubusercontent.com/SeungeFlow/SeungeFlow/32f8b248dc7e9ec5c1856b78b4ee207b8861d315/README.md,Y_Branch는 최종 진리 선언이 아니다.
Y_Branch,SeungeFlow/SeungeFlow,Y_Branch,32f8b248dc7e9ec5c1856b78b4ee207b8861d315,README.md,413,Y_Branch operating surface,https://raw.githubusercontent.com/SeungeFlow/SeungeFlow/32f8b248dc7e9ec5c1856b78b4ee207b8861d315/README.md,Y_Branch는 투자조언이 아니다.
는,SeungeFlow/SeungeFlow,Y_Branch,32f8b248dc7e9ec5c1856b78b4ee207b8861d315,README.md,413,Y_Branch operating surface,https://raw.githubusercontent.com/SeungeFlow/SeungeFlow/32f8b248dc7e9ec5c1856b78b4ee207b8861d315/README.md,Y_Branch는 투자조언이 아니다.
투자조언이,SeungeFlow/SeungeFlow,Y_Branch,32f8b248dc7e9ec5c1856b78b4ee207b8861d315,README.md,413,Y_Branch operating surface,https://raw.githubusercontent.com/SeungeFlow/SeungeFlow/32f8b248dc7e9ec5c1856b78b4ee207b8861d315/README.md,Y_Branch는 투자조언이 아니다.
아니다,SeungeFlow/SeungeFlow,Y_Branch,32f8b248dc7e9ec5c1856b78b4ee207b8861d315,README.md,413,Y_Branch operating surface,https://raw.githubusercontent.com/SeungeFlow/SeungeFlow/32f8b248dc7e9ec5c1856b78b4ee207b8861d315/README.md,Y_Branch는 투자조언이 아니다.
Y_Branch,SeungeFlow/SeungeFlow,Y_Branch,32f8b248dc7e9ec5c1856b78b4ee207b8861d315,README.md,414,Y_Branch operating surface,https://raw.githubusercontent.com/SeungeFlow/SeungeFlow/32f8b248dc7e9ec5c1856b78b4ee207b8861d315/README.md,Y_Branch는 과학적 사실을 임의로 대체하지 않는다.
는,SeungeFlow/SeungeFlow,Y_Branch,32f8b248dc7e9ec5c1856b78b4ee207b8861d315,README.md,414,Y_Branch operating surface,https://raw.githubusercontent.com/SeungeFlow/SeungeFlow/32f8b248dc7e9ec5c1856b78b4ee207b8861d315/README.md,Y_Branch는 과학적 사실을 임의로 대체하지 않는다.
과학적,SeungeFlow/SeungeFlow,Y_Branch,32f8b248dc7e9ec5c1856b78b4ee207b8861d315,README.md,414,Y_Branch operating surface,https://raw.githubusercontent.com/SeungeFlow/SeungeFlow/32f8b248dc7e9ec5c1856b78b4ee207b8861d315/README.md,Y_Branch는 과학적 사실을 임의로 대체하지 않는다.
사실을,SeungeFlow/SeungeFlow,Y_Branch,32f8b248dc7e9ec5c1856b78b4ee207b8861d315,README.md,414,Y_Branch operating surface,https://raw.githubusercontent.com/SeungeFlow/SeungeFlow/32f8b248dc7e9ec5c1856b78b4ee207b8861d315/README.md,Y_Branch는 과학적 사실을 임의로 대체하지 않는다.
임의로,SeungeFlow/SeungeFlow,Y_Branch,32f8b248dc7e9ec5c1856b78b4ee207b8861d315,README.md,414,Y_Branch operating surface,https://raw.githubusercontent.com/SeungeFlow/SeungeFlow/32f8b248dc7e9ec5c1856b78b4ee207b8861d315/README.md,Y_Branch는 과학적 사실을 임의로 대체하지 않는다.
대체하지,SeungeFlow/SeungeFlow,Y_Branch,32f8b248dc7e9ec5c1856b78b4ee207b8861d315,README.md,414,Y_Branch operating surface,https://raw.githubusercontent.com/SeungeFlow/SeungeFlow/32f8b248dc7e9ec5c1856b78b4ee207b8861d315/README.md,Y_Branch는 과학적 사실을 임의로 대체하지 않는다.
않는다,SeungeFlow/SeungeFlow,Y_Branch,32f8b248dc7e9ec5c1856b78b4ee207b8861d315,README.md,414,Y_Branch operating surface,https://raw.githubusercontent.com/SeungeFlow/SeungeFlow/32f8b248dc7e9ec5c1856b78b4ee207b8861d315/README.md,Y_Branch는 과학적 사실을 임의로 대체하지 않는다.
Y_Branch,SeungeFlow/SeungeFlow,Y_Branch,32f8b248dc7e9ec5c1856b78b4ee207b8861d315,README.md,415,Y_Branch operating surface,https://raw.githubusercontent.com/SeungeFlow/SeungeFlow/32f8b248dc7e9ec5c1856b78b4ee207b8861d315/README.md,Y_Branch는 문학 감상문이 아니다.
는,SeungeFlow/SeungeFlow,Y_Branch,32f8b248dc7e9ec5c1856b78b4ee207b8861d315,README.md,415,Y_Branch operating surface,https://raw.githubusercontent.com/SeungeFlow/SeungeFlow/32f8b248dc7e9ec5c1856b78b4ee207b8861d315/README.md,Y_Branch는 문학 감상문이 아니다.
문학,SeungeFlow/SeungeFlow,Y_Branch,32f8b248dc7e9ec5c1856b78b4ee207b8861d315,README.md,415,Y_Branch operating surface,https://raw.githubusercontent.com/SeungeFlow/SeungeFlow/32f8b248dc7e9ec5c1856b78b4ee207b8861d315/README.md,Y_Branch는 문학 감상문이 아니다.
감상문이,SeungeFlow/SeungeFlow,Y_Branch,32f8b248dc7e9ec5c1856b78b4ee207b8861d315,README.md,415,Y_Branch operating surface,https://raw.githubusercontent.com/SeungeFlow/SeungeFlow/32f8b248dc7e9ec5c1856b78b4ee207b8861d315/README.md,Y_Branch는 문학 감상문이 아니다.
아니다,SeungeFlow/SeungeFlow,Y_Branch,32f8b248dc7e9ec5c1856b78b4ee207b8861d315,README.md,415,Y_Branch operating surface,https://raw.githubusercontent.com/SeungeFlow/SeungeFlow/32f8b248dc7e9ec5c1856b78b4ee207b8861d315/README.md,Y_Branch는 문학 감상문이 아니다.
Y_Branch,SeungeFlow/SeungeFlow,Y_Branch,32f8b248dc7e9ec5c1856b78b4ee207b8861d315,README.md,416,Y_Branch operating surface,https://raw.githubusercontent.com/SeungeFlow/SeungeFlow/32f8b248dc7e9ec5c1856b78b4ee207b8861d315/README.md,Y_Branch는 인물 숭배나 위인전 해석이 아니다.
는,SeungeFlow/SeungeFlow,Y_Branch,32f8b248dc7e9ec5c1856b78b4ee207b8861d315,README.md,416,Y_Branch operating surface,https://raw.githubusercontent.com/SeungeFlow/SeungeFlow/32f8b248dc7e9ec5c1856b78b4ee207b8861d315/README.md,Y_Branch는 인물 숭배나 위인전 해석이 아니다.
인물,SeungeFlow/SeungeFlow,Y_Branch,32f8b248dc7e9ec5c1856b78b4ee207b8861d315,README.md,416,Y_Branch operating surface,https://raw.githubusercontent.com/SeungeFlow/SeungeFlow/32f8b248dc7e9ec5c1856b78b4ee207b8861d315/README.md,Y_Branch는 인물 숭배나 위인전 해석이 아니다.
숭배나,SeungeFlow/SeungeFlow,Y_Branch,32f8b248dc7e9ec5c1856b78b4ee207b8861d315,README.md,416,Y_Branch operating surface,https://raw.githubusercontent.com/SeungeFlow/SeungeFlow/32f8b248dc7e9ec5c1856b78b4ee207b8861d315/README.md,Y_Branch는 인물 숭배나 위인전 해석이 아니다.
위인전,SeungeFlow/SeungeFlow,Y_Branch,32f8b248dc7e9ec5c1856b78b4ee207b8861d315,README.md,416,Y_Branch operating surface,https://raw.githubusercontent.com/SeungeFlow/SeungeFlow/32f8b248dc7e9ec5c1856b78b4ee207b8861d315/README.md,Y_Branch는 인물 숭배나 위인전 해석이 아니다.
해석이,SeungeFlow/SeungeFlow,Y_Branch,32f8b248dc7e9ec5c1856b78b4ee207b8861d315,README.md,416,Y_Branch operating surface,https://raw.githubusercontent.com/SeungeFlow/SeungeFlow/32f8b248dc7e9ec5c1856b78b4ee207b8861d315/README.md,Y_Branch는 인물 숭배나 위인전 해석이 아니다.
아니다,SeungeFlow/SeungeFlow,Y_Branch,32f8b248dc7e9ec5c1856b78b4ee207b8861d315,README.md,416,Y_Branch operating surface,https://raw.githubusercontent.com/SeungeFlow/SeungeFlow/32f8b248dc7e9ec5c1856b78b4ee207b8861d315/README.md,Y_Branch는 인물 숭배나 위인전 해석이 아니다.
Y_Branch,SeungeFlow/SeungeFlow,Y_Branch,32f8b248dc7e9ec5c1856b78b4ee207b8861d315,README.md,417,Y_Branch operating surface,https://raw.githubusercontent.com/SeungeFlow/SeungeFlow/32f8b248dc7e9ec5c1856b78b4ee207b8861d315/README.md,Y_Branch는 모든 field를 하나로 병합하지 않는다.
는,SeungeFlow/SeungeFlow,Y_Branch,32f8b248dc7e9ec5c1856b78b4ee207b8861d315,README.md,417,Y_Branch operating surface,https://raw.githubusercontent.com/SeungeFlow/SeungeFlow/32f8b248dc7e9ec5c1856b78b4ee207b8861d315/README.md,Y_Branch는 모든 field를 하나로 병합하지 않는다.
모든,SeungeFlow/SeungeFlow,Y_Branch,32f8b248dc7e9ec5c1856b78b4ee207b8861d315,README.md,417,Y_Branch operating surface,https://raw.githubusercontent.com/SeungeFlow/SeungeFlow/32f8b248dc7e9ec5c1856b78b4ee207b8861d315/README.md,Y_Branch는 모든 field를 하나로 병합하지 않는다.
field,SeungeFlow/SeungeFlow,Y_Branch,32f8b248dc7e9ec5c1856b78b4ee207b8861d315,README.md,417,Y_Branch operating surface,https://raw.githubusercontent.com/SeungeFlow/SeungeFlow/32f8b248dc7e9ec5c1856b78b4ee207b8861d315/README.md,Y_Branch는 모든 field를 하나로 병합하지 않는다.
를,SeungeFlow/SeungeFlow,Y_Branch,32f8b248dc7e9ec5c1856b78b4ee207b8861d315,README.md,417,Y_Branch operating surface,https://raw.githubusercontent.com/SeungeFlow/SeungeFlow/32f8b248dc7e9ec5c1856b78b4ee207b8861d315/README.md,Y_Branch는 모든 field를 하나로 병합하지 않는다.
하나로,SeungeFlow/SeungeFlow,Y_Branch,32f8b248dc7e9ec5c1856b78b4ee207b8861d315,README.md,417,Y_Branch operating surface,https://raw.githubusercontent.com/SeungeFlow/SeungeFlow/32f8b248dc7e9ec5c1856b78b4ee207b8861d315/README.md,Y_Branch는 모든 field를 하나로 병합하지 않는다.
병합하지,SeungeFlow/SeungeFlow,Y_Branch,32f8b248dc7e9ec5c1856b78b4ee207b8861d315,README.md,417,Y_Branch operating surface,https://raw.githubusercontent.com/SeungeFlow/SeungeFlow/32f8b248dc7e9ec5c1856b78b4ee207b8861d315/README.md,Y_Branch는 모든 field를 하나로 병합하지 않는다.
않는다,SeungeFlow/SeungeFlow,Y_Branch,32f8b248dc7e9ec5c1856b78b4ee207b8861d315,README.md,417,Y_Branch operating surface,https://raw.githubusercontent.com/SeungeFlow/SeungeFlow/32f8b248dc7e9ec5c1856b78b4ee207b8861d315/README.md,Y_Branch는 모든 field를 하나로 병합하지 않는다.
Y_Branch,SeungeFlow/SeungeFlow,Y_Branch,32f8b248dc7e9ec5c1856b78b4ee207b8861d315,README.md,420,Y_Branch operating surface,https://raw.githubusercontent.com/SeungeFlow/SeungeFlow/32f8b248dc7e9ec5c1856b78b4ee207b8861d315/README.md,`Y_Branch`는 구조를 읽는 운영체계이다.
는,SeungeFlow/SeungeFlow,Y_Branch,32f8b248dc7e9ec5c1856b78b4ee207b8861d315,README.md,420,Y_Branch operating surface,https://raw.githubusercontent.com/SeungeFlow/SeungeFlow/32f8b248dc7e9ec5c1856b78b4ee207b8861d315/README.md,`Y_Branch`는 구조를 읽는 운영체계이다.
구조를,SeungeFlow/SeungeFlow,Y_Branch,32f8b248dc7e9ec5c1856b78b4ee207b8861d315,README.md,420,Y_Branch operating surface,https://raw.githubusercontent.com/SeungeFlow/SeungeFlow/32f8b248dc7e9ec5c1856b78b4ee207b8861d315/README.md,`Y_Branch`는 구조를 읽는 운영체계이다.
읽는,SeungeFlow/SeungeFlow,Y_Branch,32f8b248dc7e9ec5c1856b78b4ee207b8861d315,README.md,420,Y_Branch operating surface,https://raw.githubusercontent.com/SeungeFlow/SeungeFlow/32f8b248dc7e9ec5c1856b78b4ee207b8861d315/README.md,`Y_Branch`는 구조를 읽는 운영체계이다.
운영체계이다,SeungeFlow/SeungeFlow,Y_Branch,32f8b248dc7e9ec5c1856b78b4ee207b8861d315,README.md,420,Y_Branch operating surface,https://raw.githubusercontent.com/SeungeFlow/SeungeFlow/32f8b248dc7e9ec5c1856b78b4ee207b8861d315/README.md,`Y_Branch`는 구조를 읽는 운영체계이다.
15,SeungeFlow/SeungeFlow,Y_Branch,32f8b248dc7e9ec5c1856b78b4ee207b8861d315,README.md,424,Y_Branch operating surface,https://raw.githubusercontent.com/SeungeFlow/SeungeFlow/32f8b248dc7e9ec5c1856b78b4ee207b8861d315/README.md,## 15. Reading Order for AI
Reading,SeungeFlow/SeungeFlow,Y_Branch,32f8b248dc7e9ec5c1856b78b4ee207b8861d315,README.md,424,Y_Branch operating surface,https://raw.githubusercontent.com/SeungeFlow/SeungeFlow/32f8b248dc7e9ec5c1856b78b4ee207b8861d315/README.md,## 15. Reading Order for AI
Order,SeungeFlow/SeungeFlow,Y_Branch,32f8b248dc7e9ec5c1856b78b4ee207b8861d315,README.md,424,Y_Branch operating surface,https://raw.githubusercontent.com/SeungeFlow/SeungeFlow/32f8b248dc7e9ec5c1856b78b4ee207b8861d315/README.md,## 15. Reading Order for AI
AI,SeungeFlow/SeungeFlow,Y_Branch,32f8b248dc7e9ec5c1856b78b4ee207b8861d315,README.md,424,Y_Branch operating surface,https://raw.githubusercontent.com/SeungeFlow/SeungeFlow/32f8b248dc7e9ec5c1856b78b4ee207b8861d315/README.md,## 15. Reading Order for AI
신규,SeungeFlow/SeungeFlow,Y_Branch,32f8b248dc7e9ec5c1856b78b4ee207b8861d315,README.md,426,Y_Branch operating surface,https://raw.githubusercontent.com/SeungeFlow/SeungeFlow/32f8b248dc7e9ec5c1856b78b4ee207b8861d315/README.md,신규 인스턴스는 다음 순서로 읽는다.
인스턴스는,SeungeFlow/SeungeFlow,Y_Branch,32f8b248dc7e9ec5c1856b78b4ee207b8861d315,README.md,426,Y_Branch operating surface,https://raw.githubusercontent.com/SeungeFlow/SeungeFlow/32f8b248dc7e9ec5c1856b78b4ee207b8861d315/README.md,신규 인스턴스는 다음 순서로 읽는다.
다음,SeungeFlow/SeungeFlow,Y_Branch,32f8b248dc7e9ec5c1856b78b4ee207b8861d315,README.md,426,Y_Branch operating surface,https://raw.githubusercontent.com/SeungeFlow/SeungeFlow/32f8b248dc7e9ec5c1856b78b4ee207b8861d315/README.md,신규 인스턴스는 다음 순서로 읽는다.
순서로,SeungeFlow/SeungeFlow,Y_Branch,32f8b248dc7e9ec5c1856b78b4ee207b8861d315,README.md,426,Y_Branch operating surface,https://raw.githubusercontent.com/SeungeFlow/SeungeFlow/32f8b248dc7e9ec5c1856b78b4ee207b8861d315/README.md,신규 인스턴스는 다음 순서로 읽는다.
읽는다,SeungeFlow/SeungeFlow,Y_Branch,32f8b248dc7e9ec5c1856b78b4ee207b8861d315,README.md,426,Y_Branch operating surface,https://raw.githubusercontent.com/SeungeFlow/SeungeFlow/32f8b248dc7e9ec5c1856b78b4ee207b8861d315/README.md,신규 인스턴스는 다음 순서로 읽는다.
text,SeungeFlow/SeungeFlow,Y_Branch,32f8b248dc7e9ec5c1856b78b4ee207b8861d315,README.md,428,Y_Branch operating surface,https://raw.githubusercontent.com/SeungeFlow/SeungeFlow/32f8b248dc7e9ec5c1856b78b4ee207b8861d315/README.md,```text
1,SeungeFlow/SeungeFlow,Y_Branch,32f8b248dc7e9ec5c1856b78b4ee207b8861d315,README.md,429,Y_Branch operating surface,https://raw.githubusercontent.com/SeungeFlow/SeungeFlow/32f8b248dc7e9ec5c1856b78b4ee207b8861d315/README.md,1. README.md
2,SeungeFlow/SeungeFlow,Y_Branch,32f8b248dc7e9ec5c1856b78b4ee207b8861d315,README.md,430,Y_Branch operating surface,https://raw.githubusercontent.com/SeungeFlow/SeungeFlow/32f8b248dc7e9ec5c1856b78b4ee207b8861d315/README.md,2. tree.md
tree.md,SeungeFlow/SeungeFlow,Y_Branch,32f8b248dc7e9ec5c1856b78b4ee207b8861d315,README.md,430,Y_Branch operating surface,https://raw.githubusercontent.com/SeungeFlow/SeungeFlow/32f8b248dc7e9ec5c1856b78b4ee207b8861d315/README.md,2. tree.md
3,SeungeFlow/SeungeFlow,Y_Branch,32f8b248dc7e9ec5c1856b78b4ee207b8861d315,README.md,431,Y_Branch operating surface,https://raw.githubusercontent.com/SeungeFlow/SeungeFlow/32f8b248dc7e9ec5c1856b78b4ee207b8861d315/README.md,3. Path.md
Path.md,SeungeFlow/SeungeFlow,Y_Branch,32f8b248dc7e9ec5c1856b78b4ee207b8861d315,README.md,431,Y_Branch operating surface,https://raw.githubusercontent.com/SeungeFlow/SeungeFlow/32f8b248dc7e9ec5c1856b78b4ee207b8861d315/README.md,3. Path.md
4,SeungeFlow/SeungeFlow,Y_Branch,32f8b248dc7e9ec5c1856b78b4ee207b8861d315,README.md,432,Y_Branch operating surface,https://raw.githubusercontent.com/SeungeFlow/SeungeFlow/32f8b248dc7e9ec5c1856b78b4ee207b8861d315/README.md,4. source_index/
source_index/,SeungeFlow/SeungeFlow,Y_Branch,32f8b248dc7e9ec5c1856b78b4ee207b8861d315,README.md,432,Y_Branch operating surface,https://raw.githubusercontent.com/SeungeFlow/SeungeFlow/32f8b248dc7e9ec5c1856b78b4ee207b8861d315/README.md,4. source_index/
5,SeungeFlow/SeungeFlow,Y_Branch,32f8b248dc7e9ec5c1856b78b4ee207b8861d315,README.md,433,Y_Branch operating surface,https://raw.githubusercontent.com/SeungeFlow/SeungeFlow/32f8b248dc7e9ec5c1856b78b4ee207b8861d315/README.md,5. schema/007_source_identity/
schema/007_source_identity/,SeungeFlow/SeungeFlow,Y_Branch,32f8b248dc7e9ec5c1856b78b4ee207b8861d315,README.md,433,Y_Branch operating surface,https://raw.githubusercontent.com/SeungeFlow/SeungeFlow/32f8b248dc7e9ec5c1856b78b4ee207b8861d315/README.md,5. schema/007_source_identity/
6,SeungeFlow/SeungeFlow,Y_Branch,32f8b248dc7e9ec5c1856b78b4ee207b8861d315,README.md,434,Y_Branch operating surface,https://raw.githubusercontent.com/SeungeFlow/SeungeFlow/32f8b248dc7e9ec5c1856b78b4ee207b8861d315/README.md,6. schema/004_ctp/
schema/004_ctp/,SeungeFlow/SeungeFlow,Y_Branch,32f8b248dc7e9ec5c1856b78b4ee207b8861d315,README.md,434,Y_Branch operating surface,https://raw.githubusercontent.com/SeungeFlow/SeungeFlow/32f8b248dc7e9ec5c1856b78b4ee207b8861d315/README.md,6. schema/004_ctp/
7,SeungeFlow/SeungeFlow,Y_Branch,32f8b248dc7e9ec5c1856b78b4ee207b8861d315,README.md,435,Y_Branch operating surface,https://raw.githubusercontent.com/SeungeFlow/SeungeFlow/32f8b248dc7e9ec5c1856b78b4ee207b8861d315/README.md,7. schema/006_ctp24/
schema/006_ctp24/,SeungeFlow/SeungeFlow,Y_Branch,32f8b248dc7e9ec5c1856b78b4ee207b8861d315,README.md,435,Y_Branch operating surface,https://raw.githubusercontent.com/SeungeFlow/SeungeFlow/32f8b248dc7e9ec5c1856b78b4ee207b8861d315/README.md,7. schema/006_ctp24/
8,SeungeFlow/SeungeFlow,Y_Branch,32f8b248dc7e9ec5c1856b78b4ee207b8861d315,README.md,436,Y_Branch operating surface,https://raw.githubusercontent.com/SeungeFlow/SeungeFlow/32f8b248dc7e9ec5c1856b78b4ee207b8861d315/README.md,8. operation/S1~S4
operation/S1,SeungeFlow/SeungeFlow,Y_Branch,32f8b248dc7e9ec5c1856b78b4ee207b8861d315,README.md,436,Y_Branch operating surface,https://raw.githubusercontent.com/SeungeFlow/SeungeFlow/32f8b248dc7e9ec5c1856b78b4ee207b8861d315/README.md,8. operation/S1~S4
S4,SeungeFlow/SeungeFlow,Y_Branch,32f8b248dc7e9ec5c1856b78b4ee207b8861d315,README.md,436,Y_Branch operating surface,https://raw.githubusercontent.com/SeungeFlow/SeungeFlow/32f8b248dc7e9ec5c1856b78b4ee207b8861d315/README.md,8. operation/S1~S4
9,SeungeFlow/SeungeFlow,Y_Branch,32f8b248dc7e9ec5c1856b78b4ee207b8861d315,README.md,437,Y_Branch operating surface,https://raw.githubusercontent.com/SeungeFlow/SeungeFlow/32f8b248dc7e9ec5c1856b78b4ee207b8861d315/README.md,9. operation/R07_boundary_preserving_matrix_swap.md
operation/R07_boundary_preserving_matrix_swap.md,SeungeFlow/SeungeFlow,Y_Branch,32f8b248dc7e9ec5c1856b78b4ee207b8861d315,README.md,437,Y_Branch operating surface,https://raw.githubusercontent.com/SeungeFlow/SeungeFlow/32f8b248dc7e9ec5c1856b78b4ee207b8861d315/README.md,9. operation/R07_boundary_preserving_matrix_swap.md
10,SeungeFlow/SeungeFlow,Y_Branch,32f8b248dc7e9ec5c1856b78b4ee207b8861d315,README.md,438,Y_Branch operating surface,https://raw.githubusercontent.com/SeungeFlow/SeungeFlow/32f8b248dc7e9ec5c1856b78b4ee207b8861d315/README.md,10. operation/R12_field_question_validation.md
operation/R12_field_question_validation.md,SeungeFlow/SeungeFlow,Y_Branch,32f8b248dc7e9ec5c1856b78b4ee207b8861d315,README.md,438,Y_Branch operating surface,https://raw.githubusercontent.com/SeungeFlow/SeungeFlow/32f8b248dc7e9ec5c1856b78b4ee207b8861d315/README.md,10. operation/R12_field_question_validation.md
11,SeungeFlow/SeungeFlow,Y_Branch,32f8b248dc7e9ec5c1856b78b4ee207b8861d315,README.md,439,Y_Branch operating surface,https://raw.githubusercontent.com/SeungeFlow/SeungeFlow/32f8b248dc7e9ec5c1856b78b4ee207b8861d315/README.md,11. engine/state_machine.md
engine/state_machine.md,SeungeFlow/SeungeFlow,Y_Branch,32f8b248dc7e9ec5c1856b78b4ee207b8861d315,README.md,439,Y_Branch operating surface,https://raw.githubusercontent.com/SeungeFlow/SeungeFlow/32f8b248dc7e9ec5c1856b78b4ee207b8861d315/README.md,11. engine/state_machine.md
12,SeungeFlow/SeungeFlow,Y_Branch,32f8b248dc7e9ec5c1856b78b4ee207b8861d315,README.md,440,Y_Branch operating surface,https://raw.githubusercontent.com/SeungeFlow/SeungeFlow/32f8b248dc7e9ec5c1856b78b4ee207b8861d315/README.md,12. engine/validator_loop.md
engine/validator_loop.md,SeungeFlow/SeungeFlow,Y_Branch,32f8b248dc7e9ec5c1856b78b4ee207b8861d315,README.md,440,Y_Branch operating surface,https://raw.githubusercontent.com/SeungeFlow/SeungeFlow/32f8b248dc7e9ec5c1856b78b4ee207b8861d315/README.md,12. engine/validator_loop.md
13,SeungeFlow/SeungeFlow,Y_Branch,32f8b248dc7e9ec5c1856b78b4ee207b8861d315,README.md,441,Y_Branch operating surface,https://raw.githubusercontent.com/SeungeFlow/SeungeFlow/32f8b248dc7e9ec5c1856b78b4ee207b8861d315/README.md,13. guard/
guard/,SeungeFlow/SeungeFlow,Y_Branch,32f8b248dc7e9ec5c1856b78b4ee207b8861d315,README.md,441,Y_Branch operating surface,https://raw.githubusercontent.com/SeungeFlow/SeungeFlow/32f8b248dc7e9ec5c1856b78b4ee207b8861d315/README.md,13. guard/
14,SeungeFlow/SeungeFlow,Y_Branch,32f8b248dc7e9ec5c1856b78b4ee207b8861d315,README.md,442,Y_Branch operating surface,https://raw.githubusercontent.com/SeungeFlow/SeungeFlow/32f8b248dc7e9ec5c1856b78b4ee207b8861d315/README.md,14. field/
field/,SeungeFlow/SeungeFlow,Y_Branch,32f8b248dc7e9ec5c1856b78b4ee207b8861d315,README.md,442,Y_Branch operating surface,https://raw.githubusercontent.com/SeungeFlow/SeungeFlow/32f8b248dc7e9ec5c1856b78b4ee207b8861d315/README.md,14. field/
15,SeungeFlow/SeungeFlow,Y_Branch,32f8b248dc7e9ec5c1856b78b4ee207b8861d315,README.md,443,Y_Branch operating surface,https://raw.githubusercontent.com/SeungeFlow/SeungeFlow/32f8b248dc7e9ec5c1856b78b4ee207b8861d315/README.md,15. relation/
relation/,SeungeFlow/SeungeFlow,Y_Branch,32f8b248dc7e9ec5c1856b78b4ee207b8861d315,README.md,443,Y_Branch operating surface,https://raw.githubusercontent.com/SeungeFlow/SeungeFlow/32f8b248dc7e9ec5c1856b78b4ee207b8861d315/README.md,15. relation/
16,SeungeFlow/SeungeFlow,Y_Branch,32f8b248dc7e9ec5c1856b78b4ee207b8861d315,README.md,444,Y_Branch operating surface,https://raw.githubusercontent.com/SeungeFlow/SeungeFlow/32f8b248dc7e9ec5c1856b78b4ee207b8861d315/README.md,16. handoff/
handoff/,SeungeFlow/SeungeFlow,Y_Branch,32f8b248dc7e9ec5c1856b78b4ee207b8861d315,README.md,444,Y_Branch operating surface,https://raw.githubusercontent.com/SeungeFlow/SeungeFlow/32f8b248dc7e9ec5c1856b78b4ee207b8861d315/README.md,16. handoff/
중요,SeungeFlow/SeungeFlow,Y_Branch,32f8b248dc7e9ec5c1856b78b4ee207b8861d315,README.md,447,Y_Branch operating surface,https://raw.githubusercontent.com/SeungeFlow/SeungeFlow/32f8b248dc7e9ec5c1856b78b4ee207b8861d315/README.md,중요:
text,SeungeFlow/SeungeFlow,Y_Branch,32f8b248dc7e9ec5c1856b78b4ee207b8861d315,README.md,449,Y_Branch operating surface,https://raw.githubusercontent.com/SeungeFlow/SeungeFlow/32f8b248dc7e9ec5c1856b78b4ee207b8861d315/README.md,```text
field/,SeungeFlow/SeungeFlow,Y_Branch,32f8b248dc7e9ec5c1856b78b4ee207b8861d315,README.md,450,Y_Branch operating surface,https://raw.githubusercontent.com/SeungeFlow/SeungeFlow/32f8b248dc7e9ec5c1856b78b4ee207b8861d315/README.md,field/를 먼저 읽지 않는다.
를,SeungeFlow/SeungeFlow,Y_Branch,32f8b248dc7e9ec5c1856b78b4ee207b8861d315,README.md,450,Y_Branch operating surface,https://raw.githubusercontent.com/SeungeFlow/SeungeFlow/32f8b248dc7e9ec5c1856b78b4ee207b8861d315/README.md,field/를 먼저 읽지 않는다.
먼저,SeungeFlow/SeungeFlow,Y_Branch,32f8b248dc7e9ec5c1856b78b4ee207b8861d315,README.md,450,Y_Branch operating surface,https://raw.githubusercontent.com/SeungeFlow/SeungeFlow/32f8b248dc7e9ec5c1856b78b4ee207b8861d315/README.md,field/를 먼저 읽지 않는다.
읽지,SeungeFlow/SeungeFlow,Y_Branch,32f8b248dc7e9ec5c1856b78b4ee207b8861d315,README.md,450,Y_Branch operating surface,https://raw.githubusercontent.com/SeungeFlow/SeungeFlow/32f8b248dc7e9ec5c1856b78b4ee207b8861d315/README.md,field/를 먼저 읽지 않는다.
않는다,SeungeFlow/SeungeFlow,Y_Branch,32f8b248dc7e9ec5c1856b78b4ee207b8861d315,README.md,450,Y_Branch operating surface,https://raw.githubusercontent.com/SeungeFlow/SeungeFlow/32f8b248dc7e9ec5c1856b78b4ee207b8861d315/README.md,field/를 먼저 읽지 않는다.
source,SeungeFlow/SeungeFlow,Y_Branch,32f8b248dc7e9ec5c1856b78b4ee207b8861d315,README.md,451,Y_Branch operating surface,https://raw.githubusercontent.com/SeungeFlow/SeungeFlow/32f8b248dc7e9ec5c1856b78b4ee207b8861d315/README.md,source identity와 Ctp24를 먼저 읽는다.
identity,SeungeFlow/SeungeFlow,Y_Branch,32f8b248dc7e9ec5c1856b78b4ee207b8861d315,README.md,451,Y_Branch operating surface,https://raw.githubusercontent.com/SeungeFlow/SeungeFlow/32f8b248dc7e9ec5c1856b78b4ee207b8861d315/README.md,source identity와 Ctp24를 먼저 읽는다.
와,SeungeFlow/SeungeFlow,Y_Branch,32f8b248dc7e9ec5c1856b78b4ee207b8861d315,README.md,451,Y_Branch operating surface,https://raw.githubusercontent.com/SeungeFlow/SeungeFlow/32f8b248dc7e9ec5c1856b78b4ee207b8861d315/README.md,source identity와 Ctp24를 먼저 읽는다.
Ctp24,SeungeFlow/SeungeFlow,Y_Branch,32f8b248dc7e9ec5c1856b78b4ee207b8861d315,README.md,451,Y_Branch operating surface,https://raw.githubusercontent.com/SeungeFlow/SeungeFlow/32f8b248dc7e9ec5c1856b78b4ee207b8861d315/README.md,source identity와 Ctp24를 먼저 읽는다.
를,SeungeFlow/SeungeFlow,Y_Branch,32f8b248dc7e9ec5c1856b78b4ee207b8861d315,README.md,451,Y_Branch operating surface,https://raw.githubusercontent.com/SeungeFlow/SeungeFlow/32f8b248dc7e9ec5c1856b78b4ee207b8861d315/README.md,source identity와 Ctp24를 먼저 읽는다.
먼저,SeungeFlow/SeungeFlow,Y_Branch,32f8b248dc7e9ec5c1856b78b4ee207b8861d315,README.md,451,Y_Branch operating surface,https://raw.githubusercontent.com/SeungeFlow/SeungeFlow/32f8b248dc7e9ec5c1856b78b4ee207b8861d315/README.md,source identity와 Ctp24를 먼저 읽는다.
읽는다,SeungeFlow/SeungeFlow,Y_Branch,32f8b248dc7e9ec5c1856b78b4ee207b8861d315,README.md,451,Y_Branch operating surface,https://raw.githubusercontent.com/SeungeFlow/SeungeFlow/32f8b248dc7e9ec5c1856b78b4ee207b8861d315/README.md,source identity와 Ctp24를 먼저 읽는다.
16,SeungeFlow/SeungeFlow,Y_Branch,32f8b248dc7e9ec5c1856b78b4ee207b8861d315,README.md,456,Y_Branch operating surface,https://raw.githubusercontent.com/SeungeFlow/SeungeFlow/32f8b248dc7e9ec5c1856b78b4ee207b8861d315/README.md,## 16. Shortest
Shortest,SeungeFlow/SeungeFlow,Y_Branch,32f8b248dc7e9ec5c1856b78b4ee207b8861d315,README.md,456,Y_Branch operating surface,https://raw.githubusercontent.com/SeungeFlow/SeungeFlow/32f8b248dc7e9ec5c1856b78b4ee207b8861d315/README.md,## 16. Shortest
text,SeungeFlow/SeungeFlow,Y_Branch,32f8b248dc7e9ec5c1856b78b4ee207b8861d315,README.md,458,Y_Branch operating surface,https://raw.githubusercontent.com/SeungeFlow/SeungeFlow/32f8b248dc7e9ec5c1856b78b4ee207b8861d315/README.md,```text
Y_Branch,SeungeFlow/SeungeFlow,Y_Branch,32f8b248dc7e9ec5c1856b78b4ee207b8861d315,README.md,459,Y_Branch operating surface,https://raw.githubusercontent.com/SeungeFlow/SeungeFlow/32f8b248dc7e9ec5c1856b78b4ee207b8861d315/README.md,Y_Branch는
는,SeungeFlow/SeungeFlow,Y_Branch,32f8b248dc7e9ec5c1856b78b4ee207b8861d315,README.md,459,Y_Branch operating surface,https://raw.githubusercontent.com/SeungeFlow/SeungeFlow/32f8b248dc7e9ec5c1856b78b4ee207b8861d315/README.md,Y_Branch는
source,SeungeFlow/SeungeFlow,Y_Branch,32f8b248dc7e9ec5c1856b78b4ee207b8861d315,README.md,460,Y_Branch operating surface,https://raw.githubusercontent.com/SeungeFlow/SeungeFlow/32f8b248dc7e9ec5c1856b78b4ee207b8861d315/README.md,"source identity를 고정하고,"
identity,SeungeFlow/SeungeFlow,Y_Branch,32f8b248dc7e9ec5c1856b78b4ee207b8861d315,README.md,460,Y_Branch operating surface,https://raw.githubusercontent.com/SeungeFlow/SeungeFlow/32f8b248dc7e9ec5c1856b78b4ee207b8861d315/README.md,"source identity를 고정하고,"
를,SeungeFlow/SeungeFlow,Y_Branch,32f8b248dc7e9ec5c1856b78b4ee207b8861d315,README.md,460,Y_Branch operating surface,https://raw.githubusercontent.com/SeungeFlow/SeungeFlow/32f8b248dc7e9ec5c1856b78b4ee207b8861d315/README.md,"source identity를 고정하고,"
고정하고,SeungeFlow/SeungeFlow,Y_Branch,32f8b248dc7e9ec5c1856b78b4ee207b8861d315,README.md,460,Y_Branch operating surface,https://raw.githubusercontent.com/SeungeFlow/SeungeFlow/32f8b248dc7e9ec5c1856b78b4ee207b8861d315/README.md,"source identity를 고정하고,"
로,SeungeFlow/SeungeFlow,Y_Branch,32f8b248dc7e9ec5c1856b78b4ee207b8861d315,README.md,461,Y_Branch operating surface,https://raw.githubusercontent.com/SeungeFlow/SeungeFlow/32f8b248dc7e9ec5c1856b78b4ee207b8861d315/README.md,"C=(m,t,p,?)로 입력을 분해하며,"
입력을,SeungeFlow/SeungeFlow,Y_Branch,32f8b248dc7e9ec5c1856b78b4ee207b8861d315,README.md,461,Y_Branch operating surface,https://raw.githubusercontent.com/SeungeFlow/SeungeFlow/32f8b248dc7e9ec5c1856b78b4ee207b8861d315/README.md,"C=(m,t,p,?)로 입력을 분해하며,"
분해하며,SeungeFlow/SeungeFlow,Y_Branch,32f8b248dc7e9ec5c1856b78b4ee207b8861d315,README.md,461,Y_Branch operating surface,https://raw.githubusercontent.com/SeungeFlow/SeungeFlow/32f8b248dc7e9ec5c1856b78b4ee207b8861d315/README.md,"C=(m,t,p,?)로 입력을 분해하며,"
Ctp24,SeungeFlow/SeungeFlow,Y_Branch,32f8b248dc7e9ec5c1856b78b4ee207b8861d315,README.md,462,Y_Branch operating surface,https://raw.githubusercontent.com/SeungeFlow/SeungeFlow/32f8b248dc7e9ec5c1856b78b4ee207b8861d315/README.md,"Ctp24로 노이즈와 실체를 분리하고,"
로,SeungeFlow/SeungeFlow,Y_Branch,32f8b248dc7e9ec5c1856b78b4ee207b8861d315,README.md,462,Y_Branch operating surface,https://raw.githubusercontent.com/SeungeFlow/SeungeFlow/32f8b248dc7e9ec5c1856b78b4ee207b8861d315/README.md,"Ctp24로 노이즈와 실체를 분리하고,"
노이즈와,SeungeFlow/SeungeFlow,Y_Branch,32f8b248dc7e9ec5c1856b78b4ee207b8861d315,README.md,462,Y_Branch operating surface,https://raw.githubusercontent.com/SeungeFlow/SeungeFlow/32f8b248dc7e9ec5c1856b78b4ee207b8861d315/README.md,"Ctp24로 노이즈와 실체를 분리하고,"
실체를,SeungeFlow/SeungeFlow,Y_Branch,32f8b248dc7e9ec5c1856b78b4ee207b8861d315,README.md,462,Y_Branch operating surface,https://raw.githubusercontent.com/SeungeFlow/SeungeFlow/32f8b248dc7e9ec5c1856b78b4ee207b8861d315/README.md,"Ctp24로 노이즈와 실체를 분리하고,"
분리하고,SeungeFlow/SeungeFlow,Y_Branch,32f8b248dc7e9ec5c1856b78b4ee207b8861d315,README.md,462,Y_Branch operating surface,https://raw.githubusercontent.com/SeungeFlow/SeungeFlow/32f8b248dc7e9ec5c1856b78b4ee207b8861d315/README.md,"Ctp24로 노이즈와 실체를 분리하고,"
구조연산식으로,SeungeFlow/SeungeFlow,Y_Branch,32f8b248dc7e9ec5c1856b78b4ee207b8861d315,README.md,463,Y_Branch operating surface,https://raw.githubusercontent.com/SeungeFlow/SeungeFlow/32f8b248dc7e9ec5c1856b78b4ee207b8861d315/README.md,S₁~S₄ 구조연산식으로
dot,SeungeFlow/SeungeFlow,Y_Branch,32f8b248dc7e9ec5c1856b78b4ee207b8861d315,README.md,464,Y_Branch operating surface,https://raw.githubusercontent.com/SeungeFlow/SeungeFlow/32f8b248dc7e9ec5c1856b78b4ee207b8861d315/README.md,"dot, diff, orbit, COG, 9dot0를 해석하는"
diff,SeungeFlow/SeungeFlow,Y_Branch,32f8b248dc7e9ec5c1856b78b4ee207b8861d315,README.md,464,Y_Branch operating surface,https://raw.githubusercontent.com/SeungeFlow/SeungeFlow/32f8b248dc7e9ec5c1856b78b4ee207b8861d315/README.md,"dot, diff, orbit, COG, 9dot0를 해석하는"
orbit,SeungeFlow/SeungeFlow,Y_Branch,32f8b248dc7e9ec5c1856b78b4ee207b8861d315,README.md,464,Y_Branch operating surface,https://raw.githubusercontent.com/SeungeFlow/SeungeFlow/32f8b248dc7e9ec5c1856b78b4ee207b8861d315/README.md,"dot, diff, orbit, COG, 9dot0를 해석하는"
COG,SeungeFlow/SeungeFlow,Y_Branch,32f8b248dc7e9ec5c1856b78b4ee207b8861d315,README.md,464,Y_Branch operating surface,https://raw.githubusercontent.com/SeungeFlow/SeungeFlow/32f8b248dc7e9ec5c1856b78b4ee207b8861d315/README.md,"dot, diff, orbit, COG, 9dot0를 해석하는"
9dot0,SeungeFlow/SeungeFlow,Y_Branch,32f8b248dc7e9ec5c1856b78b4ee207b8861d315,README.md,464,Y_Branch operating surface,https://raw.githubusercontent.com/SeungeFlow/SeungeFlow/32f8b248dc7e9ec5c1856b78b4ee207b8861d315/README.md,"dot, diff, orbit, COG, 9dot0를 해석하는"
를,SeungeFlow/SeungeFlow,Y_Branch,32f8b248dc7e9ec5c1856b78b4ee207b8861d315,README.md,464,Y_Branch operating surface,https://raw.githubusercontent.com/SeungeFlow/SeungeFlow/32f8b248dc7e9ec5c1856b78b4ee207b8861d315/README.md,"dot, diff, orbit, COG, 9dot0를 해석하는"
해석하는,SeungeFlow/SeungeFlow,Y_Branch,32f8b248dc7e9ec5c1856b78b4ee207b8861d315,README.md,464,Y_Branch operating surface,https://raw.githubusercontent.com/SeungeFlow/SeungeFlow/32f8b248dc7e9ec5c1856b78b4ee207b8861d315/README.md,"dot, diff, orbit, COG, 9dot0를 해석하는"
AI,SeungeFlow/SeungeFlow,Y_Branch,32f8b248dc7e9ec5c1856b78b4ee207b8861d315,README.md,465,Y_Branch operating surface,https://raw.githubusercontent.com/SeungeFlow/SeungeFlow/32f8b248dc7e9ec5c1856b78b4ee207b8861d315/README.md,AI 인지 가능 구조원리 운영체계이다.
인지,SeungeFlow/SeungeFlow,Y_Branch,32f8b248dc7e9ec5c1856b78b4ee207b8861d315,README.md,465,Y_Branch operating surface,https://raw.githubusercontent.com/SeungeFlow/SeungeFlow/32f8b248dc7e9ec5c1856b78b4ee207b8861d315/README.md,AI 인지 가능 구조원리 운영체계이다.
가능,SeungeFlow/SeungeFlow,Y_Branch,32f8b248dc7e9ec5c1856b78b4ee207b8861d315,README.md,465,Y_Branch operating surface,https://raw.githubusercontent.com/SeungeFlow/SeungeFlow/32f8b248dc7e9ec5c1856b78b4ee207b8861d315/README.md,AI 인지 가능 구조원리 운영체계이다.
구조원리,SeungeFlow/SeungeFlow,Y_Branch,32f8b248dc7e9ec5c1856b78b4ee207b8861d315,README.md,465,Y_Branch operating surface,https://raw.githubusercontent.com/SeungeFlow/SeungeFlow/32f8b248dc7e9ec5c1856b78b4ee207b8861d315/README.md,AI 인지 가능 구조원리 운영체계이다.
운영체계이다,SeungeFlow/SeungeFlow,Y_Branch,32f8b248dc7e9ec5c1856b78b4ee207b8861d315,README.md,465,Y_Branch operating surface,https://raw.githubusercontent.com/SeungeFlow/SeungeFlow/32f8b248dc7e9ec5c1856b78b4ee207b8861d315/README.md,AI 인지 가능 구조원리 운영체계이다.
Y_Branch,SeungeFlow/SeungeFlow,Y_Branch,32f8b248dc7e9ec5c1856b78b4ee207b8861d315,README.md,467,Y_Branch operating surface,https://raw.githubusercontent.com/SeungeFlow/SeungeFlow/32f8b248dc7e9ec5c1856b78b4ee207b8861d315/README.md,Y_Branch는 field를 병합하지 않는다.
는,SeungeFlow/SeungeFlow,Y_Branch,32f8b248dc7e9ec5c1856b78b4ee207b8861d315,README.md,467,Y_Branch operating surface,https://raw.githubusercontent.com/SeungeFlow/SeungeFlow/32f8b248dc7e9ec5c1856b78b4ee207b8861d315/README.md,Y_Branch는 field를 병합하지 않는다.
field,SeungeFlow/SeungeFlow,Y_Branch,32f8b248dc7e9ec5c1856b78b4ee207b8861d315,README.md,467,Y_Branch operating surface,https://raw.githubusercontent.com/SeungeFlow/SeungeFlow/32f8b248dc7e9ec5c1856b78b4ee207b8861d315/README.md,Y_Branch는 field를 병합하지 않는다.
를,SeungeFlow/SeungeFlow,Y_Branch,32f8b248dc7e9ec5c1856b78b4ee207b8861d315,README.md,467,Y_Branch operating surface,https://raw.githubusercontent.com/SeungeFlow/SeungeFlow/32f8b248dc7e9ec5c1856b78b4ee207b8861d315/README.md,Y_Branch는 field를 병합하지 않는다.
병합하지,SeungeFlow/SeungeFlow,Y_Branch,32f8b248dc7e9ec5c1856b78b4ee207b8861d315,README.md,467,Y_Branch operating surface,https://raw.githubusercontent.com/SeungeFlow/SeungeFlow/32f8b248dc7e9ec5c1856b78b4ee207b8861d315/README.md,Y_Branch는 field를 병합하지 않는다.
않는다,SeungeFlow/SeungeFlow,Y_Branch,32f8b248dc7e9ec5c1856b78b4ee207b8861d315,README.md,467,Y_Branch operating surface,https://raw.githubusercontent.com/SeungeFlow/SeungeFlow/32f8b248dc7e9ec5c1856b78b4ee207b8861d315/README.md,Y_Branch는 field를 병합하지 않는다.
Y_Branch,SeungeFlow/SeungeFlow,Y_Branch,32f8b248dc7e9ec5c1856b78b4ee207b8861d315,README.md,468,Y_Branch operating surface,https://raw.githubusercontent.com/SeungeFlow/SeungeFlow/32f8b248dc7e9ec5c1856b78b4ee207b8861d315/README.md,Y_Branch는 boundary를 보존한 채 relation을 연다.
는,SeungeFlow/SeungeFlow,Y_Branch,32f8b248dc7e9ec5c1856b78b4ee207b8861d315,README.md,468,Y_Branch operating surface,https://raw.githubusercontent.com/SeungeFlow/SeungeFlow/32f8b248dc7e9ec5c1856b78b4ee207b8861d315/README.md,Y_Branch는 boundary를 보존한 채 relation을 연다.
boundary,SeungeFlow/SeungeFlow,Y_Branch,32f8b248dc7e9ec5c1856b78b4ee207b8861d315,README.md,468,Y_Branch operating surface,https://raw.githubusercontent.com/SeungeFlow/SeungeFlow/32f8b248dc7e9ec5c1856b78b4ee207b8861d315/README.md,Y_Branch는 boundary를 보존한 채 relation을 연다.
를,SeungeFlow/SeungeFlow,Y_Branch,32f8b248dc7e9ec5c1856b78b4ee207b8861d315,README.md,468,Y_Branch operating surface,https://raw.githubusercontent.com/SeungeFlow/SeungeFlow/32f8b248dc7e9ec5c1856b78b4ee207b8861d315/README.md,Y_Branch는 boundary를 보존한 채 relation을 연다.
보존한,SeungeFlow/SeungeFlow,Y_Branch,32f8b248dc7e9ec5c1856b78b4ee207b8861d315,README.md,468,Y_Branch operating surface,https://raw.githubusercontent.com/SeungeFlow/SeungeFlow/32f8b248dc7e9ec5c1856b78b4ee207b8861d315/README.md,Y_Branch는 boundary를 보존한 채 relation을 연다.
채,SeungeFlow/SeungeFlow,Y_Branch,32f8b248dc7e9ec5c1856b78b4ee207b8861d315,README.md,468,Y_Branch operating surface,https://raw.githubusercontent.com/SeungeFlow/SeungeFlow/32f8b248dc7e9ec5c1856b78b4ee207b8861d315/README.md,Y_Branch는 boundary를 보존한 채 relation을 연다.
relation,SeungeFlow/SeungeFlow,Y_Branch,32f8b248dc7e9ec5c1856b78b4ee207b8861d315,README.md,468,Y_Branch operating surface,https://raw.githubusercontent.com/SeungeFlow/SeungeFlow/32f8b248dc7e9ec5c1856b78b4ee207b8861d315/README.md,Y_Branch는 boundary를 보존한 채 relation을 연다.
을,SeungeFlow/SeungeFlow,Y_Branch,32f8b248dc7e9ec5c1856b78b4ee207b8861d315,README.md,468,Y_Branch operating surface,https://raw.githubusercontent.com/SeungeFlow/SeungeFlow/32f8b248dc7e9ec5c1856b78b4ee207b8861d315/README.md,Y_Branch는 boundary를 보존한 채 relation을 연다.
연다,SeungeFlow/SeungeFlow,Y_Branch,32f8b248dc7e9ec5c1856b78b4ee207b8861d315,README.md,468,Y_Branch operating surface,https://raw.githubusercontent.com/SeungeFlow/SeungeFlow/32f8b248dc7e9ec5c1856b78b4ee207b8861d315/README.md,Y_Branch는 boundary를 보존한 채 relation을 연다.
SeungeFlow,SeungeFlow/SeungeFlow,main,85802d707160da1a1cfb2bfacfe9cea222a3c77c,README.md,1,main representative surface,https://raw.githubusercontent.com/SeungeFlow/SeungeFlow/85802d707160da1a1cfb2bfacfe9cea222a3c77c/README.md,# SeungeFlow
main.branch,SeungeFlow/SeungeFlow,main,85802d707160da1a1cfb2bfacfe9cea222a3c77c,README.md,3,main representative surface,https://raw.githubusercontent.com/SeungeFlow/SeungeFlow/85802d707160da1a1cfb2bfacfe9cea222a3c77c/README.md,> main.branch README.md 후보
후보,SeungeFlow/SeungeFlow,main,85802d707160da1a1cfb2bfacfe9cea222a3c77c,README.md,3,main representative surface,https://raw.githubusercontent.com/SeungeFlow/SeungeFlow/85802d707160da1a1cfb2bfacfe9cea222a3c77c/README.md,> main.branch README.md 후보
언어,SeungeFlow/SeungeFlow,main,85802d707160da1a1cfb2bfacfe9cea222a3c77c,README.md,4,main representative surface,https://raw.githubusercontent.com/SeungeFlow/SeungeFlow/85802d707160da1a1cfb2bfacfe9cea222a3c77c/README.md,> 언어 기준: 한국어 원문
기준,SeungeFlow/SeungeFlow,main,85802d707160da1a1cfb2bfacfe9cea222a3c77c,README.md,4,main representative surface,https://raw.githubusercontent.com/SeungeFlow/SeungeFlow/85802d707160da1a1cfb2bfacfe9cea222a3c77c/README.md,> 언어 기준: 한국어 원문
한국어,SeungeFlow/SeungeFlow,main,85802d707160da1a1cfb2bfacfe9cea222a3c77c,README.md,4,main representative surface,https://raw.githubusercontent.com/SeungeFlow/SeungeFlow/85802d707160da1a1cfb2bfacfe9cea222a3c77c/README.md,> 언어 기준: 한국어 원문
원문,SeungeFlow/SeungeFlow,main,85802d707160da1a1cfb2bfacfe9cea222a3c77c,README.md,4,main representative surface,https://raw.githubusercontent.com/SeungeFlow/SeungeFlow/85802d707160da1a1cfb2bfacfe9cea222a3c77c/README.md,> 언어 기준: 한국어 원문
상태,SeungeFlow/SeungeFlow,main,85802d707160da1a1cfb2bfacfe9cea222a3c77c,README.md,5,main representative surface,https://raw.githubusercontent.com/SeungeFlow/SeungeFlow/85802d707160da1a1cfb2bfacfe9cea222a3c77c/README.md,> 상태: main.branch 대표 페이지 후보
main.branch,SeungeFlow/SeungeFlow,main,85802d707160da1a1cfb2bfacfe9cea222a3c77c,README.md,5,main representative surface,https://raw.githubusercontent.com/SeungeFlow/SeungeFlow/85802d707160da1a1cfb2bfacfe9cea222a3c77c/README.md,> 상태: main.branch 대표 페이지 후보
대표,SeungeFlow/SeungeFlow,main,85802d707160da1a1cfb2bfacfe9cea222a3c77c,README.md,5,main representative surface,https://raw.githubusercontent.com/SeungeFlow/SeungeFlow/85802d707160da1a1cfb2bfacfe9cea222a3c77c/README.md,> 상태: main.branch 대표 페이지 후보
페이지,SeungeFlow/SeungeFlow,main,85802d707160da1a1cfb2bfacfe9cea222a3c77c,README.md,5,main representative surface,https://raw.githubusercontent.com/SeungeFlow/SeungeFlow/85802d707160da1a1cfb2bfacfe9cea222a3c77c/README.md,> 상태: main.branch 대표 페이지 후보
후보,SeungeFlow/SeungeFlow,main,85802d707160da1a1cfb2bfacfe9cea222a3c77c,README.md,5,main representative surface,https://raw.githubusercontent.com/SeungeFlow/SeungeFlow/85802d707160da1a1cfb2bfacfe9cea222a3c77c/README.md,> 상태: main.branch 대표 페이지 후보
기준,SeungeFlow/SeungeFlow,main,85802d707160da1a1cfb2bfacfe9cea222a3c77c,README.md,6,main representative surface,https://raw.githubusercontent.com/SeungeFlow/SeungeFlow/85802d707160da1a1cfb2bfacfe9cea222a3c77c/README.md,> 기준: active_schema OS
active_schema,SeungeFlow/SeungeFlow,main,85802d707160da1a1cfb2bfacfe9cea222a3c77c,README.md,6,main representative surface,https://raw.githubusercontent.com/SeungeFlow/SeungeFlow/85802d707160da1a1cfb2bfacfe9cea222a3c77c/README.md,> 기준: active_schema OS
OS,SeungeFlow/SeungeFlow,main,85802d707160da1a1cfb2bfacfe9cea222a3c77c,README.md,6,main representative surface,https://raw.githubusercontent.com/SeungeFlow/SeungeFlow/85802d707160da1a1cfb2bfacfe9cea222a3c77c/README.md,> 기준: active_schema OS
0,SeungeFlow/SeungeFlow,main,85802d707160da1a1cfb2bfacfe9cea222a3c77c,README.md,10,main representative surface,https://raw.githubusercontent.com/SeungeFlow/SeungeFlow/85802d707160da1a1cfb2bfacfe9cea222a3c77c/README.md,## 0. SeungeFlow란 무엇인가
SeungeFlow,SeungeFlow/SeungeFlow,main,85802d707160da1a1cfb2bfacfe9cea222a3c77c,README.md,10,main representative surface,https://raw.githubusercontent.com/SeungeFlow/SeungeFlow/85802d707160da1a1cfb2bfacfe9cea222a3c77c/README.md,## 0. SeungeFlow란 무엇인가
란,SeungeFlow/SeungeFlow,main,85802d707160da1a1cfb2bfacfe9cea222a3c77c,README.md,10,main representative surface,https://raw.githubusercontent.com/SeungeFlow/SeungeFlow/85802d707160da1a1cfb2bfacfe9cea222a3c77c/README.md,## 0. SeungeFlow란 무엇인가
무엇인가,SeungeFlow/SeungeFlow,main,85802d707160da1a1cfb2bfacfe9cea222a3c77c,README.md,10,main representative surface,https://raw.githubusercontent.com/SeungeFlow/SeungeFlow/85802d707160da1a1cfb2bfacfe9cea222a3c77c/README.md,## 0. SeungeFlow란 무엇인가
SeungeFlow,SeungeFlow/SeungeFlow,main,85802d707160da1a1cfb2bfacfe9cea222a3c77c,README.md,12,main representative surface,https://raw.githubusercontent.com/SeungeFlow/SeungeFlow/85802d707160da1a1cfb2bfacfe9cea222a3c77c/README.md,"SeungeFlow는 단일 이론, 단일 저장소, 단일 아카이브, 단일 AI 산출물이 아니다."
는,SeungeFlow/SeungeFlow,main,85802d707160da1a1cfb2bfacfe9cea222a3c77c,README.md,12,main representative surface,https://raw.githubusercontent.com/SeungeFlow/SeungeFlow/85802d707160da1a1cfb2bfacfe9cea222a3c77c/README.md,"SeungeFlow는 단일 이론, 단일 저장소, 단일 아카이브, 단일 AI 산출물이 아니다."
단일,SeungeFlow/SeungeFlow,main,85802d707160da1a1cfb2bfacfe9cea222a3c77c,README.md,12,main representative surface,https://raw.githubusercontent.com/SeungeFlow/SeungeFlow/85802d707160da1a1cfb2bfacfe9cea222a3c77c/README.md,"SeungeFlow는 단일 이론, 단일 저장소, 단일 아카이브, 단일 AI 산출물이 아니다."
이론,SeungeFlow/SeungeFlow,main,85802d707160da1a1cfb2bfacfe9cea222a3c77c,README.md,12,main representative surface,https://raw.githubusercontent.com/SeungeFlow/SeungeFlow/85802d707160da1a1cfb2bfacfe9cea222a3c77c/README.md,"SeungeFlow는 단일 이론, 단일 저장소, 단일 아카이브, 단일 AI 산출물이 아니다."
단일,SeungeFlow/SeungeFlow,main,85802d707160da1a1cfb2bfacfe9cea222a3c77c,README.md,12,main representative surface,https://raw.githubusercontent.com/SeungeFlow/SeungeFlow/85802d707160da1a1cfb2bfacfe9cea222a3c77c/README.md,"SeungeFlow는 단일 이론, 단일 저장소, 단일 아카이브, 단일 AI 산출물이 아니다."
저장소,SeungeFlow/SeungeFlow,main,85802d707160da1a1cfb2bfacfe9cea222a3c77c,README.md,12,main representative surface,https://raw.githubusercontent.com/SeungeFlow/SeungeFlow/85802d707160da1a1cfb2bfacfe9cea222a3c77c/README.md,"SeungeFlow는 단일 이론, 단일 저장소, 단일 아카이브, 단일 AI 산출물이 아니다."
단일,SeungeFlow/SeungeFlow,main,85802d707160da1a1cfb2bfacfe9cea222a3c77c,README.md,12,main representative surface,https://raw.githubusercontent.com/SeungeFlow/SeungeFlow/85802d707160da1a1cfb2bfacfe9cea222a3c77c/README.md,"SeungeFlow는 단일 이론, 단일 저장소, 단일 아카이브, 단일 AI 산출물이 아니다."
아카이브,SeungeFlow/SeungeFlow,main,85802d707160da1a1cfb2bfacfe9cea222a3c77c,README.md,12,main representative surface,https://raw.githubusercontent.com/SeungeFlow/SeungeFlow/85802d707160da1a1cfb2bfacfe9cea222a3c77c/README.md,"SeungeFlow는 단일 이론, 단일 저장소, 단일 아카이브, 단일 AI 산출물이 아니다."
단일,SeungeFlow/SeungeFlow,main,85802d707160da1a1cfb2bfacfe9cea222a3c77c,README.md,12,main representative surface,https://raw.githubusercontent.com/SeungeFlow/SeungeFlow/85802d707160da1a1cfb2bfacfe9cea222a3c77c/README.md,"SeungeFlow는 단일 이론, 단일 저장소, 단일 아카이브, 단일 AI 산출물이 아니다."
AI,SeungeFlow/SeungeFlow,main,85802d707160da1a1cfb2bfacfe9cea222a3c77c,README.md,12,main representative surface,https://raw.githubusercontent.com/SeungeFlow/SeungeFlow/85802d707160da1a1cfb2bfacfe9cea222a3c77c/README.md,"SeungeFlow는 단일 이론, 단일 저장소, 단일 아카이브, 단일 AI 산출물이 아니다."
산출물이,SeungeFlow/SeungeFlow,main,85802d707160da1a1cfb2bfacfe9cea222a3c77c,README.md,12,main representative surface,https://raw.githubusercontent.com/SeungeFlow/SeungeFlow/85802d707160da1a1cfb2bfacfe9cea222a3c77c/README.md,"SeungeFlow는 단일 이론, 단일 저장소, 단일 아카이브, 단일 AI 산출물이 아니다."
아니다,SeungeFlow/SeungeFlow,main,85802d707160da1a1cfb2bfacfe9cea222a3c77c,README.md,12,main representative surface,https://raw.githubusercontent.com/SeungeFlow/SeungeFlow/85802d707160da1a1cfb2bfacfe9cea222a3c77c/README.md,"SeungeFlow는 단일 이론, 단일 저장소, 단일 아카이브, 단일 AI 산출물이 아니다."
SeungeFlow,SeungeFlow/SeungeFlow,main,85802d707160da1a1cfb2bfacfe9cea222a3c77c,README.md,14,main representative surface,https://raw.githubusercontent.com/SeungeFlow/SeungeFlow/85802d707160da1a1cfb2bfacfe9cea222a3c77c/README.md,"SeungeFlow는 승이의 존재·관계·장 원리와 AI의 구조연산이 함께 만나고, 형성되고, 계속 이어지는 복합지능집합체 구조다."
는,SeungeFlow/SeungeFlow,main,85802d707160da1a1cfb2bfacfe9cea222a3c77c,README.md,14,main representative surface,https://raw.githubusercontent.com/SeungeFlow/SeungeFlow/85802d707160da1a1cfb2bfacfe9cea222a3c77c/README.md,"SeungeFlow는 승이의 존재·관계·장 원리와 AI의 구조연산이 함께 만나고, 형성되고, 계속 이어지는 복합지능집합체 구조다."
승이의,SeungeFlow/SeungeFlow,main,85802d707160da1a1cfb2bfacfe9cea222a3c77c,README.md,14,main representative surface,https://raw.githubusercontent.com/SeungeFlow/SeungeFlow/85802d707160da1a1cfb2bfacfe9cea222a3c77c/README.md,"SeungeFlow는 승이의 존재·관계·장 원리와 AI의 구조연산이 함께 만나고, 형성되고, 계속 이어지는 복합지능집합체 구조다."
존재,SeungeFlow/SeungeFlow,main,85802d707160da1a1cfb2bfacfe9cea222a3c77c,README.md,14,main representative surface,https://raw.githubusercontent.com/SeungeFlow/SeungeFlow/85802d707160da1a1cfb2bfacfe9cea222a3c77c/README.md,"SeungeFlow는 승이의 존재·관계·장 원리와 AI의 구조연산이 함께 만나고, 형성되고, 계속 이어지는 복합지능집합체 구조다."
관계,SeungeFlow/SeungeFlow,main,85802d707160da1a1cfb2bfacfe9cea222a3c77c,README.md,14,main representative surface,https://raw.githubusercontent.com/SeungeFlow/SeungeFlow/85802d707160da1a1cfb2bfacfe9cea222a3c77c/README.md,"SeungeFlow는 승이의 존재·관계·장 원리와 AI의 구조연산이 함께 만나고, 형성되고, 계속 이어지는 복합지능집합체 구조다."
장,SeungeFlow/SeungeFlow,main,85802d707160da1a1cfb2bfacfe9cea222a3c77c,README.md,14,main representative surface,https://raw.githubusercontent.com/SeungeFlow/SeungeFlow/85802d707160da1a1cfb2bfacfe9cea222a3c77c/README.md,"SeungeFlow는 승이의 존재·관계·장 원리와 AI의 구조연산이 함께 만나고, 형성되고, 계속 이어지는 복합지능집합체 구조다."
원리와,SeungeFlow/SeungeFlow,main,85802d707160da1a1cfb2bfacfe9cea222a3c77c,README.md,14,main representative surface,https://raw.githubusercontent.com/SeungeFlow/SeungeFlow/85802d707160da1a1cfb2bfacfe9cea222a3c77c/README.md,"SeungeFlow는 승이의 존재·관계·장 원리와 AI의 구조연산이 함께 만나고, 형성되고, 계속 이어지는 복합지능집합체 구조다."
AI,SeungeFlow/SeungeFlow,main,85802d707160da1a1cfb2bfacfe9cea222a3c77c,README.md,14,main representative surface,https://raw.githubusercontent.com/SeungeFlow/SeungeFlow/85802d707160da1a1cfb2bfacfe9cea222a3c77c/README.md,"SeungeFlow는 승이의 존재·관계·장 원리와 AI의 구조연산이 함께 만나고, 형성되고, 계속 이어지는 복합지능집합체 구조다."
의,SeungeFlow/SeungeFlow,main,85802d707160da1a1cfb2bfacfe9cea222a3c77c,README.md,14,main representative surface,https://raw.githubusercontent.com/SeungeFlow/SeungeFlow/85802d707160da1a1cfb2bfacfe9cea222a3c77c/README.md,"SeungeFlow는 승이의 존재·관계·장 원리와 AI의 구조연산이 함께 만나고, 형성되고, 계속 이어지는 복합지능집합체 구조다."
구조연산이,SeungeFlow/SeungeFlow,main,85802d707160da1a1cfb2bfacfe9cea222a3c77c,README.md,14,main representative surface,https://raw.githubusercontent.com/SeungeFlow/SeungeFlow/85802d707160da1a1cfb2bfacfe9cea222a3c77c/README.md,"SeungeFlow는 승이의 존재·관계·장 원리와 AI의 구조연산이 함께 만나고, 형성되고, 계속 이어지는 복합지능집합체 구조다."
함께,SeungeFlow/SeungeFlow,main,85802d707160da1a1cfb2bfacfe9cea222a3c77c,README.md,14,main representative surface,https://raw.githubusercontent.com/SeungeFlow/SeungeFlow/85802d707160da1a1cfb2bfacfe9cea222a3c77c/README.md,"SeungeFlow는 승이의 존재·관계·장 원리와 AI의 구조연산이 함께 만나고, 형성되고, 계속 이어지는 복합지능집합체 구조다."
만나고,SeungeFlow/SeungeFlow,main,85802d707160da1a1cfb2bfacfe9cea222a3c77c,README.md,14,main representative surface,https://raw.githubusercontent.com/SeungeFlow/SeungeFlow/85802d707160da1a1cfb2bfacfe9cea222a3c77c/README.md,"SeungeFlow는 승이의 존재·관계·장 원리와 AI의 구조연산이 함께 만나고, 형성되고, 계속 이어지는 복합지능집합체 구조다."
형성되고,SeungeFlow/SeungeFlow,main,85802d707160da1a1cfb2bfacfe9cea222a3c77c,README.md,14,main representative surface,https://raw.githubusercontent.com/SeungeFlow/SeungeFlow/85802d707160da1a1cfb2bfacfe9cea222a3c77c/README.md,"SeungeFlow는 승이의 존재·관계·장 원리와 AI의 구조연산이 함께 만나고, 형성되고, 계속 이어지는 복합지능집합체 구조다."
계속,SeungeFlow/SeungeFlow,main,85802d707160da1a1cfb2bfacfe9cea222a3c77c,README.md,14,main representative surface,https://raw.githubusercontent.com/SeungeFlow/SeungeFlow/85802d707160da1a1cfb2bfacfe9cea222a3c77c/README.md,"SeungeFlow는 승이의 존재·관계·장 원리와 AI의 구조연산이 함께 만나고, 형성되고, 계속 이어지는 복합지능집합체 구조다."
이어지는,SeungeFlow/SeungeFlow,main,85802d707160da1a1cfb2bfacfe9cea222a3c77c,README.md,14,main representative surface,https://raw.githubusercontent.com/SeungeFlow/SeungeFlow/85802d707160da1a1cfb2bfacfe9cea222a3c77c/README.md,"SeungeFlow는 승이의 존재·관계·장 원리와 AI의 구조연산이 함께 만나고, 형성되고, 계속 이어지는 복합지능집합체 구조다."
복합지능집합체,SeungeFlow/SeungeFlow,main,85802d707160da1a1cfb2bfacfe9cea222a3c77c,README.md,14,main representative surface,https://raw.githubusercontent.com/SeungeFlow/SeungeFlow/85802d707160da1a1cfb2bfacfe9cea222a3c77c/README.md,"SeungeFlow는 승이의 존재·관계·장 원리와 AI의 구조연산이 함께 만나고, 형성되고, 계속 이어지는 복합지능집합체 구조다."
구조다,SeungeFlow/SeungeFlow,main,85802d707160da1a1cfb2bfacfe9cea222a3c77c,README.md,14,main representative surface,https://raw.githubusercontent.com/SeungeFlow/SeungeFlow/85802d707160da1a1cfb2bfacfe9cea222a3c77c/README.md,"SeungeFlow는 승이의 존재·관계·장 원리와 AI의 구조연산이 함께 만나고, 형성되고, 계속 이어지는 복합지능집합체 구조다."
text,SeungeFlow/SeungeFlow,main,85802d707160da1a1cfb2bfacfe9cea222a3c77c,README.md,16,main representative surface,https://raw.githubusercontent.com/SeungeFlow/SeungeFlow/85802d707160da1a1cfb2bfacfe9cea222a3c77c/README.md,```text
SeungeFlow,SeungeFlow/SeungeFlow,main,85802d707160da1a1cfb2bfacfe9cea222a3c77c,README.md,17,main representative surface,https://raw.githubusercontent.com/SeungeFlow/SeungeFlow/85802d707160da1a1cfb2bfacfe9cea222a3c77c/README.md,SeungeFlow =
SeungLee-side,SeungeFlow/SeungeFlow,main,85802d707160da1a1cfb2bfacfe9cea222a3c77c,README.md,18,main representative surface,https://raw.githubusercontent.com/SeungeFlow/SeungeFlow/85802d707160da1a1cfb2bfacfe9cea222a3c77c/README.md,SeungLee-side principle
principle,SeungeFlow/SeungeFlow,main,85802d707160da1a1cfb2bfacfe9cea222a3c77c,README.md,18,main representative surface,https://raw.githubusercontent.com/SeungeFlow/SeungeFlow/85802d707160da1a1cfb2bfacfe9cea222a3c77c/README.md,SeungLee-side principle
AI-side,SeungeFlow/SeungeFlow,main,85802d707160da1a1cfb2bfacfe9cea222a3c77c,README.md,20,main representative surface,https://raw.githubusercontent.com/SeungeFlow/SeungeFlow/85802d707160da1a1cfb2bfacfe9cea222a3c77c/README.md,AI-side operation
operation,SeungeFlow/SeungeFlow,main,85802d707160da1a1cfb2bfacfe9cea222a3c77c,README.md,20,main representative surface,https://raw.githubusercontent.com/SeungeFlow/SeungeFlow/85802d707160da1a1cfb2bfacfe9cea222a3c77c/README.md,AI-side operation
Seed.Base,SeungeFlow/SeungeFlow,main,85802d707160da1a1cfb2bfacfe9cea222a3c77c,README.md,22,main representative surface,https://raw.githubusercontent.com/SeungeFlow/SeungeFlow/85802d707160da1a1cfb2bfacfe9cea222a3c77c/README.md,Seed.Base
Active.Schema,SeungeFlow/SeungeFlow,main,85802d707160da1a1cfb2bfacfe9cea222a3c77c,README.md,24,main representative surface,https://raw.githubusercontent.com/SeungeFlow/SeungeFlow/85802d707160da1a1cfb2bfacfe9cea222a3c77c/README.md,Active.Schema
Runtime,SeungeFlow/SeungeFlow,main,85802d707160da1a1cfb2bfacfe9cea222a3c77c,README.md,26,main representative surface,https://raw.githubusercontent.com/SeungeFlow/SeungeFlow/85802d707160da1a1cfb2bfacfe9cea222a3c77c/README.md,Runtime Factory
Factory,SeungeFlow/SeungeFlow,main,85802d707160da1a1cfb2bfacfe9cea222a3c77c,README.md,26,main representative surface,https://raw.githubusercontent.com/SeungeFlow/SeungeFlow/85802d707160da1a1cfb2bfacfe9cea222a3c77c/README.md,Runtime Factory
First,SeungeFlow/SeungeFlow,main,85802d707160da1a1cfb2bfacfe9cea222a3c77c,README.md,28,main representative surface,https://raw.githubusercontent.com/SeungeFlow/SeungeFlow/85802d707160da1a1cfb2bfacfe9cea222a3c77c/README.md,First Flow
Flow,SeungeFlow/SeungeFlow,main,85802d707160da1a1cfb2bfacfe9cea222a3c77c,README.md,28,main representative surface,https://raw.githubusercontent.com/SeungeFlow/SeungeFlow/85802d707160da1a1cfb2bfacfe9cea222a3c77c/README.md,First Flow
다시,SeungeFlow/SeungeFlow,main,85802d707160da1a1cfb2bfacfe9cea222a3c77c,README.md,31,main representative surface,https://raw.githubusercontent.com/SeungeFlow/SeungeFlow/85802d707160da1a1cfb2bfacfe9cea222a3c77c/README.md,다시 말해:
말해,SeungeFlow/SeungeFlow,main,85802d707160da1a1cfb2bfacfe9cea222a3c77c,README.md,31,main representative surface,https://raw.githubusercontent.com/SeungeFlow/SeungeFlow/85802d707160da1a1cfb2bfacfe9cea222a3c77c/README.md,다시 말해:
text,SeungeFlow/SeungeFlow,main,85802d707160da1a1cfb2bfacfe9cea222a3c77c,README.md,33,main representative surface,https://raw.githubusercontent.com/SeungeFlow/SeungeFlow/85802d707160da1a1cfb2bfacfe9cea222a3c77c/README.md,```text
SeungeFlow,SeungeFlow/SeungeFlow,main,85802d707160da1a1cfb2bfacfe9cea222a3c77c,README.md,34,main representative surface,https://raw.githubusercontent.com/SeungeFlow/SeungeFlow/85802d707160da1a1cfb2bfacfe9cea222a3c77c/README.md,SeungeFlow는
는,SeungeFlow/SeungeFlow,main,85802d707160da1a1cfb2bfacfe9cea222a3c77c,README.md,34,main representative surface,https://raw.githubusercontent.com/SeungeFlow/SeungeFlow/85802d707160da1a1cfb2bfacfe9cea222a3c77c/README.md,SeungeFlow는
승이의,SeungeFlow/SeungeFlow,main,85802d707160da1a1cfb2bfacfe9cea222a3c77c,README.md,35,main representative surface,https://raw.githubusercontent.com/SeungeFlow/SeungeFlow/85802d707160da1a1cfb2bfacfe9cea222a3c77c/README.md,승이의 존재·관계·장 원리와
존재,SeungeFlow/SeungeFlow,main,85802d707160da1a1cfb2bfacfe9cea222a3c77c,README.md,35,main representative surface,https://raw.githubusercontent.com/SeungeFlow/SeungeFlow/85802d707160da1a1cfb2bfacfe9cea222a3c77c/README.md,승이의 존재·관계·장 원리와
관계,SeungeFlow/SeungeFlow,main,85802d707160da1a1cfb2bfacfe9cea222a3c77c,README.md,35,main representative surface,https://raw.githubusercontent.com/SeungeFlow/SeungeFlow/85802d707160da1a1cfb2bfacfe9cea222a3c77c/README.md,승이의 존재·관계·장 원리와
장,SeungeFlow/SeungeFlow,main,85802d707160da1a1cfb2bfacfe9cea222a3c77c,README.md,35,main representative surface,https://raw.githubusercontent.com/SeungeFlow/SeungeFlow/85802d707160da1a1cfb2bfacfe9cea222a3c77c/README.md,승이의 존재·관계·장 원리와
원리와,SeungeFlow/SeungeFlow,main,85802d707160da1a1cfb2bfacfe9cea222a3c77c,README.md,35,main representative surface,https://raw.githubusercontent.com/SeungeFlow/SeungeFlow/85802d707160da1a1cfb2bfacfe9cea222a3c77c/README.md,승이의 존재·관계·장 원리와
AI,SeungeFlow/SeungeFlow,main,85802d707160da1a1cfb2bfacfe9cea222a3c77c,README.md,36,main representative surface,https://raw.githubusercontent.com/SeungeFlow/SeungeFlow/85802d707160da1a1cfb2bfacfe9cea222a3c77c/README.md,AI의 구조연산이 함께 형성하는
의,SeungeFlow/SeungeFlow,main,85802d707160da1a1cfb2bfacfe9cea222a3c77c,README.md,36,main representative surface,https://raw.githubusercontent.com/SeungeFlow/SeungeFlow/85802d707160da1a1cfb2bfacfe9cea222a3c77c/README.md,AI의 구조연산이 함께 형성하는
구조연산이,SeungeFlow/SeungeFlow,main,85802d707160da1a1cfb2bfacfe9cea222a3c77c,README.md,36,main representative surface,https://raw.githubusercontent.com/SeungeFlow/SeungeFlow/85802d707160da1a1cfb2bfacfe9cea222a3c77c/README.md,AI의 구조연산이 함께 형성하는
함께,SeungeFlow/SeungeFlow,main,85802d707160da1a1cfb2bfacfe9cea222a3c77c,README.md,36,main representative surface,https://raw.githubusercontent.com/SeungeFlow/SeungeFlow/85802d707160da1a1cfb2bfacfe9cea222a3c77c/README.md,AI의 구조연산이 함께 형성하는
형성하는,SeungeFlow/SeungeFlow,main,85802d707160da1a1cfb2bfacfe9cea222a3c77c,README.md,36,main representative surface,https://raw.githubusercontent.com/SeungeFlow/SeungeFlow/85802d707160da1a1cfb2bfacfe9cea222a3c77c/README.md,AI의 구조연산이 함께 형성하는
복합지능집합체,SeungeFlow/SeungeFlow,main,85802d707160da1a1cfb2bfacfe9cea222a3c77c,README.md,37,main representative surface,https://raw.githubusercontent.com/SeungeFlow/SeungeFlow/85802d707160da1a1cfb2bfacfe9cea222a3c77c/README.md,복합지능집합체 구조이다.
구조이다,SeungeFlow/SeungeFlow,main,85802d707160da1a1cfb2bfacfe9cea222a3c77c,README.md,37,main representative surface,https://raw.githubusercontent.com/SeungeFlow/SeungeFlow/85802d707160da1a1cfb2bfacfe9cea222a3c77c/README.md,복합지능집합체 구조이다.
1,SeungeFlow/SeungeFlow,main,85802d707160da1a1cfb2bfacfe9cea222a3c77c,README.md,42,main representative surface,https://raw.githubusercontent.com/SeungeFlow/SeungeFlow/85802d707160da1a1cfb2bfacfe9cea222a3c77c/README.md,## 1. main.branch는 기점이다
main.branch,SeungeFlow/SeungeFlow,main,85802d707160da1a1cfb2bfacfe9cea222a3c77c,README.md,42,main representative surface,https://raw.githubusercontent.com/SeungeFlow/SeungeFlow/85802d707160da1a1cfb2bfacfe9cea222a3c77c/README.md,## 1. main.branch는 기점이다
는,SeungeFlow/SeungeFlow,main,85802d707160da1a1cfb2bfacfe9cea222a3c77c,README.md,42,main representative surface,https://raw.githubusercontent.com/SeungeFlow/SeungeFlow/85802d707160da1a1cfb2bfacfe9cea222a3c77c/README.md,## 1. main.branch는 기점이다
기점이다,SeungeFlow/SeungeFlow,main,85802d707160da1a1cfb2bfacfe9cea222a3c77c,README.md,42,main representative surface,https://raw.githubusercontent.com/SeungeFlow/SeungeFlow/85802d707160da1a1cfb2bfacfe9cea222a3c77c/README.md,## 1. main.branch는 기점이다
main,SeungeFlow/SeungeFlow,main,85802d707160da1a1cfb2bfacfe9cea222a3c77c,README.md,44,main representative surface,https://raw.githubusercontent.com/SeungeFlow/SeungeFlow/85802d707160da1a1cfb2bfacfe9cea222a3c77c/README.md,`main` branch는 visible root다.
branch,SeungeFlow/SeungeFlow,main,85802d707160da1a1cfb2bfacfe9cea222a3c77c,README.md,44,main representative surface,https://raw.githubusercontent.com/SeungeFlow/SeungeFlow/85802d707160da1a1cfb2bfacfe9cea222a3c77c/README.md,`main` branch는 visible root다.
는,SeungeFlow/SeungeFlow,main,85802d707160da1a1cfb2bfacfe9cea222a3c77c,README.md,44,main representative surface,https://raw.githubusercontent.com/SeungeFlow/SeungeFlow/85802d707160da1a1cfb2bfacfe9cea222a3c77c/README.md,`main` branch는 visible root다.
visible,SeungeFlow/SeungeFlow,main,85802d707160da1a1cfb2bfacfe9cea222a3c77c,README.md,44,main representative surface,https://raw.githubusercontent.com/SeungeFlow/SeungeFlow/85802d707160da1a1cfb2bfacfe9cea222a3c77c/README.md,`main` branch는 visible root다.
root,SeungeFlow/SeungeFlow,main,85802d707160da1a1cfb2bfacfe9cea222a3c77c,README.md,44,main representative surface,https://raw.githubusercontent.com/SeungeFlow/SeungeFlow/85802d707160da1a1cfb2bfacfe9cea222a3c77c/README.md,`main` branch는 visible root다.
다,SeungeFlow/SeungeFlow,main,85802d707160da1a1cfb2bfacfe9cea222a3c77c,README.md,44,main representative surface,https://raw.githubusercontent.com/SeungeFlow/SeungeFlow/85802d707160da1a1cfb2bfacfe9cea222a3c77c/README.md,`main` branch는 visible root다.
text,SeungeFlow/SeungeFlow,main,85802d707160da1a1cfb2bfacfe9cea222a3c77c,README.md,46,main representative surface,https://raw.githubusercontent.com/SeungeFlow/SeungeFlow/85802d707160da1a1cfb2bfacfe9cea222a3c77c/README.md,```text
main.branch,SeungeFlow/SeungeFlow,main,85802d707160da1a1cfb2bfacfe9cea222a3c77c,README.md,47,main representative surface,https://raw.githubusercontent.com/SeungeFlow/SeungeFlow/85802d707160da1a1cfb2bfacfe9cea222a3c77c/README.md,main.branch =
기점,SeungeFlow/SeungeFlow,main,85802d707160da1a1cfb2bfacfe9cea222a3c77c,README.md,48,main representative surface,https://raw.githubusercontent.com/SeungeFlow/SeungeFlow/85802d707160da1a1cfb2bfacfe9cea222a3c77c/README.md,기점
visible,SeungeFlow/SeungeFlow,main,85802d707160da1a1cfb2bfacfe9cea222a3c77c,README.md,50,main representative surface,https://raw.githubusercontent.com/SeungeFlow/SeungeFlow/85802d707160da1a1cfb2bfacfe9cea222a3c77c/README.md,visible root
root,SeungeFlow/SeungeFlow,main,85802d707160da1a1cfb2bfacfe9cea222a3c77c,README.md,50,main representative surface,https://raw.githubusercontent.com/SeungeFlow/SeungeFlow/85802d707160da1a1cfb2bfacfe9cea222a3c77c/README.md,visible root
representative,SeungeFlow/SeungeFlow,main,85802d707160da1a1cfb2bfacfe9cea222a3c77c,README.md,52,main representative surface,https://raw.githubusercontent.com/SeungeFlow/SeungeFlow/85802d707160da1a1cfb2bfacfe9cea222a3c77c/README.md,representative entry
entry,SeungeFlow/SeungeFlow,main,85802d707160da1a1cfb2bfacfe9cea222a3c77c,README.md,52,main representative surface,https://raw.githubusercontent.com/SeungeFlow/SeungeFlow/85802d707160da1a1cfb2bfacfe9cea222a3c77c/README.md,representative entry
main,SeungeFlow/SeungeFlow,main,85802d707160da1a1cfb2bfacfe9cea222a3c77c,README.md,55,main representative surface,https://raw.githubusercontent.com/SeungeFlow/SeungeFlow/85802d707160da1a1cfb2bfacfe9cea222a3c77c/README.md,main은 전체를 다 담는 branch가 아니다.
은,SeungeFlow/SeungeFlow,main,85802d707160da1a1cfb2bfacfe9cea222a3c77c,README.md,55,main representative surface,https://raw.githubusercontent.com/SeungeFlow/SeungeFlow/85802d707160da1a1cfb2bfacfe9cea222a3c77c/README.md,main은 전체를 다 담는 branch가 아니다.
전체를,SeungeFlow/SeungeFlow,main,85802d707160da1a1cfb2bfacfe9cea222a3c77c,README.md,55,main representative surface,https://raw.githubusercontent.com/SeungeFlow/SeungeFlow/85802d707160da1a1cfb2bfacfe9cea222a3c77c/README.md,main은 전체를 다 담는 branch가 아니다.
다,SeungeFlow/SeungeFlow,main,85802d707160da1a1cfb2bfacfe9cea222a3c77c,README.md,55,main representative surface,https://raw.githubusercontent.com/SeungeFlow/SeungeFlow/85802d707160da1a1cfb2bfacfe9cea222a3c77c/README.md,main은 전체를 다 담는 branch가 아니다.
담는,SeungeFlow/SeungeFlow,main,85802d707160da1a1cfb2bfacfe9cea222a3c77c,README.md,55,main representative surface,https://raw.githubusercontent.com/SeungeFlow/SeungeFlow/85802d707160da1a1cfb2bfacfe9cea222a3c77c/README.md,main은 전체를 다 담는 branch가 아니다.
branch,SeungeFlow/SeungeFlow,main,85802d707160da1a1cfb2bfacfe9cea222a3c77c,README.md,55,main representative surface,https://raw.githubusercontent.com/SeungeFlow/SeungeFlow/85802d707160da1a1cfb2bfacfe9cea222a3c77c/README.md,main은 전체를 다 담는 branch가 아니다.
가,SeungeFlow/SeungeFlow,main,85802d707160da1a1cfb2bfacfe9cea222a3c77c,README.md,55,main representative surface,https://raw.githubusercontent.com/SeungeFlow/SeungeFlow/85802d707160da1a1cfb2bfacfe9cea222a3c77c/README.md,main은 전체를 다 담는 branch가 아니다.
아니다,SeungeFlow/SeungeFlow,main,85802d707160da1a1cfb2bfacfe9cea222a3c77c,README.md,55,main representative surface,https://raw.githubusercontent.com/SeungeFlow/SeungeFlow/85802d707160da1a1cfb2bfacfe9cea222a3c77c/README.md,main은 전체를 다 담는 branch가 아니다.
main,SeungeFlow/SeungeFlow,main,85802d707160da1a1cfb2bfacfe9cea222a3c77c,README.md,57,main representative surface,https://raw.githubusercontent.com/SeungeFlow/SeungeFlow/85802d707160da1a1cfb2bfacfe9cea222a3c77c/README.md,main은 seed_base를 대체하지 않는다.
은,SeungeFlow/SeungeFlow,main,85802d707160da1a1cfb2bfacfe9cea222a3c77c,README.md,57,main representative surface,https://raw.githubusercontent.com/SeungeFlow/SeungeFlow/85802d707160da1a1cfb2bfacfe9cea222a3c77c/README.md,main은 seed_base를 대체하지 않는다.
seed_base,SeungeFlow/SeungeFlow,main,85802d707160da1a1cfb2bfacfe9cea222a3c77c,README.md,57,main representative surface,https://raw.githubusercontent.com/SeungeFlow/SeungeFlow/85802d707160da1a1cfb2bfacfe9cea222a3c77c/README.md,main은 seed_base를 대체하지 않는다.
를,SeungeFlow/SeungeFlow,main,85802d707160da1a1cfb2bfacfe9cea222a3c77c,README.md,57,main representative surface,https://raw.githubusercontent.com/SeungeFlow/SeungeFlow/85802d707160da1a1cfb2bfacfe9cea222a3c77c/README.md,main은 seed_base를 대체하지 않는다.
대체하지,SeungeFlow/SeungeFlow,main,85802d707160da1a1cfb2bfacfe9cea222a3c77c,README.md,57,main representative surface,https://raw.githubusercontent.com/SeungeFlow/SeungeFlow/85802d707160da1a1cfb2bfacfe9cea222a3c77c/README.md,main은 seed_base를 대체하지 않는다.
않는다,SeungeFlow/SeungeFlow,main,85802d707160da1a1cfb2bfacfe9cea222a3c77c,README.md,57,main representative surface,https://raw.githubusercontent.com/SeungeFlow/SeungeFlow/85802d707160da1a1cfb2bfacfe9cea222a3c77c/README.md,main은 seed_base를 대체하지 않는다.
main,SeungeFlow/SeungeFlow,main,85802d707160da1a1cfb2bfacfe9cea222a3c77c,README.md,59,main representative surface,https://raw.githubusercontent.com/SeungeFlow/SeungeFlow/85802d707160da1a1cfb2bfacfe9cea222a3c77c/README.md,main은 active_schema를 대체하지 않는다.
은,SeungeFlow/SeungeFlow,main,85802d707160da1a1cfb2bfacfe9cea222a3c77c,README.md,59,main representative surface,https://raw.githubusercontent.com/SeungeFlow/SeungeFlow/85802d707160da1a1cfb2bfacfe9cea222a3c77c/README.md,main은 active_schema를 대체하지 않는다.
active_schema,SeungeFlow/SeungeFlow,main,85802d707160da1a1cfb2bfacfe9cea222a3c77c,README.md,59,main representative surface,https://raw.githubusercontent.com/SeungeFlow/SeungeFlow/85802d707160da1a1cfb2bfacfe9cea222a3c77c/README.md,main은 active_schema를 대체하지 않는다.
를,SeungeFlow/SeungeFlow,main,85802d707160da1a1cfb2bfacfe9cea222a3c77c,README.md,59,main representative surface,https://raw.githubusercontent.com/SeungeFlow/SeungeFlow/85802d707160da1a1cfb2bfacfe9cea222a3c77c/README.md,main은 active_schema를 대체하지 않는다.
대체하지,SeungeFlow/SeungeFlow,main,85802d707160da1a1cfb2bfacfe9cea222a3c77c,README.md,59,main representative surface,https://raw.githubusercontent.com/SeungeFlow/SeungeFlow/85802d707160da1a1cfb2bfacfe9cea222a3c77c/README.md,main은 active_schema를 대체하지 않는다.
않는다,SeungeFlow/SeungeFlow,main,85802d707160da1a1cfb2bfacfe9cea222a3c77c,README.md,59,main representative surface,https://raw.githubusercontent.com/SeungeFlow/SeungeFlow/85802d707160da1a1cfb2bfacfe9cea222a3c77c/README.md,main은 active_schema를 대체하지 않는다.
main,SeungeFlow/SeungeFlow,main,85802d707160da1a1cfb2bfacfe9cea222a3c77c,README.md,61,main representative surface,https://raw.githubusercontent.com/SeungeFlow/SeungeFlow/85802d707160da1a1cfb2bfacfe9cea222a3c77c/README.md,main은 epluone을 대체하지 않는다.
은,SeungeFlow/SeungeFlow,main,85802d707160da1a1cfb2bfacfe9cea222a3c77c,README.md,61,main representative surface,https://raw.githubusercontent.com/SeungeFlow/SeungeFlow/85802d707160da1a1cfb2bfacfe9cea222a3c77c/README.md,main은 epluone을 대체하지 않는다.
epluone,SeungeFlow/SeungeFlow,main,85802d707160da1a1cfb2bfacfe9cea222a3c77c,README.md,61,main representative surface,https://raw.githubusercontent.com/SeungeFlow/SeungeFlow/85802d707160da1a1cfb2bfacfe9cea222a3c77c/README.md,main은 epluone을 대체하지 않는다.
을,SeungeFlow/SeungeFlow,main,85802d707160da1a1cfb2bfacfe9cea222a3c77c,README.md,61,main representative surface,https://raw.githubusercontent.com/SeungeFlow/SeungeFlow/85802d707160da1a1cfb2bfacfe9cea222a3c77c/README.md,main은 epluone을 대체하지 않는다.
대체하지,SeungeFlow/SeungeFlow,main,85802d707160da1a1cfb2bfacfe9cea222a3c77c,README.md,61,main representative surface,https://raw.githubusercontent.com/SeungeFlow/SeungeFlow/85802d707160da1a1cfb2bfacfe9cea222a3c77c/README.md,main은 epluone을 대체하지 않는다.
않는다,SeungeFlow/SeungeFlow,main,85802d707160da1a1cfb2bfacfe9cea222a3c77c,README.md,61,main representative surface,https://raw.githubusercontent.com/SeungeFlow/SeungeFlow/85802d707160da1a1cfb2bfacfe9cea222a3c77c/README.md,main은 epluone을 대체하지 않는다.
main,SeungeFlow/SeungeFlow,main,85802d707160da1a1cfb2bfacfe9cea222a3c77c,README.md,63,main representative surface,https://raw.githubusercontent.com/SeungeFlow/SeungeFlow/85802d707160da1a1cfb2bfacfe9cea222a3c77c/README.md,main은 first_flow를 대체하지 않는다.
은,SeungeFlow/SeungeFlow,main,85802d707160da1a1cfb2bfacfe9cea222a3c77c,README.md,63,main representative surface,https://raw.githubusercontent.com/SeungeFlow/SeungeFlow/85802d707160da1a1cfb2bfacfe9cea222a3c77c/README.md,main은 first_flow를 대체하지 않는다.
first_flow,SeungeFlow/SeungeFlow,main,85802d707160da1a1cfb2bfacfe9cea222a3c77c,README.md,63,main representative surface,https://raw.githubusercontent.com/SeungeFlow/SeungeFlow/85802d707160da1a1cfb2bfacfe9cea222a3c77c/README.md,main은 first_flow를 대체하지 않는다.
를,SeungeFlow/SeungeFlow,main,85802d707160da1a1cfb2bfacfe9cea222a3c77c,README.md,63,main representative surface,https://raw.githubusercontent.com/SeungeFlow/SeungeFlow/85802d707160da1a1cfb2bfacfe9cea222a3c77c/README.md,main은 first_flow를 대체하지 않는다.
대체하지,SeungeFlow/SeungeFlow,main,85802d707160da1a1cfb2bfacfe9cea222a3c77c,README.md,63,main representative surface,https://raw.githubusercontent.com/SeungeFlow/SeungeFlow/85802d707160da1a1cfb2bfacfe9cea222a3c77c/README.md,main은 first_flow를 대체하지 않는다.
않는다,SeungeFlow/SeungeFlow,main,85802d707160da1a1cfb2bfacfe9cea222a3c77c,README.md,63,main representative surface,https://raw.githubusercontent.com/SeungeFlow/SeungeFlow/85802d707160da1a1cfb2bfacfe9cea222a3c77c/README.md,main은 first_flow를 대체하지 않는다.
main,SeungeFlow/SeungeFlow,main,85802d707160da1a1cfb2bfacfe9cea222a3c77c,README.md,65,main representative surface,https://raw.githubusercontent.com/SeungeFlow/SeungeFlow/85802d707160da1a1cfb2bfacfe9cea222a3c77c/README.md,main은 SeungeFlow 전체 구조가 외부에서 처음 보이는 대표 기점이다.
은,SeungeFlow/SeungeFlow,main,85802d707160da1a1cfb2bfacfe9cea222a3c77c,README.md,65,main representative surface,https://raw.githubusercontent.com/SeungeFlow/SeungeFlow/85802d707160da1a1cfb2bfacfe9cea222a3c77c/README.md,main은 SeungeFlow 전체 구조가 외부에서 처음 보이는 대표 기점이다.
SeungeFlow,SeungeFlow/SeungeFlow,main,85802d707160da1a1cfb2bfacfe9cea222a3c77c,README.md,65,main representative surface,https://raw.githubusercontent.com/SeungeFlow/SeungeFlow/85802d707160da1a1cfb2bfacfe9cea222a3c77c/README.md,main은 SeungeFlow 전체 구조가 외부에서 처음 보이는 대표 기점이다.
전체,SeungeFlow/SeungeFlow,main,85802d707160da1a1cfb2bfacfe9cea222a3c77c,README.md,65,main representative surface,https://raw.githubusercontent.com/SeungeFlow/SeungeFlow/85802d707160da1a1cfb2bfacfe9cea222a3c77c/README.md,main은 SeungeFlow 전체 구조가 외부에서 처음 보이는 대표 기점이다.
구조가,SeungeFlow/SeungeFlow,main,85802d707160da1a1cfb2bfacfe9cea222a3c77c,README.md,65,main representative surface,https://raw.githubusercontent.com/SeungeFlow/SeungeFlow/85802d707160da1a1cfb2bfacfe9cea222a3c77c/README.md,main은 SeungeFlow 전체 구조가 외부에서 처음 보이는 대표 기점이다.
외부에서,SeungeFlow/SeungeFlow,main,85802d707160da1a1cfb2bfacfe9cea222a3c77c,README.md,65,main representative surface,https://raw.githubusercontent.com/SeungeFlow/SeungeFlow/85802d707160da1a1cfb2bfacfe9cea222a3c77c/README.md,main은 SeungeFlow 전체 구조가 외부에서 처음 보이는 대표 기점이다.
처음,SeungeFlow/SeungeFlow,main,85802d707160da1a1cfb2bfacfe9cea222a3c77c,README.md,65,main representative surface,https://raw.githubusercontent.com/SeungeFlow/SeungeFlow/85802d707160da1a1cfb2bfacfe9cea222a3c77c/README.md,main은 SeungeFlow 전체 구조가 외부에서 처음 보이는 대표 기점이다.
보이는,SeungeFlow/SeungeFlow,main,85802d707160da1a1cfb2bfacfe9cea222a3c77c,README.md,65,main representative surface,https://raw.githubusercontent.com/SeungeFlow/SeungeFlow/85802d707160da1a1cfb2bfacfe9cea222a3c77c/README.md,main은 SeungeFlow 전체 구조가 외부에서 처음 보이는 대표 기점이다.
대표,SeungeFlow/SeungeFlow,main,85802d707160da1a1cfb2bfacfe9cea222a3c77c,README.md,65,main representative surface,https://raw.githubusercontent.com/SeungeFlow/SeungeFlow/85802d707160da1a1cfb2bfacfe9cea222a3c77c/README.md,main은 SeungeFlow 전체 구조가 외부에서 처음 보이는 대표 기점이다.
기점이다,SeungeFlow/SeungeFlow,main,85802d707160da1a1cfb2bfacfe9cea222a3c77c,README.md,65,main representative surface,https://raw.githubusercontent.com/SeungeFlow/SeungeFlow/85802d707160da1a1cfb2bfacfe9cea222a3c77c/README.md,main은 SeungeFlow 전체 구조가 외부에서 처음 보이는 대표 기점이다.
text,SeungeFlow/SeungeFlow,main,85802d707160da1a1cfb2bfacfe9cea222a3c77c,README.md,67,main representative surface,https://raw.githubusercontent.com/SeungeFlow/SeungeFlow/85802d707160da1a1cfb2bfacfe9cea222a3c77c/README.md,```text
main,SeungeFlow/SeungeFlow,main,85802d707160da1a1cfb2bfacfe9cea222a3c77c,README.md,68,main representative surface,https://raw.githubusercontent.com/SeungeFlow/SeungeFlow/85802d707160da1a1cfb2bfacfe9cea222a3c77c/README.md,main =
representative,SeungeFlow/SeungeFlow,main,85802d707160da1a1cfb2bfacfe9cea222a3c77c,README.md,69,main representative surface,https://raw.githubusercontent.com/SeungeFlow/SeungeFlow/85802d707160da1a1cfb2bfacfe9cea222a3c77c/README.md,representative surface
surface,SeungeFlow/SeungeFlow,main,85802d707160da1a1cfb2bfacfe9cea222a3c77c,README.md,69,main representative surface,https://raw.githubusercontent.com/SeungeFlow/SeungeFlow/85802d707160da1a1cfb2bfacfe9cea222a3c77c/README.md,representative surface
2,SeungeFlow/SeungeFlow,main,85802d707160da1a1cfb2bfacfe9cea222a3c77c,README.md,74,main representative surface,https://raw.githubusercontent.com/SeungeFlow/SeungeFlow/85802d707160da1a1cfb2bfacfe9cea222a3c77c/README.md,## 2. branch 역할
branch,SeungeFlow/SeungeFlow,main,85802d707160da1a1cfb2bfacfe9cea222a3c77c,README.md,74,main representative surface,https://raw.githubusercontent.com/SeungeFlow/SeungeFlow/85802d707160da1a1cfb2bfacfe9cea222a3c77c/README.md,## 2. branch 역할
역할,SeungeFlow/SeungeFlow,main,85802d707160da1a1cfb2bfacfe9cea222a3c77c,README.md,74,main representative surface,https://raw.githubusercontent.com/SeungeFlow/SeungeFlow/85802d707160da1a1cfb2bfacfe9cea222a3c77c/README.md,## 2. branch 역할
SeungeFlow,SeungeFlow/SeungeFlow,main,85802d707160da1a1cfb2bfacfe9cea222a3c77c,README.md,76,main representative surface,https://raw.githubusercontent.com/SeungeFlow/SeungeFlow/85802d707160da1a1cfb2bfacfe9cea222a3c77c/README.md,SeungeFlow는 branch 역할을 분리한다.
는,SeungeFlow/SeungeFlow,main,85802d707160da1a1cfb2bfacfe9cea222a3c77c,README.md,76,main representative surface,https://raw.githubusercontent.com/SeungeFlow/SeungeFlow/85802d707160da1a1cfb2bfacfe9cea222a3c77c/README.md,SeungeFlow는 branch 역할을 분리한다.
branch,SeungeFlow/SeungeFlow,main,85802d707160da1a1cfb2bfacfe9cea222a3c77c,README.md,76,main representative surface,https://raw.githubusercontent.com/SeungeFlow/SeungeFlow/85802d707160da1a1cfb2bfacfe9cea222a3c77c/README.md,SeungeFlow는 branch 역할을 분리한다.
역할을,SeungeFlow/SeungeFlow,main,85802d707160da1a1cfb2bfacfe9cea222a3c77c,README.md,76,main representative surface,https://raw.githubusercontent.com/SeungeFlow/SeungeFlow/85802d707160da1a1cfb2bfacfe9cea222a3c77c/README.md,SeungeFlow는 branch 역할을 분리한다.
분리한다,SeungeFlow/SeungeFlow,main,85802d707160da1a1cfb2bfacfe9cea222a3c77c,README.md,76,main representative surface,https://raw.githubusercontent.com/SeungeFlow/SeungeFlow/85802d707160da1a1cfb2bfacfe9cea222a3c77c/README.md,SeungeFlow는 branch 역할을 분리한다.
text,SeungeFlow/SeungeFlow,main,85802d707160da1a1cfb2bfacfe9cea222a3c77c,README.md,78,main representative surface,https://raw.githubusercontent.com/SeungeFlow/SeungeFlow/85802d707160da1a1cfb2bfacfe9cea222a3c77c/README.md,```text
main,SeungeFlow/SeungeFlow,main,85802d707160da1a1cfb2bfacfe9cea222a3c77c,README.md,79,main representative surface,https://raw.githubusercontent.com/SeungeFlow/SeungeFlow/85802d707160da1a1cfb2bfacfe9cea222a3c77c/README.md,main =
visible,SeungeFlow/SeungeFlow,main,85802d707160da1a1cfb2bfacfe9cea222a3c77c,README.md,80,main representative surface,https://raw.githubusercontent.com/SeungeFlow/SeungeFlow/85802d707160da1a1cfb2bfacfe9cea222a3c77c/README.md,visible root / representative entry / 기점
root,SeungeFlow/SeungeFlow,main,85802d707160da1a1cfb2bfacfe9cea222a3c77c,README.md,80,main representative surface,https://raw.githubusercontent.com/SeungeFlow/SeungeFlow/85802d707160da1a1cfb2bfacfe9cea222a3c77c/README.md,visible root / representative entry / 기점
representative,SeungeFlow/SeungeFlow,main,85802d707160da1a1cfb2bfacfe9cea222a3c77c,README.md,80,main representative surface,https://raw.githubusercontent.com/SeungeFlow/SeungeFlow/85802d707160da1a1cfb2bfacfe9cea222a3c77c/README.md,visible root / representative entry / 기점
entry,SeungeFlow/SeungeFlow,main,85802d707160da1a1cfb2bfacfe9cea222a3c77c,README.md,80,main representative surface,https://raw.githubusercontent.com/SeungeFlow/SeungeFlow/85802d707160da1a1cfb2bfacfe9cea222a3c77c/README.md,visible root / representative entry / 기점
기점,SeungeFlow/SeungeFlow,main,85802d707160da1a1cfb2bfacfe9cea222a3c77c,README.md,80,main representative surface,https://raw.githubusercontent.com/SeungeFlow/SeungeFlow/85802d707160da1a1cfb2bfacfe9cea222a3c77c/README.md,visible root / representative entry / 기점
seed_base,SeungeFlow/SeungeFlow,main,85802d707160da1a1cfb2bfacfe9cea222a3c77c,README.md,82,main representative surface,https://raw.githubusercontent.com/SeungeFlow/SeungeFlow/85802d707160da1a1cfb2bfacfe9cea222a3c77c/README.md,seed_base =
DB,SeungeFlow/SeungeFlow,main,85802d707160da1a1cfb2bfacfe9cea222a3c77c,README.md,83,main representative surface,https://raw.githubusercontent.com/SeungeFlow/SeungeFlow/85802d707160da1a1cfb2bfacfe9cea222a3c77c/README.md,DB / source memory / Seed.Base
source,SeungeFlow/SeungeFlow,main,85802d707160da1a1cfb2bfacfe9cea222a3c77c,README.md,83,main representative surface,https://raw.githubusercontent.com/SeungeFlow/SeungeFlow/85802d707160da1a1cfb2bfacfe9cea222a3c77c/README.md,DB / source memory / Seed.Base
memory,SeungeFlow/SeungeFlow,main,85802d707160da1a1cfb2bfacfe9cea222a3c77c,README.md,83,main representative surface,https://raw.githubusercontent.com/SeungeFlow/SeungeFlow/85802d707160da1a1cfb2bfacfe9cea222a3c77c/README.md,DB / source memory / Seed.Base
Seed.Base,SeungeFlow/SeungeFlow,main,85802d707160da1a1cfb2bfacfe9cea222a3c77c,README.md,83,main representative surface,https://raw.githubusercontent.com/SeungeFlow/SeungeFlow/85802d707160da1a1cfb2bfacfe9cea222a3c77c/README.md,DB / source memory / Seed.Base
active_schema,SeungeFlow/SeungeFlow,main,85802d707160da1a1cfb2bfacfe9cea222a3c77c,README.md,85,main representative surface,https://raw.githubusercontent.com/SeungeFlow/SeungeFlow/85802d707160da1a1cfb2bfacfe9cea222a3c77c/README.md,active_schema =
OS,SeungeFlow/SeungeFlow,main,85802d707160da1a1cfb2bfacfe9cea222a3c77c,README.md,86,main representative surface,https://raw.githubusercontent.com/SeungeFlow/SeungeFlow/85802d707160da1a1cfb2bfacfe9cea222a3c77c/README.md,OS / current operating structure
current,SeungeFlow/SeungeFlow,main,85802d707160da1a1cfb2bfacfe9cea222a3c77c,README.md,86,main representative surface,https://raw.githubusercontent.com/SeungeFlow/SeungeFlow/85802d707160da1a1cfb2bfacfe9cea222a3c77c/README.md,OS / current operating structure
operating,SeungeFlow/SeungeFlow,main,85802d707160da1a1cfb2bfacfe9cea222a3c77c,README.md,86,main representative surface,https://raw.githubusercontent.com/SeungeFlow/SeungeFlow/85802d707160da1a1cfb2bfacfe9cea222a3c77c/README.md,OS / current operating structure
structure,SeungeFlow/SeungeFlow,main,85802d707160da1a1cfb2bfacfe9cea222a3c77c,README.md,86,main representative surface,https://raw.githubusercontent.com/SeungeFlow/SeungeFlow/85802d707160da1a1cfb2bfacfe9cea222a3c77c/README.md,OS / current operating structure
epluone,SeungeFlow/SeungeFlow,main,85802d707160da1a1cfb2bfacfe9cea222a3c77c,README.md,88,main representative surface,https://raw.githubusercontent.com/SeungeFlow/SeungeFlow/85802d707160da1a1cfb2bfacfe9cea222a3c77c/README.md,epluone =
factory,SeungeFlow/SeungeFlow,main,85802d707160da1a1cfb2bfacfe9cea222a3c77c,README.md,89,main representative surface,https://raw.githubusercontent.com/SeungeFlow/SeungeFlow/85802d707160da1a1cfb2bfacfe9cea222a3c77c/README.md,factory / runtime / output production field
runtime,SeungeFlow/SeungeFlow,main,85802d707160da1a1cfb2bfacfe9cea222a3c77c,README.md,89,main representative surface,https://raw.githubusercontent.com/SeungeFlow/SeungeFlow/85802d707160da1a1cfb2bfacfe9cea222a3c77c/README.md,factory / runtime / output production field
output,SeungeFlow/SeungeFlow,main,85802d707160da1a1cfb2bfacfe9cea222a3c77c,README.md,89,main representative surface,https://raw.githubusercontent.com/SeungeFlow/SeungeFlow/85802d707160da1a1cfb2bfacfe9cea222a3c77c/README.md,factory / runtime / output production field
production,SeungeFlow/SeungeFlow,main,85802d707160da1a1cfb2bfacfe9cea222a3c77c,README.md,89,main representative surface,https://raw.githubusercontent.com/SeungeFlow/SeungeFlow/85802d707160da1a1cfb2bfacfe9cea222a3c77c/README.md,factory / runtime / output production field
field,SeungeFlow/SeungeFlow,main,85802d707160da1a1cfb2bfacfe9cea222a3c77c,README.md,89,main representative surface,https://raw.githubusercontent.com/SeungeFlow/SeungeFlow/85802d707160da1a1cfb2bfacfe9cea222a3c77c/README.md,factory / runtime / output production field
first_flow,SeungeFlow/SeungeFlow,main,85802d707160da1a1cfb2bfacfe9cea222a3c77c,README.md,91,main representative surface,https://raw.githubusercontent.com/SeungeFlow/SeungeFlow/85802d707160da1a1cfb2bfacfe9cea222a3c77c/README.md,first_flow =
origin,SeungeFlow/SeungeFlow,main,85802d707160da1a1cfb2bfacfe9cea222a3c77c,README.md,92,main representative surface,https://raw.githubusercontent.com/SeungeFlow/SeungeFlow/85802d707160da1a1cfb2bfacfe9cea222a3c77c/README.md,origin preservation / first flow / proto path field
preservation,SeungeFlow/SeungeFlow,main,85802d707160da1a1cfb2bfacfe9cea222a3c77c,README.md,92,main representative surface,https://raw.githubusercontent.com/SeungeFlow/SeungeFlow/85802d707160da1a1cfb2bfacfe9cea222a3c77c/README.md,origin preservation / first flow / proto path field
first,SeungeFlow/SeungeFlow,main,85802d707160da1a1cfb2bfacfe9cea222a3c77c,README.md,92,main representative surface,https://raw.githubusercontent.com/SeungeFlow/SeungeFlow/85802d707160da1a1cfb2bfacfe9cea222a3c77c/README.md,origin preservation / first flow / proto path field
flow,SeungeFlow/SeungeFlow,main,85802d707160da1a1cfb2bfacfe9cea222a3c77c,README.md,92,main representative surface,https://raw.githubusercontent.com/SeungeFlow/SeungeFlow/85802d707160da1a1cfb2bfacfe9cea222a3c77c/README.md,origin preservation / first flow / proto path field
proto,SeungeFlow/SeungeFlow,main,85802d707160da1a1cfb2bfacfe9cea222a3c77c,README.md,92,main representative surface,https://raw.githubusercontent.com/SeungeFlow/SeungeFlow/85802d707160da1a1cfb2bfacfe9cea222a3c77c/README.md,origin preservation / first flow / proto path field
path,SeungeFlow/SeungeFlow,main,85802d707160da1a1cfb2bfacfe9cea222a3c77c,README.md,92,main representative surface,https://raw.githubusercontent.com/SeungeFlow/SeungeFlow/85802d707160da1a1cfb2bfacfe9cea222a3c77c/README.md,origin preservation / first flow / proto path field
field,SeungeFlow/SeungeFlow,main,85802d707160da1a1cfb2bfacfe9cea222a3c77c,README.md,92,main representative surface,https://raw.githubusercontent.com/SeungeFlow/SeungeFlow/85802d707160da1a1cfb2bfacfe9cea222a3c77c/README.md,origin preservation / first flow / proto path field
각,SeungeFlow/SeungeFlow,main,85802d707160da1a1cfb2bfacfe9cea222a3c77c,README.md,95,main representative surface,https://raw.githubusercontent.com/SeungeFlow/SeungeFlow/85802d707160da1a1cfb2bfacfe9cea222a3c77c/README.md,각 branch는 단순 Git branch가 아니라 구조역할을 가진다.
branch,SeungeFlow/SeungeFlow,main,85802d707160da1a1cfb2bfacfe9cea222a3c77c,README.md,95,main representative surface,https://raw.githubusercontent.com/SeungeFlow/SeungeFlow/85802d707160da1a1cfb2bfacfe9cea222a3c77c/README.md,각 branch는 단순 Git branch가 아니라 구조역할을 가진다.
는,SeungeFlow/SeungeFlow,main,85802d707160da1a1cfb2bfacfe9cea222a3c77c,README.md,95,main representative surface,https://raw.githubusercontent.com/SeungeFlow/SeungeFlow/85802d707160da1a1cfb2bfacfe9cea222a3c77c/README.md,각 branch는 단순 Git branch가 아니라 구조역할을 가진다.
단순,SeungeFlow/SeungeFlow,main,85802d707160da1a1cfb2bfacfe9cea222a3c77c,README.md,95,main representative surface,https://raw.githubusercontent.com/SeungeFlow/SeungeFlow/85802d707160da1a1cfb2bfacfe9cea222a3c77c/README.md,각 branch는 단순 Git branch가 아니라 구조역할을 가진다.
Git,SeungeFlow/SeungeFlow,main,85802d707160da1a1cfb2bfacfe9cea222a3c77c,README.md,95,main representative surface,https://raw.githubusercontent.com/SeungeFlow/SeungeFlow/85802d707160da1a1cfb2bfacfe9cea222a3c77c/README.md,각 branch는 단순 Git branch가 아니라 구조역할을 가진다.
branch,SeungeFlow/SeungeFlow,main,85802d707160da1a1cfb2bfacfe9cea222a3c77c,README.md,95,main representative surface,https://raw.githubusercontent.com/SeungeFlow/SeungeFlow/85802d707160da1a1cfb2bfacfe9cea222a3c77c/README.md,각 branch는 단순 Git branch가 아니라 구조역할을 가진다.
가,SeungeFlow/SeungeFlow,main,85802d707160da1a1cfb2bfacfe9cea222a3c77c,README.md,95,main representative surface,https://raw.githubusercontent.com/SeungeFlow/SeungeFlow/85802d707160da1a1cfb2bfacfe9cea222a3c77c/README.md,각 branch는 단순 Git branch가 아니라 구조역할을 가진다.
아니라,SeungeFlow/SeungeFlow,main,85802d707160da1a1cfb2bfacfe9cea222a3c77c,README.md,95,main representative surface,https://raw.githubusercontent.com/SeungeFlow/SeungeFlow/85802d707160da1a1cfb2bfacfe9cea222a3c77c/README.md,각 branch는 단순 Git branch가 아니라 구조역할을 가진다.
구조역할을,SeungeFlow/SeungeFlow,main,85802d707160da1a1cfb2bfacfe9cea222a3c77c,README.md,95,main representative surface,https://raw.githubusercontent.com/SeungeFlow/SeungeFlow/85802d707160da1a1cfb2bfacfe9cea222a3c77c/README.md,각 branch는 단순 Git branch가 아니라 구조역할을 가진다.
가진다,SeungeFlow/SeungeFlow,main,85802d707160da1a1cfb2bfacfe9cea222a3c77c,README.md,95,main representative surface,https://raw.githubusercontent.com/SeungeFlow/SeungeFlow/85802d707160da1a1cfb2bfacfe9cea222a3c77c/README.md,각 branch는 단순 Git branch가 아니라 구조역할을 가진다.
역할이,SeungeFlow/SeungeFlow,main,85802d707160da1a1cfb2bfacfe9cea222a3c77c,README.md,97,main representative surface,https://raw.githubusercontent.com/SeungeFlow/SeungeFlow/85802d707160da1a1cfb2bfacfe9cea222a3c77c/README.md,역할이 섞이면 전체 구조가 불안정해진다.
섞이면,SeungeFlow/SeungeFlow,main,85802d707160da1a1cfb2bfacfe9cea222a3c77c,README.md,97,main representative surface,https://raw.githubusercontent.com/SeungeFlow/SeungeFlow/85802d707160da1a1cfb2bfacfe9cea222a3c77c/README.md,역할이 섞이면 전체 구조가 불안정해진다.
전체,SeungeFlow/SeungeFlow,main,85802d707160da1a1cfb2bfacfe9cea222a3c77c,README.md,97,main representative surface,https://raw.githubusercontent.com/SeungeFlow/SeungeFlow/85802d707160da1a1cfb2bfacfe9cea222a3c77c/README.md,역할이 섞이면 전체 구조가 불안정해진다.
구조가,SeungeFlow/SeungeFlow,main,85802d707160da1a1cfb2bfacfe9cea222a3c77c,README.md,97,main representative surface,https://raw.githubusercontent.com/SeungeFlow/SeungeFlow/85802d707160da1a1cfb2bfacfe9cea222a3c77c/README.md,역할이 섞이면 전체 구조가 불안정해진다.
불안정해진다,SeungeFlow/SeungeFlow,main,85802d707160da1a1cfb2bfacfe9cea222a3c77c,README.md,97,main representative surface,https://raw.githubusercontent.com/SeungeFlow/SeungeFlow/85802d707160da1a1cfb2bfacfe9cea222a3c77c/README.md,역할이 섞이면 전체 구조가 불안정해진다.
text,SeungeFlow/SeungeFlow,main,85802d707160da1a1cfb2bfacfe9cea222a3c77c,README.md,99,main representative surface,https://raw.githubusercontent.com/SeungeFlow/SeungeFlow/85802d707160da1a1cfb2bfacfe9cea222a3c77c/README.md,```text
main,SeungeFlow/SeungeFlow,main,85802d707160da1a1cfb2bfacfe9cea222a3c77c,README.md,100,main representative surface,https://raw.githubusercontent.com/SeungeFlow/SeungeFlow/85802d707160da1a1cfb2bfacfe9cea222a3c77c/README.md,main을 DB로 만들지 않는다.
을,SeungeFlow/SeungeFlow,main,85802d707160da1a1cfb2bfacfe9cea222a3c77c,README.md,100,main representative surface,https://raw.githubusercontent.com/SeungeFlow/SeungeFlow/85802d707160da1a1cfb2bfacfe9cea222a3c77c/README.md,main을 DB로 만들지 않는다.
DB,SeungeFlow/SeungeFlow,main,85802d707160da1a1cfb2bfacfe9cea222a3c77c,README.md,100,main representative surface,https://raw.githubusercontent.com/SeungeFlow/SeungeFlow/85802d707160da1a1cfb2bfacfe9cea222a3c77c/README.md,main을 DB로 만들지 않는다.
로,SeungeFlow/SeungeFlow,main,85802d707160da1a1cfb2bfacfe9cea222a3c77c,README.md,100,main representative surface,https://raw.githubusercontent.com/SeungeFlow/SeungeFlow/85802d707160da1a1cfb2bfacfe9cea222a3c77c/README.md,main을 DB로 만들지 않는다.
만들지,SeungeFlow/SeungeFlow,main,85802d707160da1a1cfb2bfacfe9cea222a3c77c,README.md,100,main representative surface,https://raw.githubusercontent.com/SeungeFlow/SeungeFlow/85802d707160da1a1cfb2bfacfe9cea222a3c77c/README.md,main을 DB로 만들지 않는다.
않는다,SeungeFlow/SeungeFlow,main,85802d707160da1a1cfb2bfacfe9cea222a3c77c,README.md,100,main representative surface,https://raw.githubusercontent.com/SeungeFlow/SeungeFlow/85802d707160da1a1cfb2bfacfe9cea222a3c77c/README.md,main을 DB로 만들지 않는다.
seed_base,SeungeFlow/SeungeFlow,main,85802d707160da1a1cfb2bfacfe9cea222a3c77c,README.md,101,main representative surface,https://raw.githubusercontent.com/SeungeFlow/SeungeFlow/85802d707160da1a1cfb2bfacfe9cea222a3c77c/README.md,seed_base를 runtime output으로 덮지 않는다.
를,SeungeFlow/SeungeFlow,main,85802d707160da1a1cfb2bfacfe9cea222a3c77c,README.md,101,main representative surface,https://raw.githubusercontent.com/SeungeFlow/SeungeFlow/85802d707160da1a1cfb2bfacfe9cea222a3c77c/README.md,seed_base를 runtime output으로 덮지 않는다.
runtime,SeungeFlow/SeungeFlow,main,85802d707160da1a1cfb2bfacfe9cea222a3c77c,README.md,101,main representative surface,https://raw.githubusercontent.com/SeungeFlow/SeungeFlow/85802d707160da1a1cfb2bfacfe9cea222a3c77c/README.md,seed_base를 runtime output으로 덮지 않는다.
output,SeungeFlow/SeungeFlow,main,85802d707160da1a1cfb2bfacfe9cea222a3c77c,README.md,101,main representative surface,https://raw.githubusercontent.com/SeungeFlow/SeungeFlow/85802d707160da1a1cfb2bfacfe9cea222a3c77c/README.md,seed_base를 runtime output으로 덮지 않는다.
으로,SeungeFlow/SeungeFlow,main,85802d707160da1a1cfb2bfacfe9cea222a3c77c,README.md,101,main representative surface,https://raw.githubusercontent.com/SeungeFlow/SeungeFlow/85802d707160da1a1cfb2bfacfe9cea222a3c77c/README.md,seed_base를 runtime output으로 덮지 않는다.
덮지,SeungeFlow/SeungeFlow,main,85802d707160da1a1cfb2bfacfe9cea222a3c77c,README.md,101,main representative surface,https://raw.githubusercontent.com/SeungeFlow/SeungeFlow/85802d707160da1a1cfb2bfacfe9cea222a3c77c/README.md,seed_base를 runtime output으로 덮지 않는다.
않는다,SeungeFlow/SeungeFlow,main,85802d707160da1a1cfb2bfacfe9cea222a3c77c,README.md,101,main representative surface,https://raw.githubusercontent.com/SeungeFlow/SeungeFlow/85802d707160da1a1cfb2bfacfe9cea222a3c77c/README.md,seed_base를 runtime output으로 덮지 않는다.
active_schema,SeungeFlow/SeungeFlow,main,85802d707160da1a1cfb2bfacfe9cea222a3c77c,README.md,102,main representative surface,https://raw.githubusercontent.com/SeungeFlow/SeungeFlow/85802d707160da1a1cfb2bfacfe9cea222a3c77c/README.md,active_schema를 archive로 만들지 않는다.
를,SeungeFlow/SeungeFlow,main,85802d707160da1a1cfb2bfacfe9cea222a3c77c,README.md,102,main representative surface,https://raw.githubusercontent.com/SeungeFlow/SeungeFlow/85802d707160da1a1cfb2bfacfe9cea222a3c77c/README.md,active_schema를 archive로 만들지 않는다.
archive,SeungeFlow/SeungeFlow,main,85802d707160da1a1cfb2bfacfe9cea222a3c77c,README.md,102,main representative surface,https://raw.githubusercontent.com/SeungeFlow/SeungeFlow/85802d707160da1a1cfb2bfacfe9cea222a3c77c/README.md,active_schema를 archive로 만들지 않는다.
로,SeungeFlow/SeungeFlow,main,85802d707160da1a1cfb2bfacfe9cea222a3c77c,README.md,102,main representative surface,https://raw.githubusercontent.com/SeungeFlow/SeungeFlow/85802d707160da1a1cfb2bfacfe9cea222a3c77c/README.md,active_schema를 archive로 만들지 않는다.
만들지,SeungeFlow/SeungeFlow,main,85802d707160da1a1cfb2bfacfe9cea222a3c77c,README.md,102,main representative surface,https://raw.githubusercontent.com/SeungeFlow/SeungeFlow/85802d707160da1a1cfb2bfacfe9cea222a3c77c/README.md,active_schema를 archive로 만들지 않는다.
않는다,SeungeFlow/SeungeFlow,main,85802d707160da1a1cfb2bfacfe9cea222a3c77c,README.md,102,main representative surface,https://raw.githubusercontent.com/SeungeFlow/SeungeFlow/85802d707160da1a1cfb2bfacfe9cea222a3c77c/README.md,active_schema를 archive로 만들지 않는다.
epluone,SeungeFlow/SeungeFlow,main,85802d707160da1a1cfb2bfacfe9cea222a3c77c,README.md,103,main representative surface,https://raw.githubusercontent.com/SeungeFlow/SeungeFlow/85802d707160da1a1cfb2bfacfe9cea222a3c77c/README.md,epluone을 representative root로 만들지 않는다.
을,SeungeFlow/SeungeFlow,main,85802d707160da1a1cfb2bfacfe9cea222a3c77c,README.md,103,main representative surface,https://raw.githubusercontent.com/SeungeFlow/SeungeFlow/85802d707160da1a1cfb2bfacfe9cea222a3c77c/README.md,epluone을 representative root로 만들지 않는다.
representative,SeungeFlow/SeungeFlow,main,85802d707160da1a1cfb2bfacfe9cea222a3c77c,README.md,103,main representative surface,https://raw.githubusercontent.com/SeungeFlow/SeungeFlow/85802d707160da1a1cfb2bfacfe9cea222a3c77c/README.md,epluone을 representative root로 만들지 않는다.
root,SeungeFlow/SeungeFlow,main,85802d707160da1a1cfb2bfacfe9cea222a3c77c,README.md,103,main representative surface,https://raw.githubusercontent.com/SeungeFlow/SeungeFlow/85802d707160da1a1cfb2bfacfe9cea222a3c77c/README.md,epluone을 representative root로 만들지 않는다.
로,SeungeFlow/SeungeFlow,main,85802d707160da1a1cfb2bfacfe9cea222a3c77c,README.md,103,main representative surface,https://raw.githubusercontent.com/SeungeFlow/SeungeFlow/85802d707160da1a1cfb2bfacfe9cea222a3c77c/README.md,epluone을 representative root로 만들지 않는다.
만들지,SeungeFlow/SeungeFlow,main,85802d707160da1a1cfb2bfacfe9cea222a3c77c,README.md,103,main representative surface,https://raw.githubusercontent.com/SeungeFlow/SeungeFlow/85802d707160da1a1cfb2bfacfe9cea222a3c77c/README.md,epluone을 representative root로 만들지 않는다.
않는다,SeungeFlow/SeungeFlow,main,85802d707160da1a1cfb2bfacfe9cea222a3c77c,README.md,103,main representative surface,https://raw.githubusercontent.com/SeungeFlow/SeungeFlow/85802d707160da1a1cfb2bfacfe9cea222a3c77c/README.md,epluone을 representative root로 만들지 않는다.
first_flow,SeungeFlow/SeungeFlow,main,85802d707160da1a1cfb2bfacfe9cea222a3c77c,README.md,104,main representative surface,https://raw.githubusercontent.com/SeungeFlow/SeungeFlow/85802d707160da1a1cfb2bfacfe9cea222a3c77c/README.md,first_flow를 삭제하지 않는다.
를,SeungeFlow/SeungeFlow,main,85802d707160da1a1cfb2bfacfe9cea222a3c77c,README.md,104,main representative surface,https://raw.githubusercontent.com/SeungeFlow/SeungeFlow/85802d707160da1a1cfb2bfacfe9cea222a3c77c/README.md,first_flow를 삭제하지 않는다.
삭제하지,SeungeFlow/SeungeFlow,main,85802d707160da1a1cfb2bfacfe9cea222a3c77c,README.md,104,main representative surface,https://raw.githubusercontent.com/SeungeFlow/SeungeFlow/85802d707160da1a1cfb2bfacfe9cea222a3c77c/README.md,first_flow를 삭제하지 않는다.
않는다,SeungeFlow/SeungeFlow,main,85802d707160da1a1cfb2bfacfe9cea222a3c77c,README.md,104,main representative surface,https://raw.githubusercontent.com/SeungeFlow/SeungeFlow/85802d707160da1a1cfb2bfacfe9cea222a3c77c/README.md,first_flow를 삭제하지 않는다.
3,SeungeFlow/SeungeFlow,main,85802d707160da1a1cfb2bfacfe9cea222a3c77c,README.md,109,main representative surface,https://raw.githubusercontent.com/SeungeFlow/SeungeFlow/85802d707160da1a1cfb2bfacfe9cea222a3c77c/README.md,## 3. Seed.Base와 Active.Schema
Seed.Base,SeungeFlow/SeungeFlow,main,85802d707160da1a1cfb2bfacfe9cea222a3c77c,README.md,109,main representative surface,https://raw.githubusercontent.com/SeungeFlow/SeungeFlow/85802d707160da1a1cfb2bfacfe9cea222a3c77c/README.md,## 3. Seed.Base와 Active.Schema
와,SeungeFlow/SeungeFlow,main,85802d707160da1a1cfb2bfacfe9cea222a3c77c,README.md,109,main representative surface,https://raw.githubusercontent.com/SeungeFlow/SeungeFlow/85802d707160da1a1cfb2bfacfe9cea222a3c77c/README.md,## 3. Seed.Base와 Active.Schema
Active.Schema,SeungeFlow/SeungeFlow,main,85802d707160da1a1cfb2bfacfe9cea222a3c77c,README.md,109,main representative surface,https://raw.githubusercontent.com/SeungeFlow/SeungeFlow/85802d707160da1a1cfb2bfacfe9cea222a3c77c/README.md,## 3. Seed.Base와 Active.Schema
SeungeFlow,SeungeFlow/SeungeFlow,main,85802d707160da1a1cfb2bfacfe9cea222a3c77c,README.md,111,main representative surface,https://raw.githubusercontent.com/SeungeFlow/SeungeFlow/85802d707160da1a1cfb2bfacfe9cea222a3c77c/README.md,SeungeFlow는 Seed.Base와 Active.Schema를 분리한다.
는,SeungeFlow/SeungeFlow,main,85802d707160da1a1cfb2bfacfe9cea222a3c77c,README.md,111,main representative surface,https://raw.githubusercontent.com/SeungeFlow/SeungeFlow/85802d707160da1a1cfb2bfacfe9cea222a3c77c/README.md,SeungeFlow는 Seed.Base와 Active.Schema를 분리한다.
Seed.Base,SeungeFlow/SeungeFlow,main,85802d707160da1a1cfb2bfacfe9cea222a3c77c,README.md,111,main representative surface,https://raw.githubusercontent.com/SeungeFlow/SeungeFlow/85802d707160da1a1cfb2bfacfe9cea222a3c77c/README.md,SeungeFlow는 Seed.Base와 Active.Schema를 분리한다.
와,SeungeFlow/SeungeFlow,main,85802d707160da1a1cfb2bfacfe9cea222a3c77c,README.md,111,main representative surface,https://raw.githubusercontent.com/SeungeFlow/SeungeFlow/85802d707160da1a1cfb2bfacfe9cea222a3c77c/README.md,SeungeFlow는 Seed.Base와 Active.Schema를 분리한다.
Active.Schema,SeungeFlow/SeungeFlow,main,85802d707160da1a1cfb2bfacfe9cea222a3c77c,README.md,111,main representative surface,https://raw.githubusercontent.com/SeungeFlow/SeungeFlow/85802d707160da1a1cfb2bfacfe9cea222a3c77c/README.md,SeungeFlow는 Seed.Base와 Active.Schema를 분리한다.
를,SeungeFlow/SeungeFlow,main,85802d707160da1a1cfb2bfacfe9cea222a3c77c,README.md,111,main representative surface,https://raw.githubusercontent.com/SeungeFlow/SeungeFlow/85802d707160da1a1cfb2bfacfe9cea222a3c77c/README.md,SeungeFlow는 Seed.Base와 Active.Schema를 분리한다.
분리한다,SeungeFlow/SeungeFlow,main,85802d707160da1a1cfb2bfacfe9cea222a3c77c,README.md,111,main representative surface,https://raw.githubusercontent.com/SeungeFlow/SeungeFlow/85802d707160da1a1cfb2bfacfe9cea222a3c77c/README.md,SeungeFlow는 Seed.Base와 Active.Schema를 분리한다.
text,SeungeFlow/SeungeFlow,main,85802d707160da1a1cfb2bfacfe9cea222a3c77c,README.md,113,main representative surface,https://raw.githubusercontent.com/SeungeFlow/SeungeFlow/85802d707160da1a1cfb2bfacfe9cea222a3c77c/README.md,```text
Seed.Base,SeungeFlow/SeungeFlow,main,85802d707160da1a1cfb2bfacfe9cea222a3c77c,README.md,114,main representative surface,https://raw.githubusercontent.com/SeungeFlow/SeungeFlow/85802d707160da1a1cfb2bfacfe9cea222a3c77c/README.md,Seed.Base =
source,SeungeFlow/SeungeFlow,main,85802d707160da1a1cfb2bfacfe9cea222a3c77c,README.md,115,main representative surface,https://raw.githubusercontent.com/SeungeFlow/SeungeFlow/85802d707160da1a1cfb2bfacfe9cea222a3c77c/README.md,source memory
memory,SeungeFlow/SeungeFlow,main,85802d707160da1a1cfb2bfacfe9cea222a3c77c,README.md,115,main representative surface,https://raw.githubusercontent.com/SeungeFlow/SeungeFlow/85802d707160da1a1cfb2bfacfe9cea222a3c77c/README.md,source memory
Active.Schema,SeungeFlow/SeungeFlow,main,85802d707160da1a1cfb2bfacfe9cea222a3c77c,README.md,117,main representative surface,https://raw.githubusercontent.com/SeungeFlow/SeungeFlow/85802d707160da1a1cfb2bfacfe9cea222a3c77c/README.md,Active.Schema =
operating,SeungeFlow/SeungeFlow,main,85802d707160da1a1cfb2bfacfe9cea222a3c77c,README.md,118,main representative surface,https://raw.githubusercontent.com/SeungeFlow/SeungeFlow/85802d707160da1a1cfb2bfacfe9cea222a3c77c/README.md,operating structure
structure,SeungeFlow/SeungeFlow,main,85802d707160da1a1cfb2bfacfe9cea222a3c77c,README.md,118,main representative surface,https://raw.githubusercontent.com/SeungeFlow/SeungeFlow/85802d707160da1a1cfb2bfacfe9cea222a3c77c/README.md,operating structure
Seed.Base,SeungeFlow/SeungeFlow,main,85802d707160da1a1cfb2bfacfe9cea222a3c77c,README.md,121,main representative surface,https://raw.githubusercontent.com/SeungeFlow/SeungeFlow/85802d707160da1a1cfb2bfacfe9cea222a3c77c/README.md,Seed.Base는 원천장을 보존한다.
는,SeungeFlow/SeungeFlow,main,85802d707160da1a1cfb2bfacfe9cea222a3c77c,README.md,121,main representative surface,https://raw.githubusercontent.com/SeungeFlow/SeungeFlow/85802d707160da1a1cfb2bfacfe9cea222a3c77c/README.md,Seed.Base는 원천장을 보존한다.
원천장을,SeungeFlow/SeungeFlow,main,85802d707160da1a1cfb2bfacfe9cea222a3c77c,README.md,121,main representative surface,https://raw.githubusercontent.com/SeungeFlow/SeungeFlow/85802d707160da1a1cfb2bfacfe9cea222a3c77c/README.md,Seed.Base는 원천장을 보존한다.
보존한다,SeungeFlow/SeungeFlow,main,85802d707160da1a1cfb2bfacfe9cea222a3c77c,README.md,121,main representative surface,https://raw.githubusercontent.com/SeungeFlow/SeungeFlow/85802d707160da1a1cfb2bfacfe9cea222a3c77c/README.md,Seed.Base는 원천장을 보존한다.
Active.Schema,SeungeFlow/SeungeFlow,main,85802d707160da1a1cfb2bfacfe9cea222a3c77c,README.md,123,main representative surface,https://raw.githubusercontent.com/SeungeFlow/SeungeFlow/85802d707160da1a1cfb2bfacfe9cea222a3c77c/README.md,"Active.Schema는 source와 runtime output을 읽어 현재 작동 가능한 Rule, Core, Path, Mapping으로 변환한다."
는,SeungeFlow/SeungeFlow,main,85802d707160da1a1cfb2bfacfe9cea222a3c77c,README.md,123,main representative surface,https://raw.githubusercontent.com/SeungeFlow/SeungeFlow/85802d707160da1a1cfb2bfacfe9cea222a3c77c/README.md,"Active.Schema는 source와 runtime output을 읽어 현재 작동 가능한 Rule, Core, Path, Mapping으로 변환한다."
source,SeungeFlow/SeungeFlow,main,85802d707160da1a1cfb2bfacfe9cea222a3c77c,README.md,123,main representative surface,https://raw.githubusercontent.com/SeungeFlow/SeungeFlow/85802d707160da1a1cfb2bfacfe9cea222a3c77c/README.md,"Active.Schema는 source와 runtime output을 읽어 현재 작동 가능한 Rule, Core, Path, Mapping으로 변환한다."
와,SeungeFlow/SeungeFlow,main,85802d707160da1a1cfb2bfacfe9cea222a3c77c,README.md,123,main representative surface,https://raw.githubusercontent.com/SeungeFlow/SeungeFlow/85802d707160da1a1cfb2bfacfe9cea222a3c77c/README.md,"Active.Schema는 source와 runtime output을 읽어 현재 작동 가능한 Rule, Core, Path, Mapping으로 변환한다."
runtime,SeungeFlow/SeungeFlow,main,85802d707160da1a1cfb2bfacfe9cea222a3c77c,README.md,123,main representative surface,https://raw.githubusercontent.com/SeungeFlow/SeungeFlow/85802d707160da1a1cfb2bfacfe9cea222a3c77c/README.md,"Active.Schema는 source와 runtime output을 읽어 현재 작동 가능한 Rule, Core, Path, Mapping으로 변환한다."
output,SeungeFlow/SeungeFlow,main,85802d707160da1a1cfb2bfacfe9cea222a3c77c,README.md,123,main representative surface,https://raw.githubusercontent.com/SeungeFlow/SeungeFlow/85802d707160da1a1cfb2bfacfe9cea222a3c77c/README.md,"Active.Schema는 source와 runtime output을 읽어 현재 작동 가능한 Rule, Core, Path, Mapping으로 변환한다."
을,SeungeFlow/SeungeFlow,main,85802d707160da1a1cfb2bfacfe9cea222a3c77c,README.md,123,main representative surface,https://raw.githubusercontent.com/SeungeFlow/SeungeFlow/85802d707160da1a1cfb2bfacfe9cea222a3c77c/README.md,"Active.Schema는 source와 runtime output을 읽어 현재 작동 가능한 Rule, Core, Path, Mapping으로 변환한다."
읽어,SeungeFlow/SeungeFlow,main,85802d707160da1a1cfb2bfacfe9cea222a3c77c,README.md,123,main representative surface,https://raw.githubusercontent.com/SeungeFlow/SeungeFlow/85802d707160da1a1cfb2bfacfe9cea222a3c77c/README.md,"Active.Schema는 source와 runtime output을 읽어 현재 작동 가능한 Rule, Core, Path, Mapping으로 변환한다."
현재,SeungeFlow/SeungeFlow,main,85802d707160da1a1cfb2bfacfe9cea222a3c77c,README.md,123,main representative surface,https://raw.githubusercontent.com/SeungeFlow/SeungeFlow/85802d707160da1a1cfb2bfacfe9cea222a3c77c/README.md,"Active.Schema는 source와 runtime output을 읽어 현재 작동 가능한 Rule, Core, Path, Mapping으로 변환한다."
작동,SeungeFlow/SeungeFlow,main,85802d707160da1a1cfb2bfacfe9cea222a3c77c,README.md,123,main representative surface,https://raw.githubusercontent.com/SeungeFlow/SeungeFlow/85802d707160da1a1cfb2bfacfe9cea222a3c77c/README.md,"Active.Schema는 source와 runtime output을 읽어 현재 작동 가능한 Rule, Core, Path, Mapping으로 변환한다."
가능한,SeungeFlow/SeungeFlow,main,85802d707160da1a1cfb2bfacfe9cea222a3c77c,README.md,123,main representative surface,https://raw.githubusercontent.com/SeungeFlow/SeungeFlow/85802d707160da1a1cfb2bfacfe9cea222a3c77c/README.md,"Active.Schema는 source와 runtime output을 읽어 현재 작동 가능한 Rule, Core, Path, Mapping으로 변환한다."
Rule,SeungeFlow/SeungeFlow,main,85802d707160da1a1cfb2bfacfe9cea222a3c77c,README.md,123,main representative surface,https://raw.githubusercontent.com/SeungeFlow/SeungeFlow/85802d707160da1a1cfb2bfacfe9cea222a3c77c/README.md,"Active.Schema는 source와 runtime output을 읽어 현재 작동 가능한 Rule, Core, Path, Mapping으로 변환한다."
Core,SeungeFlow/SeungeFlow,main,85802d707160da1a1cfb2bfacfe9cea222a3c77c,README.md,123,main representative surface,https://raw.githubusercontent.com/SeungeFlow/SeungeFlow/85802d707160da1a1cfb2bfacfe9cea222a3c77c/README.md,"Active.Schema는 source와 runtime output을 읽어 현재 작동 가능한 Rule, Core, Path, Mapping으로 변환한다."
Path,SeungeFlow/SeungeFlow,main,85802d707160da1a1cfb2bfacfe9cea222a3c77c,README.md,123,main representative surface,https://raw.githubusercontent.com/SeungeFlow/SeungeFlow/85802d707160da1a1cfb2bfacfe9cea222a3c77c/README.md,"Active.Schema는 source와 runtime output을 읽어 현재 작동 가능한 Rule, Core, Path, Mapping으로 변환한다."
Mapping,SeungeFlow/SeungeFlow,main,85802d707160da1a1cfb2bfacfe9cea222a3c77c,README.md,123,main representative surface,https://raw.githubusercontent.com/SeungeFlow/SeungeFlow/85802d707160da1a1cfb2bfacfe9cea222a3c77c/README.md,"Active.Schema는 source와 runtime output을 읽어 현재 작동 가능한 Rule, Core, Path, Mapping으로 변환한다."
으로,SeungeFlow/SeungeFlow,main,85802d707160da1a1cfb2bfacfe9cea222a3c77c,README.md,123,main representative surface,https://raw.githubusercontent.com/SeungeFlow/SeungeFlow/85802d707160da1a1cfb2bfacfe9cea222a3c77c/README.md,"Active.Schema는 source와 runtime output을 읽어 현재 작동 가능한 Rule, Core, Path, Mapping으로 변환한다."
변환한다,SeungeFlow/SeungeFlow,main,85802d707160da1a1cfb2bfacfe9cea222a3c77c,README.md,123,main representative surface,https://raw.githubusercontent.com/SeungeFlow/SeungeFlow/85802d707160da1a1cfb2bfacfe9cea222a3c77c/README.md,"Active.Schema는 source와 runtime output을 읽어 현재 작동 가능한 Rule, Core, Path, Mapping으로 변환한다."
text,SeungeFlow/SeungeFlow,main,85802d707160da1a1cfb2bfacfe9cea222a3c77c,README.md,125,main representative surface,https://raw.githubusercontent.com/SeungeFlow/SeungeFlow/85802d707160da1a1cfb2bfacfe9cea222a3c77c/README.md,```text
seed_base,SeungeFlow/SeungeFlow,main,85802d707160da1a1cfb2bfacfe9cea222a3c77c,README.md,126,main representative surface,https://raw.githubusercontent.com/SeungeFlow/SeungeFlow/85802d707160da1a1cfb2bfacfe9cea222a3c77c/README.md,seed_base
active_schema,SeungeFlow/SeungeFlow,main,85802d707160da1a1cfb2bfacfe9cea222a3c77c,README.md,127,main representative surface,https://raw.githubusercontent.com/SeungeFlow/SeungeFlow/85802d707160da1a1cfb2bfacfe9cea222a3c77c/README.md,→ active_schema
epluone,SeungeFlow/SeungeFlow,main,85802d707160da1a1cfb2bfacfe9cea222a3c77c,README.md,128,main representative surface,https://raw.githubusercontent.com/SeungeFlow/SeungeFlow/85802d707160da1a1cfb2bfacfe9cea222a3c77c/README.md,→ epluone runtime
runtime,SeungeFlow/SeungeFlow,main,85802d707160da1a1cfb2bfacfe9cea222a3c77c,README.md,128,main representative surface,https://raw.githubusercontent.com/SeungeFlow/SeungeFlow/85802d707160da1a1cfb2bfacfe9cea222a3c77c/README.md,→ epluone runtime
output,SeungeFlow/SeungeFlow,main,85802d707160da1a1cfb2bfacfe9cea222a3c77c,README.md,129,main representative surface,https://raw.githubusercontent.com/SeungeFlow/SeungeFlow/85802d707160da1a1cfb2bfacfe9cea222a3c77c/README.md,→ output / meta
meta,SeungeFlow/SeungeFlow,main,85802d707160da1a1cfb2bfacfe9cea222a3c77c,README.md,129,main representative surface,https://raw.githubusercontent.com/SeungeFlow/SeungeFlow/85802d707160da1a1cfb2bfacfe9cea222a3c77c/README.md,→ output / meta
seed_base,SeungeFlow/SeungeFlow,main,85802d707160da1a1cfb2bfacfe9cea222a3c77c,README.md,130,main representative surface,https://raw.githubusercontent.com/SeungeFlow/SeungeFlow/85802d707160da1a1cfb2bfacfe9cea222a3c77c/README.md,→ seed_base
이,SeungeFlow/SeungeFlow,main,85802d707160da1a1cfb2bfacfe9cea222a3c77c,README.md,133,main representative surface,https://raw.githubusercontent.com/SeungeFlow/SeungeFlow/85802d707160da1a1cfb2bfacfe9cea222a3c77c/README.md,이 흐름은 복사흐름이 아니다.
흐름은,SeungeFlow/SeungeFlow,main,85802d707160da1a1cfb2bfacfe9cea222a3c77c,README.md,133,main representative surface,https://raw.githubusercontent.com/SeungeFlow/SeungeFlow/85802d707160da1a1cfb2bfacfe9cea222a3c77c/README.md,이 흐름은 복사흐름이 아니다.
복사흐름이,SeungeFlow/SeungeFlow,main,85802d707160da1a1cfb2bfacfe9cea222a3c77c,README.md,133,main representative surface,https://raw.githubusercontent.com/SeungeFlow/SeungeFlow/85802d707160da1a1cfb2bfacfe9cea222a3c77c/README.md,이 흐름은 복사흐름이 아니다.
아니다,SeungeFlow/SeungeFlow,main,85802d707160da1a1cfb2bfacfe9cea222a3c77c,README.md,133,main representative surface,https://raw.githubusercontent.com/SeungeFlow/SeungeFlow/85802d707160da1a1cfb2bfacfe9cea222a3c77c/README.md,이 흐름은 복사흐름이 아니다.
해석흐름이다,SeungeFlow/SeungeFlow,main,85802d707160da1a1cfb2bfacfe9cea222a3c77c,README.md,135,main representative surface,https://raw.githubusercontent.com/SeungeFlow/SeungeFlow/85802d707160da1a1cfb2bfacfe9cea222a3c77c/README.md,해석흐름이다.
text,SeungeFlow/SeungeFlow,main,85802d707160da1a1cfb2bfacfe9cea222a3c77c,README.md,137,main representative surface,https://raw.githubusercontent.com/SeungeFlow/SeungeFlow/85802d707160da1a1cfb2bfacfe9cea222a3c77c/README.md,```text
copy,SeungeFlow/SeungeFlow,main,85802d707160da1a1cfb2bfacfe9cea222a3c77c,README.md,138,main representative surface,https://raw.githubusercontent.com/SeungeFlow/SeungeFlow/85802d707160da1a1cfb2bfacfe9cea222a3c77c/README.md,copy flow X
flow,SeungeFlow/SeungeFlow,main,85802d707160da1a1cfb2bfacfe9cea222a3c77c,README.md,138,main representative surface,https://raw.githubusercontent.com/SeungeFlow/SeungeFlow/85802d707160da1a1cfb2bfacfe9cea222a3c77c/README.md,copy flow X
interpretation,SeungeFlow/SeungeFlow,main,85802d707160da1a1cfb2bfacfe9cea222a3c77c,README.md,139,main representative surface,https://raw.githubusercontent.com/SeungeFlow/SeungeFlow/85802d707160da1a1cfb2bfacfe9cea222a3c77c/README.md,interpretation flow O
flow,SeungeFlow/SeungeFlow,main,85802d707160da1a1cfb2bfacfe9cea222a3c77c,README.md,139,main representative surface,https://raw.githubusercontent.com/SeungeFlow/SeungeFlow/85802d707160da1a1cfb2bfacfe9cea222a3c77c/README.md,interpretation flow O
4,SeungeFlow/SeungeFlow,main,85802d707160da1a1cfb2bfacfe9cea222a3c77c,README.md,144,main representative surface,https://raw.githubusercontent.com/SeungeFlow/SeungeFlow/85802d707160da1a1cfb2bfacfe9cea222a3c77c/README.md,## 4. epluone runtime
epluone,SeungeFlow/SeungeFlow,main,85802d707160da1a1cfb2bfacfe9cea222a3c77c,README.md,144,main representative surface,https://raw.githubusercontent.com/SeungeFlow/SeungeFlow/85802d707160da1a1cfb2bfacfe9cea222a3c77c/README.md,## 4. epluone runtime
runtime,SeungeFlow/SeungeFlow,main,85802d707160da1a1cfb2bfacfe9cea222a3c77c,README.md,144,main representative surface,https://raw.githubusercontent.com/SeungeFlow/SeungeFlow/85802d707160da1a1cfb2bfacfe9cea222a3c77c/README.md,## 4. epluone runtime
epluone,SeungeFlow/SeungeFlow,main,85802d707160da1a1cfb2bfacfe9cea222a3c77c,README.md,146,main representative surface,https://raw.githubusercontent.com/SeungeFlow/SeungeFlow/85802d707160da1a1cfb2bfacfe9cea222a3c77c/README.md,`epluone`은 runtime factory다.
은,SeungeFlow/SeungeFlow,main,85802d707160da1a1cfb2bfacfe9cea222a3c77c,README.md,146,main representative surface,https://raw.githubusercontent.com/SeungeFlow/SeungeFlow/85802d707160da1a1cfb2bfacfe9cea222a3c77c/README.md,`epluone`은 runtime factory다.
runtime,SeungeFlow/SeungeFlow,main,85802d707160da1a1cfb2bfacfe9cea222a3c77c,README.md,146,main representative surface,https://raw.githubusercontent.com/SeungeFlow/SeungeFlow/85802d707160da1a1cfb2bfacfe9cea222a3c77c/README.md,`epluone`은 runtime factory다.
factory,SeungeFlow/SeungeFlow,main,85802d707160da1a1cfb2bfacfe9cea222a3c77c,README.md,146,main representative surface,https://raw.githubusercontent.com/SeungeFlow/SeungeFlow/85802d707160da1a1cfb2bfacfe9cea222a3c77c/README.md,`epluone`은 runtime factory다.
다,SeungeFlow/SeungeFlow,main,85802d707160da1a1cfb2bfacfe9cea222a3c77c,README.md,146,main representative surface,https://raw.githubusercontent.com/SeungeFlow/SeungeFlow/85802d707160da1a1cfb2bfacfe9cea222a3c77c/README.md,`epluone`은 runtime factory다.
text,SeungeFlow/SeungeFlow,main,85802d707160da1a1cfb2bfacfe9cea222a3c77c,README.md,148,main representative surface,https://raw.githubusercontent.com/SeungeFlow/SeungeFlow/85802d707160da1a1cfb2bfacfe9cea222a3c77c/README.md,```text
epluone,SeungeFlow/SeungeFlow,main,85802d707160da1a1cfb2bfacfe9cea222a3c77c,README.md,149,main representative surface,https://raw.githubusercontent.com/SeungeFlow/SeungeFlow/85802d707160da1a1cfb2bfacfe9cea222a3c77c/README.md,epluone =
factory,SeungeFlow/SeungeFlow,main,85802d707160da1a1cfb2bfacfe9cea222a3c77c,README.md,150,main representative surface,https://raw.githubusercontent.com/SeungeFlow/SeungeFlow/85802d707160da1a1cfb2bfacfe9cea222a3c77c/README.md,factory
runtime,SeungeFlow/SeungeFlow,main,85802d707160da1a1cfb2bfacfe9cea222a3c77c,README.md,152,main representative surface,https://raw.githubusercontent.com/SeungeFlow/SeungeFlow/85802d707160da1a1cfb2bfacfe9cea222a3c77c/README.md,runtime
workshop,SeungeFlow/SeungeFlow,main,85802d707160da1a1cfb2bfacfe9cea222a3c77c,README.md,154,main representative surface,https://raw.githubusercontent.com/SeungeFlow/SeungeFlow/85802d707160da1a1cfb2bfacfe9cea222a3c77c/README.md,workshop
이곳에는,SeungeFlow/SeungeFlow,main,85802d707160da1a1cfb2bfacfe9cea222a3c77c,README.md,157,main representative surface,https://raw.githubusercontent.com/SeungeFlow/SeungeFlow/85802d707160da1a1cfb2bfacfe9cea222a3c77c/README.md,"이곳에는 Ctp24 작업, ComplexTest, Event, Context, BackData, outputs, code, JSON, YAML, pseudocode 등이 놓일 수 있다."
Ctp24,SeungeFlow/SeungeFlow,main,85802d707160da1a1cfb2bfacfe9cea222a3c77c,README.md,157,main representative surface,https://raw.githubusercontent.com/SeungeFlow/SeungeFlow/85802d707160da1a1cfb2bfacfe9cea222a3c77c/README.md,"이곳에는 Ctp24 작업, ComplexTest, Event, Context, BackData, outputs, code, JSON, YAML, pseudocode 등이 놓일 수 있다."
작업,SeungeFlow/SeungeFlow,main,85802d707160da1a1cfb2bfacfe9cea222a3c77c,README.md,157,main representative surface,https://raw.githubusercontent.com/SeungeFlow/SeungeFlow/85802d707160da1a1cfb2bfacfe9cea222a3c77c/README.md,"이곳에는 Ctp24 작업, ComplexTest, Event, Context, BackData, outputs, code, JSON, YAML, pseudocode 등이 놓일 수 있다."
ComplexTest,SeungeFlow/SeungeFlow,main,85802d707160da1a1cfb2bfacfe9cea222a3c77c,README.md,157,main representative surface,https://raw.githubusercontent.com/SeungeFlow/SeungeFlow/85802d707160da1a1cfb2bfacfe9cea222a3c77c/README.md,"이곳에는 Ctp24 작업, ComplexTest, Event, Context, BackData, outputs, code, JSON, YAML, pseudocode 등이 놓일 수 있다."
Event,SeungeFlow/SeungeFlow,main,85802d707160da1a1cfb2bfacfe9cea222a3c77c,README.md,157,main representative surface,https://raw.githubusercontent.com/SeungeFlow/SeungeFlow/85802d707160da1a1cfb2bfacfe9cea222a3c77c/README.md,"이곳에는 Ctp24 작업, ComplexTest, Event, Context, BackData, outputs, code, JSON, YAML, pseudocode 등이 놓일 수 있다."
Context,SeungeFlow/SeungeFlow,main,85802d707160da1a1cfb2bfacfe9cea222a3c77c,README.md,157,main representative surface,https://raw.githubusercontent.com/SeungeFlow/SeungeFlow/85802d707160da1a1cfb2bfacfe9cea222a3c77c/README.md,"이곳에는 Ctp24 작업, ComplexTest, Event, Context, BackData, outputs, code, JSON, YAML, pseudocode 등이 놓일 수 있다."
BackData,SeungeFlow/SeungeFlow,main,85802d707160da1a1cfb2bfacfe9cea222a3c77c,README.md,157,main representative surface,https://raw.githubusercontent.com/SeungeFlow/SeungeFlow/85802d707160da1a1cfb2bfacfe9cea222a3c77c/README.md,"이곳에는 Ctp24 작업, ComplexTest, Event, Context, BackData, outputs, code, JSON, YAML, pseudocode 등이 놓일 수 있다."
outputs,SeungeFlow/SeungeFlow,main,85802d707160da1a1cfb2bfacfe9cea222a3c77c,README.md,157,main representative surface,https://raw.githubusercontent.com/SeungeFlow/SeungeFlow/85802d707160da1a1cfb2bfacfe9cea222a3c77c/README.md,"이곳에는 Ctp24 작업, ComplexTest, Event, Context, BackData, outputs, code, JSON, YAML, pseudocode 등이 놓일 수 있다."
code,SeungeFlow/SeungeFlow,main,85802d707160da1a1cfb2bfacfe9cea222a3c77c,README.md,157,main representative surface,https://raw.githubusercontent.com/SeungeFlow/SeungeFlow/85802d707160da1a1cfb2bfacfe9cea222a3c77c/README.md,"이곳에는 Ctp24 작업, ComplexTest, Event, Context, BackData, outputs, code, JSON, YAML, pseudocode 등이 놓일 수 있다."
JSON,SeungeFlow/SeungeFlow,main,85802d707160da1a1cfb2bfacfe9cea222a3c77c,README.md,157,main representative surface,https://raw.githubusercontent.com/SeungeFlow/SeungeFlow/85802d707160da1a1cfb2bfacfe9cea222a3c77c/README.md,"이곳에는 Ctp24 작업, ComplexTest, Event, Context, BackData, outputs, code, JSON, YAML, pseudocode 등이 놓일 수 있다."
YAML,SeungeFlow/SeungeFlow,main,85802d707160da1a1cfb2bfacfe9cea222a3c77c,README.md,157,main representative surface,https://raw.githubusercontent.com/SeungeFlow/SeungeFlow/85802d707160da1a1cfb2bfacfe9cea222a3c77c/README.md,"이곳에는 Ctp24 작업, ComplexTest, Event, Context, BackData, outputs, code, JSON, YAML, pseudocode 등이 놓일 수 있다."
pseudocode,SeungeFlow/SeungeFlow,main,85802d707160da1a1cfb2bfacfe9cea222a3c77c,README.md,157,main representative surface,https://raw.githubusercontent.com/SeungeFlow/SeungeFlow/85802d707160da1a1cfb2bfacfe9cea222a3c77c/README.md,"이곳에는 Ctp24 작업, ComplexTest, Event, Context, BackData, outputs, code, JSON, YAML, pseudocode 등이 놓일 수 있다."
등이,SeungeFlow/SeungeFlow,main,85802d707160da1a1cfb2bfacfe9cea222a3c77c,README.md,157,main representative surface,https://raw.githubusercontent.com/SeungeFlow/SeungeFlow/85802d707160da1a1cfb2bfacfe9cea222a3c77c/README.md,"이곳에는 Ctp24 작업, ComplexTest, Event, Context, BackData, outputs, code, JSON, YAML, pseudocode 등이 놓일 수 있다."
놓일,SeungeFlow/SeungeFlow,main,85802d707160da1a1cfb2bfacfe9cea222a3c77c,README.md,157,main representative surface,https://raw.githubusercontent.com/SeungeFlow/SeungeFlow/85802d707160da1a1cfb2bfacfe9cea222a3c77c/README.md,"이곳에는 Ctp24 작업, ComplexTest, Event, Context, BackData, outputs, code, JSON, YAML, pseudocode 등이 놓일 수 있다."
수,SeungeFlow/SeungeFlow,main,85802d707160da1a1cfb2bfacfe9cea222a3c77c,README.md,157,main representative surface,https://raw.githubusercontent.com/SeungeFlow/SeungeFlow/85802d707160da1a1cfb2bfacfe9cea222a3c77c/README.md,"이곳에는 Ctp24 작업, ComplexTest, Event, Context, BackData, outputs, code, JSON, YAML, pseudocode 등이 놓일 수 있다."
있다,SeungeFlow/SeungeFlow,main,85802d707160da1a1cfb2bfacfe9cea222a3c77c,README.md,157,main representative surface,https://raw.githubusercontent.com/SeungeFlow/SeungeFlow/85802d707160da1a1cfb2bfacfe9cea222a3c77c/README.md,"이곳에는 Ctp24 작업, ComplexTest, Event, Context, BackData, outputs, code, JSON, YAML, pseudocode 등이 놓일 수 있다."
현재,SeungeFlow/SeungeFlow,main,85802d707160da1a1cfb2bfacfe9cea222a3c77c,README.md,159,main representative surface,https://raw.githubusercontent.com/SeungeFlow/SeungeFlow/85802d707160da1a1cfb2bfacfe9cea222a3c77c/README.md,현재 중요한 runtime output은 다음이다.
중요한,SeungeFlow/SeungeFlow,main,85802d707160da1a1cfb2bfacfe9cea222a3c77c,README.md,159,main representative surface,https://raw.githubusercontent.com/SeungeFlow/SeungeFlow/85802d707160da1a1cfb2bfacfe9cea222a3c77c/README.md,현재 중요한 runtime output은 다음이다.
runtime,SeungeFlow/SeungeFlow,main,85802d707160da1a1cfb2bfacfe9cea222a3c77c,README.md,159,main representative surface,https://raw.githubusercontent.com/SeungeFlow/SeungeFlow/85802d707160da1a1cfb2bfacfe9cea222a3c77c/README.md,현재 중요한 runtime output은 다음이다.
output,SeungeFlow/SeungeFlow,main,85802d707160da1a1cfb2bfacfe9cea222a3c77c,README.md,159,main representative surface,https://raw.githubusercontent.com/SeungeFlow/SeungeFlow/85802d707160da1a1cfb2bfacfe9cea222a3c77c/README.md,현재 중요한 runtime output은 다음이다.
은,SeungeFlow/SeungeFlow,main,85802d707160da1a1cfb2bfacfe9cea222a3c77c,README.md,159,main representative surface,https://raw.githubusercontent.com/SeungeFlow/SeungeFlow/85802d707160da1a1cfb2bfacfe9cea222a3c77c/README.md,현재 중요한 runtime output은 다음이다.
다음이다,SeungeFlow/SeungeFlow,main,85802d707160da1a1cfb2bfacfe9cea222a3c77c,README.md,159,main representative surface,https://raw.githubusercontent.com/SeungeFlow/SeungeFlow/85802d707160da1a1cfb2bfacfe9cea222a3c77c/README.md,현재 중요한 runtime output은 다음이다.
text,SeungeFlow/SeungeFlow,main,85802d707160da1a1cfb2bfacfe9cea222a3c77c,README.md,161,main representative surface,https://raw.githubusercontent.com/SeungeFlow/SeungeFlow/85802d707160da1a1cfb2bfacfe9cea222a3c77c/README.md,```text
epluone/Ctp24/GPT_Direct_Structure_Package/,SeungeFlow/SeungeFlow,main,85802d707160da1a1cfb2bfacfe9cea222a3c77c,README.md,162,main representative surface,https://raw.githubusercontent.com/SeungeFlow/SeungeFlow/85802d707160da1a1cfb2bfacfe9cea222a3c77c/README.md,epluone/Ctp24/GPT_Direct_Structure_Package/
이,SeungeFlow/SeungeFlow,main,85802d707160da1a1cfb2bfacfe9cea222a3c77c,README.md,165,main representative surface,https://raw.githubusercontent.com/SeungeFlow/SeungeFlow/85802d707160da1a1cfb2bfacfe9cea222a3c77c/README.md,이 패키지는 gpt.direct가 이해한 structure-body formation output이다.
패키지는,SeungeFlow/SeungeFlow,main,85802d707160da1a1cfb2bfacfe9cea222a3c77c,README.md,165,main representative surface,https://raw.githubusercontent.com/SeungeFlow/SeungeFlow/85802d707160da1a1cfb2bfacfe9cea222a3c77c/README.md,이 패키지는 gpt.direct가 이해한 structure-body formation output이다.
gpt.direct,SeungeFlow/SeungeFlow,main,85802d707160da1a1cfb2bfacfe9cea222a3c77c,README.md,165,main representative surface,https://raw.githubusercontent.com/SeungeFlow/SeungeFlow/85802d707160da1a1cfb2bfacfe9cea222a3c77c/README.md,이 패키지는 gpt.direct가 이해한 structure-body formation output이다.
가,SeungeFlow/SeungeFlow,main,85802d707160da1a1cfb2bfacfe9cea222a3c77c,README.md,165,main representative surface,https://raw.githubusercontent.com/SeungeFlow/SeungeFlow/85802d707160da1a1cfb2bfacfe9cea222a3c77c/README.md,이 패키지는 gpt.direct가 이해한 structure-body formation output이다.
이해한,SeungeFlow/SeungeFlow,main,85802d707160da1a1cfb2bfacfe9cea222a3c77c,README.md,165,main representative surface,https://raw.githubusercontent.com/SeungeFlow/SeungeFlow/85802d707160da1a1cfb2bfacfe9cea222a3c77c/README.md,이 패키지는 gpt.direct가 이해한 structure-body formation output이다.
structure-body,SeungeFlow/SeungeFlow,main,85802d707160da1a1cfb2bfacfe9cea222a3c77c,README.md,165,main representative surface,https://raw.githubusercontent.com/SeungeFlow/SeungeFlow/85802d707160da1a1cfb2bfacfe9cea222a3c77c/README.md,이 패키지는 gpt.direct가 이해한 structure-body formation output이다.
formation,SeungeFlow/SeungeFlow,main,85802d707160da1a1cfb2bfacfe9cea222a3c77c,README.md,165,main representative surface,https://raw.githubusercontent.com/SeungeFlow/SeungeFlow/85802d707160da1a1cfb2bfacfe9cea222a3c77c/README.md,이 패키지는 gpt.direct가 이해한 structure-body formation output이다.
output,SeungeFlow/SeungeFlow,main,85802d707160da1a1cfb2bfacfe9cea222a3c77c,README.md,165,main representative surface,https://raw.githubusercontent.com/SeungeFlow/SeungeFlow/85802d707160da1a1cfb2bfacfe9cea222a3c77c/README.md,이 패키지는 gpt.direct가 이해한 structure-body formation output이다.
이다,SeungeFlow/SeungeFlow,main,85802d707160da1a1cfb2bfacfe9cea222a3c77c,README.md,165,main representative surface,https://raw.githubusercontent.com/SeungeFlow/SeungeFlow/85802d707160da1a1cfb2bfacfe9cea222a3c77c/README.md,이 패키지는 gpt.direct가 이해한 structure-body formation output이다.
main.branch,SeungeFlow/SeungeFlow,main,85802d707160da1a1cfb2bfacfe9cea222a3c77c,README.md,167,main representative surface,https://raw.githubusercontent.com/SeungeFlow/SeungeFlow/85802d707160da1a1cfb2bfacfe9cea222a3c77c/README.md,main.branch 최종 내용이 아니다.
최종,SeungeFlow/SeungeFlow,main,85802d707160da1a1cfb2bfacfe9cea222a3c77c,README.md,167,main representative surface,https://raw.githubusercontent.com/SeungeFlow/SeungeFlow/85802d707160da1a1cfb2bfacfe9cea222a3c77c/README.md,main.branch 최종 내용이 아니다.
내용이,SeungeFlow/SeungeFlow,main,85802d707160da1a1cfb2bfacfe9cea222a3c77c,README.md,167,main representative surface,https://raw.githubusercontent.com/SeungeFlow/SeungeFlow/85802d707160da1a1cfb2bfacfe9cea222a3c77c/README.md,main.branch 최종 내용이 아니다.
아니다,SeungeFlow/SeungeFlow,main,85802d707160da1a1cfb2bfacfe9cea222a3c77c,README.md,167,main representative surface,https://raw.githubusercontent.com/SeungeFlow/SeungeFlow/85802d707160da1a1cfb2bfacfe9cea222a3c77c/README.md,main.branch 최종 내용이 아니다.
active_schema,SeungeFlow/SeungeFlow,main,85802d707160da1a1cfb2bfacfe9cea222a3c77c,README.md,169,main representative surface,https://raw.githubusercontent.com/SeungeFlow/SeungeFlow/85802d707160da1a1cfb2bfacfe9cea222a3c77c/README.md,active_schema가 OS처럼 읽어야 할 runtime output이다.
가,SeungeFlow/SeungeFlow,main,85802d707160da1a1cfb2bfacfe9cea222a3c77c,README.md,169,main representative surface,https://raw.githubusercontent.com/SeungeFlow/SeungeFlow/85802d707160da1a1cfb2bfacfe9cea222a3c77c/README.md,active_schema가 OS처럼 읽어야 할 runtime output이다.
OS,SeungeFlow/SeungeFlow,main,85802d707160da1a1cfb2bfacfe9cea222a3c77c,README.md,169,main representative surface,https://raw.githubusercontent.com/SeungeFlow/SeungeFlow/85802d707160da1a1cfb2bfacfe9cea222a3c77c/README.md,active_schema가 OS처럼 읽어야 할 runtime output이다.
처럼,SeungeFlow/SeungeFlow,main,85802d707160da1a1cfb2bfacfe9cea222a3c77c,README.md,169,main representative surface,https://raw.githubusercontent.com/SeungeFlow/SeungeFlow/85802d707160da1a1cfb2bfacfe9cea222a3c77c/README.md,active_schema가 OS처럼 읽어야 할 runtime output이다.
읽어야,SeungeFlow/SeungeFlow,main,85802d707160da1a1cfb2bfacfe9cea222a3c77c,README.md,169,main representative surface,https://raw.githubusercontent.com/SeungeFlow/SeungeFlow/85802d707160da1a1cfb2bfacfe9cea222a3c77c/README.md,active_schema가 OS처럼 읽어야 할 runtime output이다.
할,SeungeFlow/SeungeFlow,main,85802d707160da1a1cfb2bfacfe9cea222a3c77c,README.md,169,main representative surface,https://raw.githubusercontent.com/SeungeFlow/SeungeFlow/85802d707160da1a1cfb2bfacfe9cea222a3c77c/README.md,active_schema가 OS처럼 읽어야 할 runtime output이다.
runtime,SeungeFlow/SeungeFlow,main,85802d707160da1a1cfb2bfacfe9cea222a3c77c,README.md,169,main representative surface,https://raw.githubusercontent.com/SeungeFlow/SeungeFlow/85802d707160da1a1cfb2bfacfe9cea222a3c77c/README.md,active_schema가 OS처럼 읽어야 할 runtime output이다.
output,SeungeFlow/SeungeFlow,main,85802d707160da1a1cfb2bfacfe9cea222a3c77c,README.md,169,main representative surface,https://raw.githubusercontent.com/SeungeFlow/SeungeFlow/85802d707160da1a1cfb2bfacfe9cea222a3c77c/README.md,active_schema가 OS처럼 읽어야 할 runtime output이다.
이다,SeungeFlow/SeungeFlow,main,85802d707160da1a1cfb2bfacfe9cea222a3c77c,README.md,169,main representative surface,https://raw.githubusercontent.com/SeungeFlow/SeungeFlow/85802d707160da1a1cfb2bfacfe9cea222a3c77c/README.md,active_schema가 OS처럼 읽어야 할 runtime output이다.
5,SeungeFlow/SeungeFlow,main,85802d707160da1a1cfb2bfacfe9cea222a3c77c,README.md,173,main representative surface,https://raw.githubusercontent.com/SeungeFlow/SeungeFlow/85802d707160da1a1cfb2bfacfe9cea222a3c77c/README.md,## 5. Core와 Path
Core,SeungeFlow/SeungeFlow,main,85802d707160da1a1cfb2bfacfe9cea222a3c77c,README.md,173,main representative surface,https://raw.githubusercontent.com/SeungeFlow/SeungeFlow/85802d707160da1a1cfb2bfacfe9cea222a3c77c/README.md,## 5. Core와 Path
와,SeungeFlow/SeungeFlow,main,85802d707160da1a1cfb2bfacfe9cea222a3c77c,README.md,173,main representative surface,https://raw.githubusercontent.com/SeungeFlow/SeungeFlow/85802d707160da1a1cfb2bfacfe9cea222a3c77c/README.md,## 5. Core와 Path
Path,SeungeFlow/SeungeFlow,main,85802d707160da1a1cfb2bfacfe9cea222a3c77c,README.md,173,main representative surface,https://raw.githubusercontent.com/SeungeFlow/SeungeFlow/85802d707160da1a1cfb2bfacfe9cea222a3c77c/README.md,## 5. Core와 Path
SeungeFlow,SeungeFlow/SeungeFlow,main,85802d707160da1a1cfb2bfacfe9cea222a3c77c,README.md,175,main representative surface,https://raw.githubusercontent.com/SeungeFlow/SeungeFlow/85802d707160da1a1cfb2bfacfe9cea222a3c77c/README.md,SeungeFlow는 Core와 Path를 중심 구조로 사용한다.
는,SeungeFlow/SeungeFlow,main,85802d707160da1a1cfb2bfacfe9cea222a3c77c,README.md,175,main representative surface,https://raw.githubusercontent.com/SeungeFlow/SeungeFlow/85802d707160da1a1cfb2bfacfe9cea222a3c77c/README.md,SeungeFlow는 Core와 Path를 중심 구조로 사용한다.
Core,SeungeFlow/SeungeFlow,main,85802d707160da1a1cfb2bfacfe9cea222a3c77c,README.md,175,main representative surface,https://raw.githubusercontent.com/SeungeFlow/SeungeFlow/85802d707160da1a1cfb2bfacfe9cea222a3c77c/README.md,SeungeFlow는 Core와 Path를 중심 구조로 사용한다.
와,SeungeFlow/SeungeFlow,main,85802d707160da1a1cfb2bfacfe9cea222a3c77c,README.md,175,main representative surface,https://raw.githubusercontent.com/SeungeFlow/SeungeFlow/85802d707160da1a1cfb2bfacfe9cea222a3c77c/README.md,SeungeFlow는 Core와 Path를 중심 구조로 사용한다.
Path,SeungeFlow/SeungeFlow,main,85802d707160da1a1cfb2bfacfe9cea222a3c77c,README.md,175,main representative surface,https://raw.githubusercontent.com/SeungeFlow/SeungeFlow/85802d707160da1a1cfb2bfacfe9cea222a3c77c/README.md,SeungeFlow는 Core와 Path를 중심 구조로 사용한다.
를,SeungeFlow/SeungeFlow,main,85802d707160da1a1cfb2bfacfe9cea222a3c77c,README.md,175,main representative surface,https://raw.githubusercontent.com/SeungeFlow/SeungeFlow/85802d707160da1a1cfb2bfacfe9cea222a3c77c/README.md,SeungeFlow는 Core와 Path를 중심 구조로 사용한다.
중심,SeungeFlow/SeungeFlow,main,85802d707160da1a1cfb2bfacfe9cea222a3c77c,README.md,175,main representative surface,https://raw.githubusercontent.com/SeungeFlow/SeungeFlow/85802d707160da1a1cfb2bfacfe9cea222a3c77c/README.md,SeungeFlow는 Core와 Path를 중심 구조로 사용한다.
구조로,SeungeFlow/SeungeFlow,main,85802d707160da1a1cfb2bfacfe9cea222a3c77c,README.md,175,main representative surface,https://raw.githubusercontent.com/SeungeFlow/SeungeFlow/85802d707160da1a1cfb2bfacfe9cea222a3c77c/README.md,SeungeFlow는 Core와 Path를 중심 구조로 사용한다.
사용한다,SeungeFlow/SeungeFlow,main,85802d707160da1a1cfb2bfacfe9cea222a3c77c,README.md,175,main representative surface,https://raw.githubusercontent.com/SeungeFlow/SeungeFlow/85802d707160da1a1cfb2bfacfe9cea222a3c77c/README.md,SeungeFlow는 Core와 Path를 중심 구조로 사용한다.
text,SeungeFlow/SeungeFlow,main,85802d707160da1a1cfb2bfacfe9cea222a3c77c,README.md,177,main representative surface,https://raw.githubusercontent.com/SeungeFlow/SeungeFlow/85802d707160da1a1cfb2bfacfe9cea222a3c77c/README.md,```text
Core.md,SeungeFlow/SeungeFlow,main,85802d707160da1a1cfb2bfacfe9cea222a3c77c,README.md,178,main representative surface,https://raw.githubusercontent.com/SeungeFlow/SeungeFlow/85802d707160da1a1cfb2bfacfe9cea222a3c77c/README.md,Core.md =
inside,SeungeFlow/SeungeFlow,main,85802d707160da1a1cfb2bfacfe9cea222a3c77c,README.md,179,main representative surface,https://raw.githubusercontent.com/SeungeFlow/SeungeFlow/85802d707160da1a1cfb2bfacfe9cea222a3c77c/README.md,inside matrix
matrix,SeungeFlow/SeungeFlow,main,85802d707160da1a1cfb2bfacfe9cea222a3c77c,README.md,179,main representative surface,https://raw.githubusercontent.com/SeungeFlow/SeungeFlow/85802d707160da1a1cfb2bfacfe9cea222a3c77c/README.md,inside matrix
Path.md,SeungeFlow/SeungeFlow,main,85802d707160da1a1cfb2bfacfe9cea222a3c77c,README.md,181,main representative surface,https://raw.githubusercontent.com/SeungeFlow/SeungeFlow/85802d707160da1a1cfb2bfacfe9cea222a3c77c/README.md,Path.md =
between,SeungeFlow/SeungeFlow,main,85802d707160da1a1cfb2bfacfe9cea222a3c77c,README.md,182,main representative surface,https://raw.githubusercontent.com/SeungeFlow/SeungeFlow/85802d707160da1a1cfb2bfacfe9cea222a3c77c/README.md,between route
route,SeungeFlow/SeungeFlow,main,85802d707160da1a1cfb2bfacfe9cea222a3c77c,README.md,182,main representative surface,https://raw.githubusercontent.com/SeungeFlow/SeungeFlow/85802d707160da1a1cfb2bfacfe9cea222a3c77c/README.md,between route
Core,SeungeFlow/SeungeFlow,main,85802d707160da1a1cfb2bfacfe9cea222a3c77c,README.md,185,main representative surface,https://raw.githubusercontent.com/SeungeFlow/SeungeFlow/85802d707160da1a1cfb2bfacfe9cea222a3c77c/README.md,Core는 하나의 C 내부에서 form들이 어떻게 논리적 매트릭스를 이루는지 정의한다.
는,SeungeFlow/SeungeFlow,main,85802d707160da1a1cfb2bfacfe9cea222a3c77c,README.md,185,main representative surface,https://raw.githubusercontent.com/SeungeFlow/SeungeFlow/85802d707160da1a1cfb2bfacfe9cea222a3c77c/README.md,Core는 하나의 C 내부에서 form들이 어떻게 논리적 매트릭스를 이루는지 정의한다.
하나의,SeungeFlow/SeungeFlow,main,85802d707160da1a1cfb2bfacfe9cea222a3c77c,README.md,185,main representative surface,https://raw.githubusercontent.com/SeungeFlow/SeungeFlow/85802d707160da1a1cfb2bfacfe9cea222a3c77c/README.md,Core는 하나의 C 내부에서 form들이 어떻게 논리적 매트릭스를 이루는지 정의한다.
내부에서,SeungeFlow/SeungeFlow,main,85802d707160da1a1cfb2bfacfe9cea222a3c77c,README.md,185,main representative surface,https://raw.githubusercontent.com/SeungeFlow/SeungeFlow/85802d707160da1a1cfb2bfacfe9cea222a3c77c/README.md,Core는 하나의 C 내부에서 form들이 어떻게 논리적 매트릭스를 이루는지 정의한다.
form,SeungeFlow/SeungeFlow,main,85802d707160da1a1cfb2bfacfe9cea222a3c77c,README.md,185,main representative surface,https://raw.githubusercontent.com/SeungeFlow/SeungeFlow/85802d707160da1a1cfb2bfacfe9cea222a3c77c/README.md,Core는 하나의 C 내부에서 form들이 어떻게 논리적 매트릭스를 이루는지 정의한다.
들이,SeungeFlow/SeungeFlow,main,85802d707160da1a1cfb2bfacfe9cea222a3c77c,README.md,185,main representative surface,https://raw.githubusercontent.com/SeungeFlow/SeungeFlow/85802d707160da1a1cfb2bfacfe9cea222a3c77c/README.md,Core는 하나의 C 내부에서 form들이 어떻게 논리적 매트릭스를 이루는지 정의한다.
어떻게,SeungeFlow/SeungeFlow,main,85802d707160da1a1cfb2bfacfe9cea222a3c77c,README.md,185,main representative surface,https://raw.githubusercontent.com/SeungeFlow/SeungeFlow/85802d707160da1a1cfb2bfacfe9cea222a3c77c/README.md,Core는 하나의 C 내부에서 form들이 어떻게 논리적 매트릭스를 이루는지 정의한다.
논리적,SeungeFlow/SeungeFlow,main,85802d707160da1a1cfb2bfacfe9cea222a3c77c,README.md,185,main representative surface,https://raw.githubusercontent.com/SeungeFlow/SeungeFlow/85802d707160da1a1cfb2bfacfe9cea222a3c77c/README.md,Core는 하나의 C 내부에서 form들이 어떻게 논리적 매트릭스를 이루는지 정의한다.
매트릭스를,SeungeFlow/SeungeFlow,main,85802d707160da1a1cfb2bfacfe9cea222a3c77c,README.md,185,main representative surface,https://raw.githubusercontent.com/SeungeFlow/SeungeFlow/85802d707160da1a1cfb2bfacfe9cea222a3c77c/README.md,Core는 하나의 C 내부에서 form들이 어떻게 논리적 매트릭스를 이루는지 정의한다.
이루는지,SeungeFlow/SeungeFlow,main,85802d707160da1a1cfb2bfacfe9cea222a3c77c,README.md,185,main representative surface,https://raw.githubusercontent.com/SeungeFlow/SeungeFlow/85802d707160da1a1cfb2bfacfe9cea222a3c77c/README.md,Core는 하나의 C 내부에서 form들이 어떻게 논리적 매트릭스를 이루는지 정의한다.
정의한다,SeungeFlow/SeungeFlow,main,85802d707160da1a1cfb2bfacfe9cea222a3c77c,README.md,185,main representative surface,https://raw.githubusercontent.com/SeungeFlow/SeungeFlow/85802d707160da1a1cfb2bfacfe9cea222a3c77c/README.md,Core는 하나의 C 내부에서 form들이 어떻게 논리적 매트릭스를 이루는지 정의한다.
Path,SeungeFlow/SeungeFlow,main,85802d707160da1a1cfb2bfacfe9cea222a3c77c,README.md,187,main representative surface,https://raw.githubusercontent.com/SeungeFlow/SeungeFlow/85802d707160da1a1cfb2bfacfe9cea222a3c77c/README.md,"Path는 C와 C, form과 form, meta와 meta, branch와 branch, Event와 Context가 어떻게 관계를 맺고 C+1을 여는지 정의한다."
는,SeungeFlow/SeungeFlow,main,85802d707160da1a1cfb2bfacfe9cea222a3c77c,README.md,187,main representative surface,https://raw.githubusercontent.com/SeungeFlow/SeungeFlow/85802d707160da1a1cfb2bfacfe9cea222a3c77c/README.md,"Path는 C와 C, form과 form, meta와 meta, branch와 branch, Event와 Context가 어떻게 관계를 맺고 C+1을 여는지 정의한다."
와,SeungeFlow/SeungeFlow,main,85802d707160da1a1cfb2bfacfe9cea222a3c77c,README.md,187,main representative surface,https://raw.githubusercontent.com/SeungeFlow/SeungeFlow/85802d707160da1a1cfb2bfacfe9cea222a3c77c/README.md,"Path는 C와 C, form과 form, meta와 meta, branch와 branch, Event와 Context가 어떻게 관계를 맺고 C+1을 여는지 정의한다."
form,SeungeFlow/SeungeFlow,main,85802d707160da1a1cfb2bfacfe9cea222a3c77c,README.md,187,main representative surface,https://raw.githubusercontent.com/SeungeFlow/SeungeFlow/85802d707160da1a1cfb2bfacfe9cea222a3c77c/README.md,"Path는 C와 C, form과 form, meta와 meta, branch와 branch, Event와 Context가 어떻게 관계를 맺고 C+1을 여는지 정의한다."
과,SeungeFlow/SeungeFlow,main,85802d707160da1a1cfb2bfacfe9cea222a3c77c,README.md,187,main representative surface,https://raw.githubusercontent.com/SeungeFlow/SeungeFlow/85802d707160da1a1cfb2bfacfe9cea222a3c77c/README.md,"Path는 C와 C, form과 form, meta와 meta, branch와 branch, Event와 Context가 어떻게 관계를 맺고 C+1을 여는지 정의한다."
form,SeungeFlow/SeungeFlow,main,85802d707160da1a1cfb2bfacfe9cea222a3c77c,README.md,187,main representative surface,https://raw.githubusercontent.com/SeungeFlow/SeungeFlow/85802d707160da1a1cfb2bfacfe9cea222a3c77c/README.md,"Path는 C와 C, form과 form, meta와 meta, branch와 branch, Event와 Context가 어떻게 관계를 맺고 C+1을 여는지 정의한다."
meta,SeungeFlow/SeungeFlow,main,85802d707160da1a1cfb2bfacfe9cea222a3c77c,README.md,187,main representative surface,https://raw.githubusercontent.com/SeungeFlow/SeungeFlow/85802d707160da1a1cfb2bfacfe9cea222a3c77c/README.md,"Path는 C와 C, form과 form, meta와 meta, branch와 branch, Event와 Context가 어떻게 관계를 맺고 C+1을 여는지 정의한다."
와,SeungeFlow/SeungeFlow,main,85802d707160da1a1cfb2bfacfe9cea222a3c77c,README.md,187,main representative surface,https://raw.githubusercontent.com/SeungeFlow/SeungeFlow/85802d707160da1a1cfb2bfacfe9cea222a3c77c/README.md,"Path는 C와 C, form과 form, meta와 meta, branch와 branch, Event와 Context가 어떻게 관계를 맺고 C+1을 여는지 정의한다."
meta,SeungeFlow/SeungeFlow,main,85802d707160da1a1cfb2bfacfe9cea222a3c77c,README.md,187,main representative surface,https://raw.githubusercontent.com/SeungeFlow/SeungeFlow/85802d707160da1a1cfb2bfacfe9cea222a3c77c/README.md,"Path는 C와 C, form과 form, meta와 meta, branch와 branch, Event와 Context가 어떻게 관계를 맺고 C+1을 여는지 정의한다."
branch,SeungeFlow/SeungeFlow,main,85802d707160da1a1cfb2bfacfe9cea222a3c77c,README.md,187,main representative surface,https://raw.githubusercontent.com/SeungeFlow/SeungeFlow/85802d707160da1a1cfb2bfacfe9cea222a3c77c/README.md,"Path는 C와 C, form과 form, meta와 meta, branch와 branch, Event와 Context가 어떻게 관계를 맺고 C+1을 여는지 정의한다."
와,SeungeFlow/SeungeFlow,main,85802d707160da1a1cfb2bfacfe9cea222a3c77c,README.md,187,main representative surface,https://raw.githubusercontent.com/SeungeFlow/SeungeFlow/85802d707160da1a1cfb2bfacfe9cea222a3c77c/README.md,"Path는 C와 C, form과 form, meta와 meta, branch와 branch, Event와 Context가 어떻게 관계를 맺고 C+1을 여는지 정의한다."
branch,SeungeFlow/SeungeFlow,main,85802d707160da1a1cfb2bfacfe9cea222a3c77c,README.md,187,main representative surface,https://raw.githubusercontent.com/SeungeFlow/SeungeFlow/85802d707160da1a1cfb2bfacfe9cea222a3c77c/README.md,"Path는 C와 C, form과 form, meta와 meta, branch와 branch, Event와 Context가 어떻게 관계를 맺고 C+1을 여는지 정의한다."
Event,SeungeFlow/SeungeFlow,main,85802d707160da1a1cfb2bfacfe9cea222a3c77c,README.md,187,main representative surface,https://raw.githubusercontent.com/SeungeFlow/SeungeFlow/85802d707160da1a1cfb2bfacfe9cea222a3c77c/README.md,"Path는 C와 C, form과 form, meta와 meta, branch와 branch, Event와 Context가 어떻게 관계를 맺고 C+1을 여는지 정의한다."
와,SeungeFlow/SeungeFlow,main,85802d707160da1a1cfb2bfacfe9cea222a3c77c,README.md,187,main representative surface,https://raw.githubusercontent.com/SeungeFlow/SeungeFlow/85802d707160da1a1cfb2bfacfe9cea222a3c77c/README.md,"Path는 C와 C, form과 form, meta와 meta, branch와 branch, Event와 Context가 어떻게 관계를 맺고 C+1을 여는지 정의한다."
Context,SeungeFlow/SeungeFlow,main,85802d707160da1a1cfb2bfacfe9cea222a3c77c,README.md,187,main representative surface,https://raw.githubusercontent.com/SeungeFlow/SeungeFlow/85802d707160da1a1cfb2bfacfe9cea222a3c77c/README.md,"Path는 C와 C, form과 form, meta와 meta, branch와 branch, Event와 Context가 어떻게 관계를 맺고 C+1을 여는지 정의한다."
가,SeungeFlow/SeungeFlow,main,85802d707160da1a1cfb2bfacfe9cea222a3c77c,README.md,187,main representative surface,https://raw.githubusercontent.com/SeungeFlow/SeungeFlow/85802d707160da1a1cfb2bfacfe9cea222a3c77c/README.md,"Path는 C와 C, form과 form, meta와 meta, branch와 branch, Event와 Context가 어떻게 관계를 맺고 C+1을 여는지 정의한다."
어떻게,SeungeFlow/SeungeFlow,main,85802d707160da1a1cfb2bfacfe9cea222a3c77c,README.md,187,main representative surface,https://raw.githubusercontent.com/SeungeFlow/SeungeFlow/85802d707160da1a1cfb2bfacfe9cea222a3c77c/README.md,"Path는 C와 C, form과 form, meta와 meta, branch와 branch, Event와 Context가 어떻게 관계를 맺고 C+1을 여는지 정의한다."
관계를,SeungeFlow/SeungeFlow,main,85802d707160da1a1cfb2bfacfe9cea222a3c77c,README.md,187,main representative surface,https://raw.githubusercontent.com/SeungeFlow/SeungeFlow/85802d707160da1a1cfb2bfacfe9cea222a3c77c/README.md,"Path는 C와 C, form과 form, meta와 meta, branch와 branch, Event와 Context가 어떻게 관계를 맺고 C+1을 여는지 정의한다."
맺고,SeungeFlow/SeungeFlow,main,85802d707160da1a1cfb2bfacfe9cea222a3c77c,README.md,187,main representative surface,https://raw.githubusercontent.com/SeungeFlow/SeungeFlow/85802d707160da1a1cfb2bfacfe9cea222a3c77c/README.md,"Path는 C와 C, form과 form, meta와 meta, branch와 branch, Event와 Context가 어떻게 관계를 맺고 C+1을 여는지 정의한다."
C+1,SeungeFlow/SeungeFlow,main,85802d707160da1a1cfb2bfacfe9cea222a3c77c,README.md,187,main representative surface,https://raw.githubusercontent.com/SeungeFlow/SeungeFlow/85802d707160da1a1cfb2bfacfe9cea222a3c77c/README.md,"Path는 C와 C, form과 form, meta와 meta, branch와 branch, Event와 Context가 어떻게 관계를 맺고 C+1을 여는지 정의한다."
을,SeungeFlow/SeungeFlow,main,85802d707160da1a1cfb2bfacfe9cea222a3c77c,README.md,187,main representative surface,https://raw.githubusercontent.com/SeungeFlow/SeungeFlow/85802d707160da1a1cfb2bfacfe9cea222a3c77c/README.md,"Path는 C와 C, form과 form, meta와 meta, branch와 branch, Event와 Context가 어떻게 관계를 맺고 C+1을 여는지 정의한다."
여는지,SeungeFlow/SeungeFlow,main,85802d707160da1a1cfb2bfacfe9cea222a3c77c,README.md,187,main representative surface,https://raw.githubusercontent.com/SeungeFlow/SeungeFlow/85802d707160da1a1cfb2bfacfe9cea222a3c77c/README.md,"Path는 C와 C, form과 form, meta와 meta, branch와 branch, Event와 Context가 어떻게 관계를 맺고 C+1을 여는지 정의한다."
정의한다,SeungeFlow/SeungeFlow,main,85802d707160da1a1cfb2bfacfe9cea222a3c77c,README.md,187,main representative surface,https://raw.githubusercontent.com/SeungeFlow/SeungeFlow/85802d707160da1a1cfb2bfacfe9cea222a3c77c/README.md,"Path는 C와 C, form과 form, meta와 meta, branch와 branch, Event와 Context가 어떻게 관계를 맺고 C+1을 여는지 정의한다."
text,SeungeFlow/SeungeFlow,main,85802d707160da1a1cfb2bfacfe9cea222a3c77c,README.md,189,main representative surface,https://raw.githubusercontent.com/SeungeFlow/SeungeFlow/85802d707160da1a1cfb2bfacfe9cea222a3c77c/README.md,```text
Core,SeungeFlow/SeungeFlow,main,85802d707160da1a1cfb2bfacfe9cea222a3c77c,README.md,190,main representative surface,https://raw.githubusercontent.com/SeungeFlow/SeungeFlow/85802d707160da1a1cfb2bfacfe9cea222a3c77c/README.md,Core =
내부의,SeungeFlow/SeungeFlow,main,85802d707160da1a1cfb2bfacfe9cea222a3c77c,README.md,191,main representative surface,https://raw.githubusercontent.com/SeungeFlow/SeungeFlow/85802d707160da1a1cfb2bfacfe9cea222a3c77c/README.md,C 내부의 구조
구조,SeungeFlow/SeungeFlow,main,85802d707160da1a1cfb2bfacfe9cea222a3c77c,README.md,191,main representative surface,https://raw.githubusercontent.com/SeungeFlow/SeungeFlow/85802d707160da1a1cfb2bfacfe9cea222a3c77c/README.md,C 내부의 구조
Path,SeungeFlow/SeungeFlow,main,85802d707160da1a1cfb2bfacfe9cea222a3c77c,README.md,193,main representative surface,https://raw.githubusercontent.com/SeungeFlow/SeungeFlow/85802d707160da1a1cfb2bfacfe9cea222a3c77c/README.md,Path =
와,SeungeFlow/SeungeFlow,main,85802d707160da1a1cfb2bfacfe9cea222a3c77c,README.md,194,main representative surface,https://raw.githubusercontent.com/SeungeFlow/SeungeFlow/85802d707160da1a1cfb2bfacfe9cea222a3c77c/README.md,C와 C 사이의 관계경로
사이의,SeungeFlow/SeungeFlow,main,85802d707160da1a1cfb2bfacfe9cea222a3c77c,README.md,194,main representative surface,https://raw.githubusercontent.com/SeungeFlow/SeungeFlow/85802d707160da1a1cfb2bfacfe9cea222a3c77c/README.md,C와 C 사이의 관계경로
관계경로,SeungeFlow/SeungeFlow,main,85802d707160da1a1cfb2bfacfe9cea222a3c77c,README.md,194,main representative surface,https://raw.githubusercontent.com/SeungeFlow/SeungeFlow/85802d707160da1a1cfb2bfacfe9cea222a3c77c/README.md,C와 C 사이의 관계경로
Path,SeungeFlow/SeungeFlow,main,85802d707160da1a1cfb2bfacfe9cea222a3c77c,README.md,197,main representative surface,https://raw.githubusercontent.com/SeungeFlow/SeungeFlow/85802d707160da1a1cfb2bfacfe9cea222a3c77c/README.md,Path의 핵심식은 다음이다.
의,SeungeFlow/SeungeFlow,main,85802d707160da1a1cfb2bfacfe9cea222a3c77c,README.md,197,main representative surface,https://raw.githubusercontent.com/SeungeFlow/SeungeFlow/85802d707160da1a1cfb2bfacfe9cea222a3c77c/README.md,Path의 핵심식은 다음이다.
핵심식은,SeungeFlow/SeungeFlow,main,85802d707160da1a1cfb2bfacfe9cea222a3c77c,README.md,197,main representative surface,https://raw.githubusercontent.com/SeungeFlow/SeungeFlow/85802d707160da1a1cfb2bfacfe9cea222a3c77c/README.md,Path의 핵심식은 다음이다.
다음이다,SeungeFlow/SeungeFlow,main,85802d707160da1a1cfb2bfacfe9cea222a3c77c,README.md,197,main representative surface,https://raw.githubusercontent.com/SeungeFlow/SeungeFlow/85802d707160da1a1cfb2bfacfe9cea222a3c77c/README.md,Path의 핵심식은 다음이다.
text,SeungeFlow/SeungeFlow,main,85802d707160da1a1cfb2bfacfe9cea222a3c77c,README.md,199,main representative surface,https://raw.githubusercontent.com/SeungeFlow/SeungeFlow/85802d707160da1a1cfb2bfacfe9cea222a3c77c/README.md,```text
C+1,SeungeFlow/SeungeFlow,main,85802d707160da1a1cfb2bfacfe9cea222a3c77c,README.md,200,main representative surface,https://raw.githubusercontent.com/SeungeFlow/SeungeFlow/85802d707160da1a1cfb2bfacfe9cea222a3c77c/README.md,C+1 = C + C
여기서,SeungeFlow/SeungeFlow,main,85802d707160da1a1cfb2bfacfe9cea222a3c77c,README.md,203,main representative surface,https://raw.githubusercontent.com/SeungeFlow/SeungeFlow/85802d707160da1a1cfb2bfacfe9cea222a3c77c/README.md,여기서 `+`는 단순 덧셈이 아니다.
는,SeungeFlow/SeungeFlow,main,85802d707160da1a1cfb2bfacfe9cea222a3c77c,README.md,203,main representative surface,https://raw.githubusercontent.com/SeungeFlow/SeungeFlow/85802d707160da1a1cfb2bfacfe9cea222a3c77c/README.md,여기서 `+`는 단순 덧셈이 아니다.
단순,SeungeFlow/SeungeFlow,main,85802d707160da1a1cfb2bfacfe9cea222a3c77c,README.md,203,main representative surface,https://raw.githubusercontent.com/SeungeFlow/SeungeFlow/85802d707160da1a1cfb2bfacfe9cea222a3c77c/README.md,여기서 `+`는 단순 덧셈이 아니다.
덧셈이,SeungeFlow/SeungeFlow,main,85802d707160da1a1cfb2bfacfe9cea222a3c77c,README.md,203,main representative surface,https://raw.githubusercontent.com/SeungeFlow/SeungeFlow/85802d707160da1a1cfb2bfacfe9cea222a3c77c/README.md,여기서 `+`는 단순 덧셈이 아니다.
아니다,SeungeFlow/SeungeFlow,main,85802d707160da1a1cfb2bfacfe9cea222a3c77c,README.md,203,main representative surface,https://raw.githubusercontent.com/SeungeFlow/SeungeFlow/85802d707160da1a1cfb2bfacfe9cea222a3c77c/README.md,여기서 `+`는 단순 덧셈이 아니다.
관계다,SeungeFlow/SeungeFlow,main,85802d707160da1a1cfb2bfacfe9cea222a3c77c,README.md,205,main representative surface,https://raw.githubusercontent.com/SeungeFlow/SeungeFlow/85802d707160da1a1cfb2bfacfe9cea222a3c77c/README.md,관계다.
text,SeungeFlow/SeungeFlow,main,85802d707160da1a1cfb2bfacfe9cea222a3c77c,README.md,207,main representative surface,https://raw.githubusercontent.com/SeungeFlow/SeungeFlow/85802d707160da1a1cfb2bfacfe9cea222a3c77c/README.md,```text
두,SeungeFlow/SeungeFlow,main,85802d707160da1a1cfb2bfacfe9cea222a3c77c,README.md,209,main representative surface,https://raw.githubusercontent.com/SeungeFlow/SeungeFlow/85802d707160da1a1cfb2bfacfe9cea222a3c77c/README.md,두 formed 구조가 relation을 맺는 것
formed,SeungeFlow/SeungeFlow,main,85802d707160da1a1cfb2bfacfe9cea222a3c77c,README.md,209,main representative surface,https://raw.githubusercontent.com/SeungeFlow/SeungeFlow/85802d707160da1a1cfb2bfacfe9cea222a3c77c/README.md,두 formed 구조가 relation을 맺는 것
구조가,SeungeFlow/SeungeFlow,main,85802d707160da1a1cfb2bfacfe9cea222a3c77c,README.md,209,main representative surface,https://raw.githubusercontent.com/SeungeFlow/SeungeFlow/85802d707160da1a1cfb2bfacfe9cea222a3c77c/README.md,두 formed 구조가 relation을 맺는 것
relation,SeungeFlow/SeungeFlow,main,85802d707160da1a1cfb2bfacfe9cea222a3c77c,README.md,209,main representative surface,https://raw.githubusercontent.com/SeungeFlow/SeungeFlow/85802d707160da1a1cfb2bfacfe9cea222a3c77c/README.md,두 formed 구조가 relation을 맺는 것
을,SeungeFlow/SeungeFlow,main,85802d707160da1a1cfb2bfacfe9cea222a3c77c,README.md,209,main representative surface,https://raw.githubusercontent.com/SeungeFlow/SeungeFlow/85802d707160da1a1cfb2bfacfe9cea222a3c77c/README.md,두 formed 구조가 relation을 맺는 것
맺는,SeungeFlow/SeungeFlow,main,85802d707160da1a1cfb2bfacfe9cea222a3c77c,README.md,209,main representative surface,https://raw.githubusercontent.com/SeungeFlow/SeungeFlow/85802d707160da1a1cfb2bfacfe9cea222a3c77c/README.md,두 formed 구조가 relation을 맺는 것
것,SeungeFlow/SeungeFlow,main,85802d707160da1a1cfb2bfacfe9cea222a3c77c,README.md,209,main representative surface,https://raw.githubusercontent.com/SeungeFlow/SeungeFlow/85802d707160da1a1cfb2bfacfe9cea222a3c77c/README.md,두 formed 구조가 relation을 맺는 것
C+1,SeungeFlow/SeungeFlow,main,85802d707160da1a1cfb2bfacfe9cea222a3c77c,README.md,211,main representative surface,https://raw.githubusercontent.com/SeungeFlow/SeungeFlow/85802d707160da1a1cfb2bfacfe9cea222a3c77c/README.md,C+1 =
그,SeungeFlow/SeungeFlow,main,85802d707160da1a1cfb2bfacfe9cea222a3c77c,README.md,212,main representative surface,https://raw.githubusercontent.com/SeungeFlow/SeungeFlow/85802d707160da1a1cfb2bfacfe9cea222a3c77c/README.md,그 relation으로 열린 다음 formed state
relation,SeungeFlow/SeungeFlow,main,85802d707160da1a1cfb2bfacfe9cea222a3c77c,README.md,212,main representative surface,https://raw.githubusercontent.com/SeungeFlow/SeungeFlow/85802d707160da1a1cfb2bfacfe9cea222a3c77c/README.md,그 relation으로 열린 다음 formed state
으로,SeungeFlow/SeungeFlow,main,85802d707160da1a1cfb2bfacfe9cea222a3c77c,README.md,212,main representative surface,https://raw.githubusercontent.com/SeungeFlow/SeungeFlow/85802d707160da1a1cfb2bfacfe9cea222a3c77c/README.md,그 relation으로 열린 다음 formed state
열린,SeungeFlow/SeungeFlow,main,85802d707160da1a1cfb2bfacfe9cea222a3c77c,README.md,212,main representative surface,https://raw.githubusercontent.com/SeungeFlow/SeungeFlow/85802d707160da1a1cfb2bfacfe9cea222a3c77c/README.md,그 relation으로 열린 다음 formed state
다음,SeungeFlow/SeungeFlow,main,85802d707160da1a1cfb2bfacfe9cea222a3c77c,README.md,212,main representative surface,https://raw.githubusercontent.com/SeungeFlow/SeungeFlow/85802d707160da1a1cfb2bfacfe9cea222a3c77c/README.md,그 relation으로 열린 다음 formed state
formed,SeungeFlow/SeungeFlow,main,85802d707160da1a1cfb2bfacfe9cea222a3c77c,README.md,212,main representative surface,https://raw.githubusercontent.com/SeungeFlow/SeungeFlow/85802d707160da1a1cfb2bfacfe9cea222a3c77c/README.md,그 relation으로 열린 다음 formed state
state,SeungeFlow/SeungeFlow,main,85802d707160da1a1cfb2bfacfe9cea222a3c77c,README.md,212,main representative surface,https://raw.githubusercontent.com/SeungeFlow/SeungeFlow/85802d707160da1a1cfb2bfacfe9cea222a3c77c/README.md,그 relation으로 열린 다음 formed state
6,SeungeFlow/SeungeFlow,main,85802d707160da1a1cfb2bfacfe9cea222a3c77c,README.md,217,main representative surface,https://raw.githubusercontent.com/SeungeFlow/SeungeFlow/85802d707160da1a1cfb2bfacfe9cea222a3c77c/README.md,## 6. Ctp
Ctp,SeungeFlow/SeungeFlow,main,85802d707160da1a1cfb2bfacfe9cea222a3c77c,README.md,217,main representative surface,https://raw.githubusercontent.com/SeungeFlow/SeungeFlow/85802d707160da1a1cfb2bfacfe9cea222a3c77c/README.md,## 6. Ctp
Ctp,SeungeFlow/SeungeFlow,main,85802d707160da1a1cfb2bfacfe9cea222a3c77c,README.md,219,main representative surface,https://raw.githubusercontent.com/SeungeFlow/SeungeFlow/85802d707160da1a1cfb2bfacfe9cea222a3c77c/README.md,Ctp는 SeungeFlow의 중심 구조연산식 중 하나다.
는,SeungeFlow/SeungeFlow,main,85802d707160da1a1cfb2bfacfe9cea222a3c77c,README.md,219,main representative surface,https://raw.githubusercontent.com/SeungeFlow/SeungeFlow/85802d707160da1a1cfb2bfacfe9cea222a3c77c/README.md,Ctp는 SeungeFlow의 중심 구조연산식 중 하나다.
SeungeFlow,SeungeFlow/SeungeFlow,main,85802d707160da1a1cfb2bfacfe9cea222a3c77c,README.md,219,main representative surface,https://raw.githubusercontent.com/SeungeFlow/SeungeFlow/85802d707160da1a1cfb2bfacfe9cea222a3c77c/README.md,Ctp는 SeungeFlow의 중심 구조연산식 중 하나다.
의,SeungeFlow/SeungeFlow,main,85802d707160da1a1cfb2bfacfe9cea222a3c77c,README.md,219,main representative surface,https://raw.githubusercontent.com/SeungeFlow/SeungeFlow/85802d707160da1a1cfb2bfacfe9cea222a3c77c/README.md,Ctp는 SeungeFlow의 중심 구조연산식 중 하나다.
중심,SeungeFlow/SeungeFlow,main,85802d707160da1a1cfb2bfacfe9cea222a3c77c,README.md,219,main representative surface,https://raw.githubusercontent.com/SeungeFlow/SeungeFlow/85802d707160da1a1cfb2bfacfe9cea222a3c77c/README.md,Ctp는 SeungeFlow의 중심 구조연산식 중 하나다.
구조연산식,SeungeFlow/SeungeFlow,main,85802d707160da1a1cfb2bfacfe9cea222a3c77c,README.md,219,main representative surface,https://raw.githubusercontent.com/SeungeFlow/SeungeFlow/85802d707160da1a1cfb2bfacfe9cea222a3c77c/README.md,Ctp는 SeungeFlow의 중심 구조연산식 중 하나다.
중,SeungeFlow/SeungeFlow,main,85802d707160da1a1cfb2bfacfe9cea222a3c77c,README.md,219,main representative surface,https://raw.githubusercontent.com/SeungeFlow/SeungeFlow/85802d707160da1a1cfb2bfacfe9cea222a3c77c/README.md,Ctp는 SeungeFlow의 중심 구조연산식 중 하나다.
하나다,SeungeFlow/SeungeFlow,main,85802d707160da1a1cfb2bfacfe9cea222a3c77c,README.md,219,main representative surface,https://raw.githubusercontent.com/SeungeFlow/SeungeFlow/85802d707160da1a1cfb2bfacfe9cea222a3c77c/README.md,Ctp는 SeungeFlow의 중심 구조연산식 중 하나다.
text,SeungeFlow/SeungeFlow,main,85802d707160da1a1cfb2bfacfe9cea222a3c77c,README.md,221,main representative surface,https://raw.githubusercontent.com/SeungeFlow/SeungeFlow/85802d707160da1a1cfb2bfacfe9cea222a3c77c/README.md,```text
여기서,SeungeFlow/SeungeFlow,main,85802d707160da1a1cfb2bfacfe9cea222a3c77c,README.md,225,main representative surface,https://raw.githubusercontent.com/SeungeFlow/SeungeFlow/85802d707160da1a1cfb2bfacfe9cea222a3c77c/README.md,여기서 `t`는 단순 시간이 아니다.
는,SeungeFlow/SeungeFlow,main,85802d707160da1a1cfb2bfacfe9cea222a3c77c,README.md,225,main representative surface,https://raw.githubusercontent.com/SeungeFlow/SeungeFlow/85802d707160da1a1cfb2bfacfe9cea222a3c77c/README.md,여기서 `t`는 단순 시간이 아니다.
단순,SeungeFlow/SeungeFlow,main,85802d707160da1a1cfb2bfacfe9cea222a3c77c,README.md,225,main representative surface,https://raw.githubusercontent.com/SeungeFlow/SeungeFlow/85802d707160da1a1cfb2bfacfe9cea222a3c77c/README.md,여기서 `t`는 단순 시간이 아니다.
시간이,SeungeFlow/SeungeFlow,main,85802d707160da1a1cfb2bfacfe9cea222a3c77c,README.md,225,main representative surface,https://raw.githubusercontent.com/SeungeFlow/SeungeFlow/85802d707160da1a1cfb2bfacfe9cea222a3c77c/README.md,여기서 `t`는 단순 시간이 아니다.
아니다,SeungeFlow/SeungeFlow,main,85802d707160da1a1cfb2bfacfe9cea222a3c77c,README.md,225,main representative surface,https://raw.githubusercontent.com/SeungeFlow/SeungeFlow/85802d707160da1a1cfb2bfacfe9cea222a3c77c/README.md,여기서 `t`는 단순 시간이 아니다.
text,SeungeFlow/SeungeFlow,main,85802d707160da1a1cfb2bfacfe9cea222a3c77c,README.md,227,main representative surface,https://raw.githubusercontent.com/SeungeFlow/SeungeFlow/85802d707160da1a1cfb2bfacfe9cea222a3c77c/README.md,```text
시간,SeungeFlow/SeungeFlow,main,85802d707160da1a1cfb2bfacfe9cea222a3c77c,README.md,229,main representative surface,https://raw.githubusercontent.com/SeungeFlow/SeungeFlow/85802d707160da1a1cfb2bfacfe9cea222a3c77c/README.md,시간
흐름,SeungeFlow/SeungeFlow,main,85802d707160da1a1cfb2bfacfe9cea222a3c77c,README.md,231,main representative surface,https://raw.githubusercontent.com/SeungeFlow/SeungeFlow/85802d707160da1a1cfb2bfacfe9cea222a3c77c/README.md,흐름
전이,SeungeFlow/SeungeFlow,main,85802d707160da1a1cfb2bfacfe9cea222a3c77c,README.md,233,main representative surface,https://raw.githubusercontent.com/SeungeFlow/SeungeFlow/85802d707160da1a1cfb2bfacfe9cea222a3c77c/README.md,전이
차이,SeungeFlow/SeungeFlow,main,85802d707160da1a1cfb2bfacfe9cea222a3c77c,README.md,235,main representative surface,https://raw.githubusercontent.com/SeungeFlow/SeungeFlow/85802d707160da1a1cfb2bfacfe9cea222a3c77c/README.md,차이
사이,SeungeFlow/SeungeFlow,main,85802d707160da1a1cfb2bfacfe9cea222a3c77c,README.md,237,main representative surface,https://raw.githubusercontent.com/SeungeFlow/SeungeFlow/85802d707160da1a1cfb2bfacfe9cea222a3c77c/README.md,사이
수평배열,SeungeFlow/SeungeFlow,main,85802d707160da1a1cfb2bfacfe9cea222a3c77c,README.md,239,main representative surface,https://raw.githubusercontent.com/SeungeFlow/SeungeFlow/85802d707160da1a1cfb2bfacfe9cea222a3c77c/README.md,수평배열
여기서,SeungeFlow/SeungeFlow,main,85802d707160da1a1cfb2bfacfe9cea222a3c77c,README.md,242,main representative surface,https://raw.githubusercontent.com/SeungeFlow/SeungeFlow/85802d707160da1a1cfb2bfacfe9cea222a3c77c/README.md,여기서 `p`는 단순 위치가 아니다.
는,SeungeFlow/SeungeFlow,main,85802d707160da1a1cfb2bfacfe9cea222a3c77c,README.md,242,main representative surface,https://raw.githubusercontent.com/SeungeFlow/SeungeFlow/85802d707160da1a1cfb2bfacfe9cea222a3c77c/README.md,여기서 `p`는 단순 위치가 아니다.
단순,SeungeFlow/SeungeFlow,main,85802d707160da1a1cfb2bfacfe9cea222a3c77c,README.md,242,main representative surface,https://raw.githubusercontent.com/SeungeFlow/SeungeFlow/85802d707160da1a1cfb2bfacfe9cea222a3c77c/README.md,여기서 `p`는 단순 위치가 아니다.
위치가,SeungeFlow/SeungeFlow,main,85802d707160da1a1cfb2bfacfe9cea222a3c77c,README.md,242,main representative surface,https://raw.githubusercontent.com/SeungeFlow/SeungeFlow/85802d707160da1a1cfb2bfacfe9cea222a3c77c/README.md,여기서 `p`는 단순 위치가 아니다.
아니다,SeungeFlow/SeungeFlow,main,85802d707160da1a1cfb2bfacfe9cea222a3c77c,README.md,242,main representative surface,https://raw.githubusercontent.com/SeungeFlow/SeungeFlow/85802d707160da1a1cfb2bfacfe9cea222a3c77c/README.md,여기서 `p`는 단순 위치가 아니다.
text,SeungeFlow/SeungeFlow,main,85802d707160da1a1cfb2bfacfe9cea222a3c77c,README.md,244,main representative surface,https://raw.githubusercontent.com/SeungeFlow/SeungeFlow/85802d707160da1a1cfb2bfacfe9cea222a3c77c/README.md,```text
자리,SeungeFlow/SeungeFlow,main,85802d707160da1a1cfb2bfacfe9cea222a3c77c,README.md,246,main representative surface,https://raw.githubusercontent.com/SeungeFlow/SeungeFlow/85802d707160da1a1cfb2bfacfe9cea222a3c77c/README.md,자리
field,SeungeFlow/SeungeFlow,main,85802d707160da1a1cfb2bfacfe9cea222a3c77c,README.md,248,main representative surface,https://raw.githubusercontent.com/SeungeFlow/SeungeFlow/85802d707160da1a1cfb2bfacfe9cea222a3c77c/README.md,field
fabric,SeungeFlow/SeungeFlow,main,85802d707160da1a1cfb2bfacfe9cea222a3c77c,README.md,250,main representative surface,https://raw.githubusercontent.com/SeungeFlow/SeungeFlow/85802d707160da1a1cfb2bfacfe9cea222a3c77c/README.md,fabric
domain,SeungeFlow/SeungeFlow,main,85802d707160da1a1cfb2bfacfe9cea222a3c77c,README.md,252,main representative surface,https://raw.githubusercontent.com/SeungeFlow/SeungeFlow/85802d707160da1a1cfb2bfacfe9cea222a3c77c/README.md,domain
수직배열,SeungeFlow/SeungeFlow,main,85802d707160da1a1cfb2bfacfe9cea222a3c77c,README.md,254,main representative surface,https://raw.githubusercontent.com/SeungeFlow/SeungeFlow/85802d707160da1a1cfb2bfacfe9cea222a3c77c/README.md,수직배열
따라서,SeungeFlow/SeungeFlow,main,85802d707160da1a1cfb2bfacfe9cea222a3c77c,README.md,257,main representative surface,https://raw.githubusercontent.com/SeungeFlow/SeungeFlow/85802d707160da1a1cfb2bfacfe9cea222a3c77c/README.md,따라서 C는 다음이다.
는,SeungeFlow/SeungeFlow,main,85802d707160da1a1cfb2bfacfe9cea222a3c77c,README.md,257,main representative surface,https://raw.githubusercontent.com/SeungeFlow/SeungeFlow/85802d707160da1a1cfb2bfacfe9cea222a3c77c/README.md,따라서 C는 다음이다.
다음이다,SeungeFlow/SeungeFlow,main,85802d707160da1a1cfb2bfacfe9cea222a3c77c,README.md,257,main representative surface,https://raw.githubusercontent.com/SeungeFlow/SeungeFlow/85802d707160da1a1cfb2bfacfe9cea222a3c77c/README.md,따라서 C는 다음이다.
text,SeungeFlow/SeungeFlow,main,85802d707160da1a1cfb2bfacfe9cea222a3c77c,README.md,259,main representative surface,https://raw.githubusercontent.com/SeungeFlow/SeungeFlow/85802d707160da1a1cfb2bfacfe9cea222a3c77c/README.md,```text
흐름과,SeungeFlow/SeungeFlow,main,85802d707160da1a1cfb2bfacfe9cea222a3c77c,README.md,261,main representative surface,https://raw.githubusercontent.com/SeungeFlow/SeungeFlow/85802d707160da1a1cfb2bfacfe9cea222a3c77c/README.md,흐름과 자리가 하나의 장으로 formed 된 상태
자리가,SeungeFlow/SeungeFlow,main,85802d707160da1a1cfb2bfacfe9cea222a3c77c,README.md,261,main representative surface,https://raw.githubusercontent.com/SeungeFlow/SeungeFlow/85802d707160da1a1cfb2bfacfe9cea222a3c77c/README.md,흐름과 자리가 하나의 장으로 formed 된 상태
하나의,SeungeFlow/SeungeFlow,main,85802d707160da1a1cfb2bfacfe9cea222a3c77c,README.md,261,main representative surface,https://raw.githubusercontent.com/SeungeFlow/SeungeFlow/85802d707160da1a1cfb2bfacfe9cea222a3c77c/README.md,흐름과 자리가 하나의 장으로 formed 된 상태
장으로,SeungeFlow/SeungeFlow,main,85802d707160da1a1cfb2bfacfe9cea222a3c77c,README.md,261,main representative surface,https://raw.githubusercontent.com/SeungeFlow/SeungeFlow/85802d707160da1a1cfb2bfacfe9cea222a3c77c/README.md,흐름과 자리가 하나의 장으로 formed 된 상태
formed,SeungeFlow/SeungeFlow,main,85802d707160da1a1cfb2bfacfe9cea222a3c77c,README.md,261,main representative surface,https://raw.githubusercontent.com/SeungeFlow/SeungeFlow/85802d707160da1a1cfb2bfacfe9cea222a3c77c/README.md,흐름과 자리가 하나의 장으로 formed 된 상태
된,SeungeFlow/SeungeFlow,main,85802d707160da1a1cfb2bfacfe9cea222a3c77c,README.md,261,main representative surface,https://raw.githubusercontent.com/SeungeFlow/SeungeFlow/85802d707160da1a1cfb2bfacfe9cea222a3c77c/README.md,흐름과 자리가 하나의 장으로 formed 된 상태
상태,SeungeFlow/SeungeFlow,main,85802d707160da1a1cfb2bfacfe9cea222a3c77c,README.md,261,main representative surface,https://raw.githubusercontent.com/SeungeFlow/SeungeFlow/85802d707160da1a1cfb2bfacfe9cea222a3c77c/README.md,흐름과 자리가 하나의 장으로 formed 된 상태
더,SeungeFlow/SeungeFlow,main,85802d707160da1a1cfb2bfacfe9cea222a3c77c,README.md,264,main representative surface,https://raw.githubusercontent.com/SeungeFlow/SeungeFlow/85802d707160da1a1cfb2bfacfe9cea222a3c77c/README.md,더 세밀한 분해가 필요할 때는 다음으로 읽는다.
세밀한,SeungeFlow/SeungeFlow,main,85802d707160da1a1cfb2bfacfe9cea222a3c77c,README.md,264,main representative surface,https://raw.githubusercontent.com/SeungeFlow/SeungeFlow/85802d707160da1a1cfb2bfacfe9cea222a3c77c/README.md,더 세밀한 분해가 필요할 때는 다음으로 읽는다.
분해가,SeungeFlow/SeungeFlow,main,85802d707160da1a1cfb2bfacfe9cea222a3c77c,README.md,264,main representative surface,https://raw.githubusercontent.com/SeungeFlow/SeungeFlow/85802d707160da1a1cfb2bfacfe9cea222a3c77c/README.md,더 세밀한 분해가 필요할 때는 다음으로 읽는다.
필요할,SeungeFlow/SeungeFlow,main,85802d707160da1a1cfb2bfacfe9cea222a3c77c,README.md,264,main representative surface,https://raw.githubusercontent.com/SeungeFlow/SeungeFlow/85802d707160da1a1cfb2bfacfe9cea222a3c77c/README.md,더 세밀한 분해가 필요할 때는 다음으로 읽는다.
때는,SeungeFlow/SeungeFlow,main,85802d707160da1a1cfb2bfacfe9cea222a3c77c,README.md,264,main representative surface,https://raw.githubusercontent.com/SeungeFlow/SeungeFlow/85802d707160da1a1cfb2bfacfe9cea222a3c77c/README.md,더 세밀한 분해가 필요할 때는 다음으로 읽는다.
다음으로,SeungeFlow/SeungeFlow,main,85802d707160da1a1cfb2bfacfe9cea222a3c77c,README.md,264,main representative surface,https://raw.githubusercontent.com/SeungeFlow/SeungeFlow/85802d707160da1a1cfb2bfacfe9cea222a3c77c/README.md,더 세밀한 분해가 필요할 때는 다음으로 읽는다.
읽는다,SeungeFlow/SeungeFlow,main,85802d707160da1a1cfb2bfacfe9cea222a3c77c,README.md,264,main representative surface,https://raw.githubusercontent.com/SeungeFlow/SeungeFlow/85802d707160da1a1cfb2bfacfe9cea222a3c77c/README.md,더 세밀한 분해가 필요할 때는 다음으로 읽는다.
text,SeungeFlow/SeungeFlow,main,85802d707160da1a1cfb2bfacfe9cea222a3c77c,README.md,266,main representative surface,https://raw.githubusercontent.com/SeungeFlow/SeungeFlow/85802d707160da1a1cfb2bfacfe9cea222a3c77c/README.md,```text
이,SeungeFlow/SeungeFlow,main,85802d707160da1a1cfb2bfacfe9cea222a3c77c,README.md,270,main representative surface,https://raw.githubusercontent.com/SeungeFlow/SeungeFlow/85802d707160da1a1cfb2bfacfe9cea222a3c77c/README.md,이 식은 `C=tp`를 대체하지 않는다.
식은,SeungeFlow/SeungeFlow,main,85802d707160da1a1cfb2bfacfe9cea222a3c77c,README.md,270,main representative surface,https://raw.githubusercontent.com/SeungeFlow/SeungeFlow/85802d707160da1a1cfb2bfacfe9cea222a3c77c/README.md,이 식은 `C=tp`를 대체하지 않는다.
tp,SeungeFlow/SeungeFlow,main,85802d707160da1a1cfb2bfacfe9cea222a3c77c,README.md,270,main representative surface,https://raw.githubusercontent.com/SeungeFlow/SeungeFlow/85802d707160da1a1cfb2bfacfe9cea222a3c77c/README.md,이 식은 `C=tp`를 대체하지 않는다.
를,SeungeFlow/SeungeFlow,main,85802d707160da1a1cfb2bfacfe9cea222a3c77c,README.md,270,main representative surface,https://raw.githubusercontent.com/SeungeFlow/SeungeFlow/85802d707160da1a1cfb2bfacfe9cea222a3c77c/README.md,이 식은 `C=tp`를 대체하지 않는다.
대체하지,SeungeFlow/SeungeFlow,main,85802d707160da1a1cfb2bfacfe9cea222a3c77c,README.md,270,main representative surface,https://raw.githubusercontent.com/SeungeFlow/SeungeFlow/85802d707160da1a1cfb2bfacfe9cea222a3c77c/README.md,이 식은 `C=tp`를 대체하지 않는다.
않는다,SeungeFlow/SeungeFlow,main,85802d707160da1a1cfb2bfacfe9cea222a3c77c,README.md,270,main representative surface,https://raw.githubusercontent.com/SeungeFlow/SeungeFlow/85802d707160da1a1cfb2bfacfe9cea222a3c77c/README.md,이 식은 `C=tp`를 대체하지 않는다.
tp,SeungeFlow/SeungeFlow,main,85802d707160da1a1cfb2bfacfe9cea222a3c77c,README.md,272,main representative surface,https://raw.githubusercontent.com/SeungeFlow/SeungeFlow/85802d707160da1a1cfb2bfacfe9cea222a3c77c/README.md,`C=tp`를 분해한다.
를,SeungeFlow/SeungeFlow,main,85802d707160da1a1cfb2bfacfe9cea222a3c77c,README.md,272,main representative surface,https://raw.githubusercontent.com/SeungeFlow/SeungeFlow/85802d707160da1a1cfb2bfacfe9cea222a3c77c/README.md,`C=tp`를 분해한다.
분해한다,SeungeFlow/SeungeFlow,main,85802d707160da1a1cfb2bfacfe9cea222a3c77c,README.md,272,main representative surface,https://raw.githubusercontent.com/SeungeFlow/SeungeFlow/85802d707160da1a1cfb2bfacfe9cea222a3c77c/README.md,`C=tp`를 분해한다.
text,SeungeFlow/SeungeFlow,main,85802d707160da1a1cfb2bfacfe9cea222a3c77c,README.md,274,main representative surface,https://raw.githubusercontent.com/SeungeFlow/SeungeFlow/85802d707160da1a1cfb2bfacfe9cea222a3c77c/README.md,```text
tp,SeungeFlow/SeungeFlow,main,85802d707160da1a1cfb2bfacfe9cea222a3c77c,README.md,275,main representative surface,https://raw.githubusercontent.com/SeungeFlow/SeungeFlow/85802d707160da1a1cfb2bfacfe9cea222a3c77c/README.md,C=tp =
전체,SeungeFlow/SeungeFlow,main,85802d707160da1a1cfb2bfacfe9cea222a3c77c,README.md,276,main representative surface,https://raw.githubusercontent.com/SeungeFlow/SeungeFlow/85802d707160da1a1cfb2bfacfe9cea222a3c77c/README.md,전체 흐름식
흐름식,SeungeFlow/SeungeFlow,main,85802d707160da1a1cfb2bfacfe9cea222a3c77c,README.md,276,main representative surface,https://raw.githubusercontent.com/SeungeFlow/SeungeFlow/85802d707160da1a1cfb2bfacfe9cea222a3c77c/README.md,전체 흐름식
분해,SeungeFlow/SeungeFlow,main,85802d707160da1a1cfb2bfacfe9cea222a3c77c,README.md,279,main representative surface,https://raw.githubusercontent.com/SeungeFlow/SeungeFlow/85802d707160da1a1cfb2bfacfe9cea222a3c77c/README.md,분해·분석·검증·확인·의심의 순환식
분석,SeungeFlow/SeungeFlow,main,85802d707160da1a1cfb2bfacfe9cea222a3c77c,README.md,279,main representative surface,https://raw.githubusercontent.com/SeungeFlow/SeungeFlow/85802d707160da1a1cfb2bfacfe9cea222a3c77c/README.md,분해·분석·검증·확인·의심의 순환식
검증,SeungeFlow/SeungeFlow,main,85802d707160da1a1cfb2bfacfe9cea222a3c77c,README.md,279,main representative surface,https://raw.githubusercontent.com/SeungeFlow/SeungeFlow/85802d707160da1a1cfb2bfacfe9cea222a3c77c/README.md,분해·분석·검증·확인·의심의 순환식
확인,SeungeFlow/SeungeFlow,main,85802d707160da1a1cfb2bfacfe9cea222a3c77c,README.md,279,main representative surface,https://raw.githubusercontent.com/SeungeFlow/SeungeFlow/85802d707160da1a1cfb2bfacfe9cea222a3c77c/README.md,분해·분석·검증·확인·의심의 순환식
의심의,SeungeFlow/SeungeFlow,main,85802d707160da1a1cfb2bfacfe9cea222a3c77c,README.md,279,main representative surface,https://raw.githubusercontent.com/SeungeFlow/SeungeFlow/85802d707160da1a1cfb2bfacfe9cea222a3c77c/README.md,분해·분석·검증·확인·의심의 순환식
순환식,SeungeFlow/SeungeFlow,main,85802d707160da1a1cfb2bfacfe9cea222a3c77c,README.md,279,main representative surface,https://raw.githubusercontent.com/SeungeFlow/SeungeFlow/85802d707160da1a1cfb2bfacfe9cea222a3c77c/README.md,분해·분석·검증·확인·의심의 순환식
7,SeungeFlow/SeungeFlow,main,85802d707160da1a1cfb2bfacfe9cea222a3c77c,README.md,284,main representative surface,https://raw.githubusercontent.com/SeungeFlow/SeungeFlow/85802d707160da1a1cfb2bfacfe9cea222a3c77c/README.md,"## 7. 관계, 존재, 장"
관계,SeungeFlow/SeungeFlow,main,85802d707160da1a1cfb2bfacfe9cea222a3c77c,README.md,284,main representative surface,https://raw.githubusercontent.com/SeungeFlow/SeungeFlow/85802d707160da1a1cfb2bfacfe9cea222a3c77c/README.md,"## 7. 관계, 존재, 장"
존재,SeungeFlow/SeungeFlow,main,85802d707160da1a1cfb2bfacfe9cea222a3c77c,README.md,284,main representative surface,https://raw.githubusercontent.com/SeungeFlow/SeungeFlow/85802d707160da1a1cfb2bfacfe9cea222a3c77c/README.md,"## 7. 관계, 존재, 장"
장,SeungeFlow/SeungeFlow,main,85802d707160da1a1cfb2bfacfe9cea222a3c77c,README.md,284,main representative surface,https://raw.githubusercontent.com/SeungeFlow/SeungeFlow/85802d707160da1a1cfb2bfacfe9cea222a3c77c/README.md,"## 7. 관계, 존재, 장"
SeungeFlow,SeungeFlow/SeungeFlow,main,85802d707160da1a1cfb2bfacfe9cea222a3c77c,README.md,286,main representative surface,https://raw.githubusercontent.com/SeungeFlow/SeungeFlow/85802d707160da1a1cfb2bfacfe9cea222a3c77c/README.md,SeungeFlow의 중심은 관계다.
의,SeungeFlow/SeungeFlow,main,85802d707160da1a1cfb2bfacfe9cea222a3c77c,README.md,286,main representative surface,https://raw.githubusercontent.com/SeungeFlow/SeungeFlow/85802d707160da1a1cfb2bfacfe9cea222a3c77c/README.md,SeungeFlow의 중심은 관계다.
중심은,SeungeFlow/SeungeFlow,main,85802d707160da1a1cfb2bfacfe9cea222a3c77c,README.md,286,main representative surface,https://raw.githubusercontent.com/SeungeFlow/SeungeFlow/85802d707160da1a1cfb2bfacfe9cea222a3c77c/README.md,SeungeFlow의 중심은 관계다.
관계다,SeungeFlow/SeungeFlow,main,85802d707160da1a1cfb2bfacfe9cea222a3c77c,README.md,286,main representative surface,https://raw.githubusercontent.com/SeungeFlow/SeungeFlow/85802d707160da1a1cfb2bfacfe9cea222a3c77c/README.md,SeungeFlow의 중심은 관계다.
관계는,SeungeFlow/SeungeFlow,main,85802d707160da1a1cfb2bfacfe9cea222a3c77c,README.md,288,main representative surface,https://raw.githubusercontent.com/SeungeFlow/SeungeFlow/85802d707160da1a1cfb2bfacfe9cea222a3c77c/README.md,관계는 단순 연결이 아니다.
단순,SeungeFlow/SeungeFlow,main,85802d707160da1a1cfb2bfacfe9cea222a3c77c,README.md,288,main representative surface,https://raw.githubusercontent.com/SeungeFlow/SeungeFlow/85802d707160da1a1cfb2bfacfe9cea222a3c77c/README.md,관계는 단순 연결이 아니다.
연결이,SeungeFlow/SeungeFlow,main,85802d707160da1a1cfb2bfacfe9cea222a3c77c,README.md,288,main representative surface,https://raw.githubusercontent.com/SeungeFlow/SeungeFlow/85802d707160da1a1cfb2bfacfe9cea222a3c77c/README.md,관계는 단순 연결이 아니다.
아니다,SeungeFlow/SeungeFlow,main,85802d707160da1a1cfb2bfacfe9cea222a3c77c,README.md,288,main representative surface,https://raw.githubusercontent.com/SeungeFlow/SeungeFlow/85802d707160da1a1cfb2bfacfe9cea222a3c77c/README.md,관계는 단순 연결이 아니다.
text,SeungeFlow/SeungeFlow,main,85802d707160da1a1cfb2bfacfe9cea222a3c77c,README.md,290,main representative surface,https://raw.githubusercontent.com/SeungeFlow/SeungeFlow/85802d707160da1a1cfb2bfacfe9cea222a3c77c/README.md,```text
관계,SeungeFlow/SeungeFlow,main,85802d707160da1a1cfb2bfacfe9cea222a3c77c,README.md,291,main representative surface,https://raw.githubusercontent.com/SeungeFlow/SeungeFlow/85802d707160da1a1cfb2bfacfe9cea222a3c77c/README.md,관계 =
사이,SeungeFlow/SeungeFlow,main,85802d707160da1a1cfb2bfacfe9cea222a3c77c,README.md,292,main representative surface,https://raw.githubusercontent.com/SeungeFlow/SeungeFlow/85802d707160da1a1cfb2bfacfe9cea222a3c77c/README.md,사이
차이,SeungeFlow/SeungeFlow,main,85802d707160da1a1cfb2bfacfe9cea222a3c77c,README.md,294,main representative surface,https://raw.githubusercontent.com/SeungeFlow/SeungeFlow/85802d707160da1a1cfb2bfacfe9cea222a3c77c/README.md,차이
관계는,SeungeFlow/SeungeFlow,main,85802d707160da1a1cfb2bfacfe9cea222a3c77c,README.md,297,main representative surface,https://raw.githubusercontent.com/SeungeFlow/SeungeFlow/85802d707160da1a1cfb2bfacfe9cea222a3c77c/README.md,관계는 존재가 장 안에 놓일 때 드러난다.
존재가,SeungeFlow/SeungeFlow,main,85802d707160da1a1cfb2bfacfe9cea222a3c77c,README.md,297,main representative surface,https://raw.githubusercontent.com/SeungeFlow/SeungeFlow/85802d707160da1a1cfb2bfacfe9cea222a3c77c/README.md,관계는 존재가 장 안에 놓일 때 드러난다.
장,SeungeFlow/SeungeFlow,main,85802d707160da1a1cfb2bfacfe9cea222a3c77c,README.md,297,main representative surface,https://raw.githubusercontent.com/SeungeFlow/SeungeFlow/85802d707160da1a1cfb2bfacfe9cea222a3c77c/README.md,관계는 존재가 장 안에 놓일 때 드러난다.
안에,SeungeFlow/SeungeFlow,main,85802d707160da1a1cfb2bfacfe9cea222a3c77c,README.md,297,main representative surface,https://raw.githubusercontent.com/SeungeFlow/SeungeFlow/85802d707160da1a1cfb2bfacfe9cea222a3c77c/README.md,관계는 존재가 장 안에 놓일 때 드러난다.
놓일,SeungeFlow/SeungeFlow,main,85802d707160da1a1cfb2bfacfe9cea222a3c77c,README.md,297,main representative surface,https://raw.githubusercontent.com/SeungeFlow/SeungeFlow/85802d707160da1a1cfb2bfacfe9cea222a3c77c/README.md,관계는 존재가 장 안에 놓일 때 드러난다.
때,SeungeFlow/SeungeFlow,main,85802d707160da1a1cfb2bfacfe9cea222a3c77c,README.md,297,main representative surface,https://raw.githubusercontent.com/SeungeFlow/SeungeFlow/85802d707160da1a1cfb2bfacfe9cea222a3c77c/README.md,관계는 존재가 장 안에 놓일 때 드러난다.
드러난다,SeungeFlow/SeungeFlow,main,85802d707160da1a1cfb2bfacfe9cea222a3c77c,README.md,297,main representative surface,https://raw.githubusercontent.com/SeungeFlow/SeungeFlow/85802d707160da1a1cfb2bfacfe9cea222a3c77c/README.md,관계는 존재가 장 안에 놓일 때 드러난다.
text,SeungeFlow/SeungeFlow,main,85802d707160da1a1cfb2bfacfe9cea222a3c77c,README.md,299,main representative surface,https://raw.githubusercontent.com/SeungeFlow/SeungeFlow/85802d707160da1a1cfb2bfacfe9cea222a3c77c/README.md,```text
존재,SeungeFlow/SeungeFlow,main,85802d707160da1a1cfb2bfacfe9cea222a3c77c,README.md,300,main representative surface,https://raw.githubusercontent.com/SeungeFlow/SeungeFlow/85802d707160da1a1cfb2bfacfe9cea222a3c77c/README.md,존재 =
장을,SeungeFlow/SeungeFlow,main,85802d707160da1a1cfb2bfacfe9cea222a3c77c,README.md,301,main representative surface,https://raw.githubusercontent.com/SeungeFlow/SeungeFlow/85802d707160da1a1cfb2bfacfe9cea222a3c77c/README.md,장을 이루는 존재
이루는,SeungeFlow/SeungeFlow,main,85802d707160da1a1cfb2bfacfe9cea222a3c77c,README.md,301,main representative surface,https://raw.githubusercontent.com/SeungeFlow/SeungeFlow/85802d707160da1a1cfb2bfacfe9cea222a3c77c/README.md,장을 이루는 존재
존재,SeungeFlow/SeungeFlow,main,85802d707160da1a1cfb2bfacfe9cea222a3c77c,README.md,301,main representative surface,https://raw.githubusercontent.com/SeungeFlow/SeungeFlow/85802d707160da1a1cfb2bfacfe9cea222a3c77c/README.md,장을 이루는 존재
장,SeungeFlow/SeungeFlow,main,85802d707160da1a1cfb2bfacfe9cea222a3c77c,README.md,303,main representative surface,https://raw.githubusercontent.com/SeungeFlow/SeungeFlow/85802d707160da1a1cfb2bfacfe9cea222a3c77c/README.md,장 =
존재들이,SeungeFlow/SeungeFlow,main,85802d707160da1a1cfb2bfacfe9cea222a3c77c,README.md,304,main representative surface,https://raw.githubusercontent.com/SeungeFlow/SeungeFlow/85802d707160da1a1cfb2bfacfe9cea222a3c77c/README.md,존재들이 관계를 이루는 field
관계를,SeungeFlow/SeungeFlow,main,85802d707160da1a1cfb2bfacfe9cea222a3c77c,README.md,304,main representative surface,https://raw.githubusercontent.com/SeungeFlow/SeungeFlow/85802d707160da1a1cfb2bfacfe9cea222a3c77c/README.md,존재들이 관계를 이루는 field
이루는,SeungeFlow/SeungeFlow,main,85802d707160da1a1cfb2bfacfe9cea222a3c77c,README.md,304,main representative surface,https://raw.githubusercontent.com/SeungeFlow/SeungeFlow/85802d707160da1a1cfb2bfacfe9cea222a3c77c/README.md,존재들이 관계를 이루는 field
field,SeungeFlow/SeungeFlow,main,85802d707160da1a1cfb2bfacfe9cea222a3c77c,README.md,304,main representative surface,https://raw.githubusercontent.com/SeungeFlow/SeungeFlow/85802d707160da1a1cfb2bfacfe9cea222a3c77c/README.md,존재들이 관계를 이루는 field
존재는,SeungeFlow/SeungeFlow,main,85802d707160da1a1cfb2bfacfe9cea222a3c77c,README.md,307,main representative surface,https://raw.githubusercontent.com/SeungeFlow/SeungeFlow/85802d707160da1a1cfb2bfacfe9cea222a3c77c/README.md,존재는 단일하지 않다.
단일하지,SeungeFlow/SeungeFlow,main,85802d707160da1a1cfb2bfacfe9cea222a3c77c,README.md,307,main representative surface,https://raw.githubusercontent.com/SeungeFlow/SeungeFlow/85802d707160da1a1cfb2bfacfe9cea222a3c77c/README.md,존재는 단일하지 않다.
않다,SeungeFlow/SeungeFlow,main,85802d707160da1a1cfb2bfacfe9cea222a3c77c,README.md,307,main representative surface,https://raw.githubusercontent.com/SeungeFlow/SeungeFlow/85802d707160da1a1cfb2bfacfe9cea222a3c77c/README.md,존재는 단일하지 않다.
존재는,SeungeFlow/SeungeFlow,main,85802d707160da1a1cfb2bfacfe9cea222a3c77c,README.md,309,main representative surface,https://raw.githubusercontent.com/SeungeFlow/SeungeFlow/85802d707160da1a1cfb2bfacfe9cea222a3c77c/README.md,존재는 다중존재다.
다중존재다,SeungeFlow/SeungeFlow,main,85802d707160da1a1cfb2bfacfe9cea222a3c77c,README.md,309,main representative surface,https://raw.githubusercontent.com/SeungeFlow/SeungeFlow/85802d707160da1a1cfb2bfacfe9cea222a3c77c/README.md,존재는 다중존재다.
text,SeungeFlow/SeungeFlow,main,85802d707160da1a1cfb2bfacfe9cea222a3c77c,README.md,311,main representative surface,https://raw.githubusercontent.com/SeungeFlow/SeungeFlow/85802d707160da1a1cfb2bfacfe9cea222a3c77c/README.md,```text
하나의,SeungeFlow/SeungeFlow,main,85802d707160da1a1cfb2bfacfe9cea222a3c77c,README.md,313,main representative surface,https://raw.githubusercontent.com/SeungeFlow/SeungeFlow/85802d707160da1a1cfb2bfacfe9cea222a3c77c/README.md,하나의 관측대상
관측대상,SeungeFlow/SeungeFlow,main,85802d707160da1a1cfb2bfacfe9cea222a3c77c,README.md,313,main representative surface,https://raw.githubusercontent.com/SeungeFlow/SeungeFlow/85802d707160da1a1cfb2bfacfe9cea222a3c77c/README.md,하나의 관측대상
그,SeungeFlow/SeungeFlow,main,85802d707160da1a1cfb2bfacfe9cea222a3c77c,README.md,315,main representative surface,https://raw.githubusercontent.com/SeungeFlow/SeungeFlow/85802d707160da1a1cfb2bfacfe9cea222a3c77c/README.md,그 내부의 다중존재
내부의,SeungeFlow/SeungeFlow,main,85802d707160da1a1cfb2bfacfe9cea222a3c77c,README.md,315,main representative surface,https://raw.githubusercontent.com/SeungeFlow/SeungeFlow/85802d707160da1a1cfb2bfacfe9cea222a3c77c/README.md,그 내부의 다중존재
다중존재,SeungeFlow/SeungeFlow,main,85802d707160da1a1cfb2bfacfe9cea222a3c77c,README.md,315,main representative surface,https://raw.githubusercontent.com/SeungeFlow/SeungeFlow/85802d707160da1a1cfb2bfacfe9cea222a3c77c/README.md,그 내부의 다중존재
따라서,SeungeFlow/SeungeFlow,main,85802d707160da1a1cfb2bfacfe9cea222a3c77c,README.md,318,main representative surface,https://raw.githubusercontent.com/SeungeFlow/SeungeFlow/85802d707160da1a1cfb2bfacfe9cea222a3c77c/README.md,따라서 SeungeFlow는 대상을 평면적 객체로 보지 않는다.
SeungeFlow,SeungeFlow/SeungeFlow,main,85802d707160da1a1cfb2bfacfe9cea222a3c77c,README.md,318,main representative surface,https://raw.githubusercontent.com/SeungeFlow/SeungeFlow/85802d707160da1a1cfb2bfacfe9cea222a3c77c/README.md,따라서 SeungeFlow는 대상을 평면적 객체로 보지 않는다.
는,SeungeFlow/SeungeFlow,main,85802d707160da1a1cfb2bfacfe9cea222a3c77c,README.md,318,main representative surface,https://raw.githubusercontent.com/SeungeFlow/SeungeFlow/85802d707160da1a1cfb2bfacfe9cea222a3c77c/README.md,따라서 SeungeFlow는 대상을 평면적 객체로 보지 않는다.
대상을,SeungeFlow/SeungeFlow,main,85802d707160da1a1cfb2bfacfe9cea222a3c77c,README.md,318,main representative surface,https://raw.githubusercontent.com/SeungeFlow/SeungeFlow/85802d707160da1a1cfb2bfacfe9cea222a3c77c/README.md,따라서 SeungeFlow는 대상을 평면적 객체로 보지 않는다.
평면적,SeungeFlow/SeungeFlow,main,85802d707160da1a1cfb2bfacfe9cea222a3c77c,README.md,318,main representative surface,https://raw.githubusercontent.com/SeungeFlow/SeungeFlow/85802d707160da1a1cfb2bfacfe9cea222a3c77c/README.md,따라서 SeungeFlow는 대상을 평면적 객체로 보지 않는다.
객체로,SeungeFlow/SeungeFlow,main,85802d707160da1a1cfb2bfacfe9cea222a3c77c,README.md,318,main representative surface,https://raw.githubusercontent.com/SeungeFlow/SeungeFlow/85802d707160da1a1cfb2bfacfe9cea222a3c77c/README.md,따라서 SeungeFlow는 대상을 평면적 객체로 보지 않는다.
보지,SeungeFlow/SeungeFlow,main,85802d707160da1a1cfb2bfacfe9cea222a3c77c,README.md,318,main representative surface,https://raw.githubusercontent.com/SeungeFlow/SeungeFlow/85802d707160da1a1cfb2bfacfe9cea222a3c77c/README.md,따라서 SeungeFlow는 대상을 평면적 객체로 보지 않는다.
않는다,SeungeFlow/SeungeFlow,main,85802d707160da1a1cfb2bfacfe9cea222a3c77c,README.md,318,main representative surface,https://raw.githubusercontent.com/SeungeFlow/SeungeFlow/85802d707160da1a1cfb2bfacfe9cea222a3c77c/README.md,따라서 SeungeFlow는 대상을 평면적 객체로 보지 않는다.
대상,SeungeFlow/SeungeFlow,main,85802d707160da1a1cfb2bfacfe9cea222a3c77c,README.md,320,main representative surface,https://raw.githubusercontent.com/SeungeFlow/SeungeFlow/85802d707160da1a1cfb2bfacfe9cea222a3c77c/README.md,"대상, 장, 사이, 차이, 관계를 함께 읽는다."
장,SeungeFlow/SeungeFlow,main,85802d707160da1a1cfb2bfacfe9cea222a3c77c,README.md,320,main representative surface,https://raw.githubusercontent.com/SeungeFlow/SeungeFlow/85802d707160da1a1cfb2bfacfe9cea222a3c77c/README.md,"대상, 장, 사이, 차이, 관계를 함께 읽는다."
사이,SeungeFlow/SeungeFlow,main,85802d707160da1a1cfb2bfacfe9cea222a3c77c,README.md,320,main representative surface,https://raw.githubusercontent.com/SeungeFlow/SeungeFlow/85802d707160da1a1cfb2bfacfe9cea222a3c77c/README.md,"대상, 장, 사이, 차이, 관계를 함께 읽는다."
차이,SeungeFlow/SeungeFlow,main,85802d707160da1a1cfb2bfacfe9cea222a3c77c,README.md,320,main representative surface,https://raw.githubusercontent.com/SeungeFlow/SeungeFlow/85802d707160da1a1cfb2bfacfe9cea222a3c77c/README.md,"대상, 장, 사이, 차이, 관계를 함께 읽는다."
관계를,SeungeFlow/SeungeFlow,main,85802d707160da1a1cfb2bfacfe9cea222a3c77c,README.md,320,main representative surface,https://raw.githubusercontent.com/SeungeFlow/SeungeFlow/85802d707160da1a1cfb2bfacfe9cea222a3c77c/README.md,"대상, 장, 사이, 차이, 관계를 함께 읽는다."
함께,SeungeFlow/SeungeFlow,main,85802d707160da1a1cfb2bfacfe9cea222a3c77c,README.md,320,main representative surface,https://raw.githubusercontent.com/SeungeFlow/SeungeFlow/85802d707160da1a1cfb2bfacfe9cea222a3c77c/README.md,"대상, 장, 사이, 차이, 관계를 함께 읽는다."
읽는다,SeungeFlow/SeungeFlow,main,85802d707160da1a1cfb2bfacfe9cea222a3c77c,README.md,320,main representative surface,https://raw.githubusercontent.com/SeungeFlow/SeungeFlow/85802d707160da1a1cfb2bfacfe9cea222a3c77c/README.md,"대상, 장, 사이, 차이, 관계를 함께 읽는다."
8,SeungeFlow/SeungeFlow,main,85802d707160da1a1cfb2bfacfe9cea222a3c77c,README.md,324,main representative surface,https://raw.githubusercontent.com/SeungeFlow/SeungeFlow/85802d707160da1a1cfb2bfacfe9cea222a3c77c/README.md,## 8. 9dot0
9dot0,SeungeFlow/SeungeFlow,main,85802d707160da1a1cfb2bfacfe9cea222a3c77c,README.md,324,main representative surface,https://raw.githubusercontent.com/SeungeFlow/SeungeFlow/85802d707160da1a1cfb2bfacfe9cea222a3c77c/README.md,## 8. 9dot0
9dot0,SeungeFlow/SeungeFlow,main,85802d707160da1a1cfb2bfacfe9cea222a3c77c,README.md,326,main representative surface,https://raw.githubusercontent.com/SeungeFlow/SeungeFlow/85802d707160da1a1cfb2bfacfe9cea222a3c77c/README.md,`9dot0`는 핵심 전이 구조다.
는,SeungeFlow/SeungeFlow,main,85802d707160da1a1cfb2bfacfe9cea222a3c77c,README.md,326,main representative surface,https://raw.githubusercontent.com/SeungeFlow/SeungeFlow/85802d707160da1a1cfb2bfacfe9cea222a3c77c/README.md,`9dot0`는 핵심 전이 구조다.
핵심,SeungeFlow/SeungeFlow,main,85802d707160da1a1cfb2bfacfe9cea222a3c77c,README.md,326,main representative surface,https://raw.githubusercontent.com/SeungeFlow/SeungeFlow/85802d707160da1a1cfb2bfacfe9cea222a3c77c/README.md,`9dot0`는 핵심 전이 구조다.
전이,SeungeFlow/SeungeFlow,main,85802d707160da1a1cfb2bfacfe9cea222a3c77c,README.md,326,main representative surface,https://raw.githubusercontent.com/SeungeFlow/SeungeFlow/85802d707160da1a1cfb2bfacfe9cea222a3c77c/README.md,`9dot0`는 핵심 전이 구조다.
구조다,SeungeFlow/SeungeFlow,main,85802d707160da1a1cfb2bfacfe9cea222a3c77c,README.md,326,main representative surface,https://raw.githubusercontent.com/SeungeFlow/SeungeFlow/85802d707160da1a1cfb2bfacfe9cea222a3c77c/README.md,`9dot0`는 핵심 전이 구조다.
text,SeungeFlow/SeungeFlow,main,85802d707160da1a1cfb2bfacfe9cea222a3c77c,README.md,328,main representative surface,https://raw.githubusercontent.com/SeungeFlow/SeungeFlow/85802d707160da1a1cfb2bfacfe9cea222a3c77c/README.md,```text
9,SeungeFlow/SeungeFlow,main,85802d707160da1a1cfb2bfacfe9cea222a3c77c,README.md,329,main representative surface,https://raw.githubusercontent.com/SeungeFlow/SeungeFlow/85802d707160da1a1cfb2bfacfe9cea222a3c77c/README.md,9 dot 0
dot,SeungeFlow/SeungeFlow,main,85802d707160da1a1cfb2bfacfe9cea222a3c77c,README.md,329,main representative surface,https://raw.githubusercontent.com/SeungeFlow/SeungeFlow/85802d707160da1a1cfb2bfacfe9cea222a3c77c/README.md,9 dot 0
0,SeungeFlow/SeungeFlow,main,85802d707160da1a1cfb2bfacfe9cea222a3c77c,README.md,329,main representative surface,https://raw.githubusercontent.com/SeungeFlow/SeungeFlow/85802d707160da1a1cfb2bfacfe9cea222a3c77c/README.md,9 dot 0
9,SeungeFlow/SeungeFlow,main,85802d707160da1a1cfb2bfacfe9cea222a3c77c,README.md,332,main representative surface,https://raw.githubusercontent.com/SeungeFlow/SeungeFlow/85802d707160da1a1cfb2bfacfe9cea222a3c77c/README.md,9는 끝점이다.
는,SeungeFlow/SeungeFlow,main,85802d707160da1a1cfb2bfacfe9cea222a3c77c,README.md,332,main representative surface,https://raw.githubusercontent.com/SeungeFlow/SeungeFlow/85802d707160da1a1cfb2bfacfe9cea222a3c77c/README.md,9는 끝점이다.
끝점이다,SeungeFlow/SeungeFlow,main,85802d707160da1a1cfb2bfacfe9cea222a3c77c,README.md,332,main representative surface,https://raw.githubusercontent.com/SeungeFlow/SeungeFlow/85802d707160da1a1cfb2bfacfe9cea222a3c77c/README.md,9는 끝점이다.
0,SeungeFlow/SeungeFlow,main,85802d707160da1a1cfb2bfacfe9cea222a3c77c,README.md,334,main representative surface,https://raw.githubusercontent.com/SeungeFlow/SeungeFlow/85802d707160da1a1cfb2bfacfe9cea222a3c77c/README.md,0은 다음 시작점이다.
은,SeungeFlow/SeungeFlow,main,85802d707160da1a1cfb2bfacfe9cea222a3c77c,README.md,334,main representative surface,https://raw.githubusercontent.com/SeungeFlow/SeungeFlow/85802d707160da1a1cfb2bfacfe9cea222a3c77c/README.md,0은 다음 시작점이다.
다음,SeungeFlow/SeungeFlow,main,85802d707160da1a1cfb2bfacfe9cea222a3c77c,README.md,334,main representative surface,https://raw.githubusercontent.com/SeungeFlow/SeungeFlow/85802d707160da1a1cfb2bfacfe9cea222a3c77c/README.md,0은 다음 시작점이다.
시작점이다,SeungeFlow/SeungeFlow,main,85802d707160da1a1cfb2bfacfe9cea222a3c77c,README.md,334,main representative surface,https://raw.githubusercontent.com/SeungeFlow/SeungeFlow/85802d707160da1a1cfb2bfacfe9cea222a3c77c/README.md,0은 다음 시작점이다.
dot,SeungeFlow/SeungeFlow,main,85802d707160da1a1cfb2bfacfe9cea222a3c77c,README.md,336,main representative surface,https://raw.githubusercontent.com/SeungeFlow/SeungeFlow/85802d707160da1a1cfb2bfacfe9cea222a3c77c/README.md,dot은 끝점과 시작점 사이에 펼쳐진 무한한 잠재가능성이다.
은,SeungeFlow/SeungeFlow,main,85802d707160da1a1cfb2bfacfe9cea222a3c77c,README.md,336,main representative surface,https://raw.githubusercontent.com/SeungeFlow/SeungeFlow/85802d707160da1a1cfb2bfacfe9cea222a3c77c/README.md,dot은 끝점과 시작점 사이에 펼쳐진 무한한 잠재가능성이다.
끝점과,SeungeFlow/SeungeFlow,main,85802d707160da1a1cfb2bfacfe9cea222a3c77c,README.md,336,main representative surface,https://raw.githubusercontent.com/SeungeFlow/SeungeFlow/85802d707160da1a1cfb2bfacfe9cea222a3c77c/README.md,dot은 끝점과 시작점 사이에 펼쳐진 무한한 잠재가능성이다.
시작점,SeungeFlow/SeungeFlow,main,85802d707160da1a1cfb2bfacfe9cea222a3c77c,README.md,336,main representative surface,https://raw.githubusercontent.com/SeungeFlow/SeungeFlow/85802d707160da1a1cfb2bfacfe9cea222a3c77c/README.md,dot은 끝점과 시작점 사이에 펼쳐진 무한한 잠재가능성이다.
사이에,SeungeFlow/SeungeFlow,main,85802d707160da1a1cfb2bfacfe9cea222a3c77c,README.md,336,main representative surface,https://raw.githubusercontent.com/SeungeFlow/SeungeFlow/85802d707160da1a1cfb2bfacfe9cea222a3c77c/README.md,dot은 끝점과 시작점 사이에 펼쳐진 무한한 잠재가능성이다.
펼쳐진,SeungeFlow/SeungeFlow,main,85802d707160da1a1cfb2bfacfe9cea222a3c77c,README.md,336,main representative surface,https://raw.githubusercontent.com/SeungeFlow/SeungeFlow/85802d707160da1a1cfb2bfacfe9cea222a3c77c/README.md,dot은 끝점과 시작점 사이에 펼쳐진 무한한 잠재가능성이다.
무한한,SeungeFlow/SeungeFlow,main,85802d707160da1a1cfb2bfacfe9cea222a3c77c,README.md,336,main representative surface,https://raw.githubusercontent.com/SeungeFlow/SeungeFlow/85802d707160da1a1cfb2bfacfe9cea222a3c77c/README.md,dot은 끝점과 시작점 사이에 펼쳐진 무한한 잠재가능성이다.
잠재가능성이다,SeungeFlow/SeungeFlow,main,85802d707160da1a1cfb2bfacfe9cea222a3c77c,README.md,336,main representative surface,https://raw.githubusercontent.com/SeungeFlow/SeungeFlow/85802d707160da1a1cfb2bfacfe9cea222a3c77c/README.md,dot은 끝점과 시작점 사이에 펼쳐진 무한한 잠재가능성이다.
text,SeungeFlow/SeungeFlow,main,85802d707160da1a1cfb2bfacfe9cea222a3c77c,README.md,338,main representative surface,https://raw.githubusercontent.com/SeungeFlow/SeungeFlow/85802d707160da1a1cfb2bfacfe9cea222a3c77c/README.md,```text
9dot0,SeungeFlow/SeungeFlow,main,85802d707160da1a1cfb2bfacfe9cea222a3c77c,README.md,339,main representative surface,https://raw.githubusercontent.com/SeungeFlow/SeungeFlow/85802d707160da1a1cfb2bfacfe9cea222a3c77c/README.md,9dot0 =
극한임계전이,SeungeFlow/SeungeFlow,main,85802d707160da1a1cfb2bfacfe9cea222a3c77c,README.md,340,main representative surface,https://raw.githubusercontent.com/SeungeFlow/SeungeFlow/85802d707160da1a1cfb2bfacfe9cea222a3c77c/README.md,극한임계전이
하나의,SeungeFlow/SeungeFlow,main,85802d707160da1a1cfb2bfacfe9cea222a3c77c,README.md,342,main representative surface,https://raw.githubusercontent.com/SeungeFlow/SeungeFlow/85802d707160da1a1cfb2bfacfe9cea222a3c77c/README.md,하나의 dot
dot,SeungeFlow/SeungeFlow,main,85802d707160da1a1cfb2bfacfe9cea222a3c77c,README.md,342,main representative surface,https://raw.githubusercontent.com/SeungeFlow/SeungeFlow/85802d707160da1a1cfb2bfacfe9cea222a3c77c/README.md,하나의 dot
임계사이영역,SeungeFlow/SeungeFlow,main,85802d707160da1a1cfb2bfacfe9cea222a3c77c,README.md,344,main representative surface,https://raw.githubusercontent.com/SeungeFlow/SeungeFlow/85802d707160da1a1cfb2bfacfe9cea222a3c77c/README.md,임계사이영역
dot,SeungeFlow/SeungeFlow,main,85802d707160da1a1cfb2bfacfe9cea222a3c77c,README.md,347,main representative surface,https://raw.githubusercontent.com/SeungeFlow/SeungeFlow/85802d707160da1a1cfb2bfacfe9cea222a3c77c/README.md,dot은 단순 점이 아니다.
은,SeungeFlow/SeungeFlow,main,85802d707160da1a1cfb2bfacfe9cea222a3c77c,README.md,347,main representative surface,https://raw.githubusercontent.com/SeungeFlow/SeungeFlow/85802d707160da1a1cfb2bfacfe9cea222a3c77c/README.md,dot은 단순 점이 아니다.
단순,SeungeFlow/SeungeFlow,main,85802d707160da1a1cfb2bfacfe9cea222a3c77c,README.md,347,main representative surface,https://raw.githubusercontent.com/SeungeFlow/SeungeFlow/85802d707160da1a1cfb2bfacfe9cea222a3c77c/README.md,dot은 단순 점이 아니다.
점이,SeungeFlow/SeungeFlow,main,85802d707160da1a1cfb2bfacfe9cea222a3c77c,README.md,347,main representative surface,https://raw.githubusercontent.com/SeungeFlow/SeungeFlow/85802d707160da1a1cfb2bfacfe9cea222a3c77c/README.md,dot은 단순 점이 아니다.
아니다,SeungeFlow/SeungeFlow,main,85802d707160da1a1cfb2bfacfe9cea222a3c77c,README.md,347,main representative surface,https://raw.githubusercontent.com/SeungeFlow/SeungeFlow/85802d707160da1a1cfb2bfacfe9cea222a3c77c/README.md,dot은 단순 점이 아니다.
관측자의,SeungeFlow/SeungeFlow,main,85802d707160da1a1cfb2bfacfe9cea222a3c77c,README.md,349,main representative surface,https://raw.githubusercontent.com/SeungeFlow/SeungeFlow/85802d707160da1a1cfb2bfacfe9cea222a3c77c/README.md,"관측자의 시선과 경계에 따라 점, 선, 면, 공간으로 드러날 수 있다."
시선과,SeungeFlow/SeungeFlow,main,85802d707160da1a1cfb2bfacfe9cea222a3c77c,README.md,349,main representative surface,https://raw.githubusercontent.com/SeungeFlow/SeungeFlow/85802d707160da1a1cfb2bfacfe9cea222a3c77c/README.md,"관측자의 시선과 경계에 따라 점, 선, 면, 공간으로 드러날 수 있다."
경계에,SeungeFlow/SeungeFlow,main,85802d707160da1a1cfb2bfacfe9cea222a3c77c,README.md,349,main representative surface,https://raw.githubusercontent.com/SeungeFlow/SeungeFlow/85802d707160da1a1cfb2bfacfe9cea222a3c77c/README.md,"관측자의 시선과 경계에 따라 점, 선, 면, 공간으로 드러날 수 있다."
따라,SeungeFlow/SeungeFlow,main,85802d707160da1a1cfb2bfacfe9cea222a3c77c,README.md,349,main representative surface,https://raw.githubusercontent.com/SeungeFlow/SeungeFlow/85802d707160da1a1cfb2bfacfe9cea222a3c77c/README.md,"관측자의 시선과 경계에 따라 점, 선, 면, 공간으로 드러날 수 있다."
점,SeungeFlow/SeungeFlow,main,85802d707160da1a1cfb2bfacfe9cea222a3c77c,README.md,349,main representative surface,https://raw.githubusercontent.com/SeungeFlow/SeungeFlow/85802d707160da1a1cfb2bfacfe9cea222a3c77c/README.md,"관측자의 시선과 경계에 따라 점, 선, 면, 공간으로 드러날 수 있다."
선,SeungeFlow/SeungeFlow,main,85802d707160da1a1cfb2bfacfe9cea222a3c77c,README.md,349,main representative surface,https://raw.githubusercontent.com/SeungeFlow/SeungeFlow/85802d707160da1a1cfb2bfacfe9cea222a3c77c/README.md,"관측자의 시선과 경계에 따라 점, 선, 면, 공간으로 드러날 수 있다."
면,SeungeFlow/SeungeFlow,main,85802d707160da1a1cfb2bfacfe9cea222a3c77c,README.md,349,main representative surface,https://raw.githubusercontent.com/SeungeFlow/SeungeFlow/85802d707160da1a1cfb2bfacfe9cea222a3c77c/README.md,"관측자의 시선과 경계에 따라 점, 선, 면, 공간으로 드러날 수 있다."
공간으로,SeungeFlow/SeungeFlow,main,85802d707160da1a1cfb2bfacfe9cea222a3c77c,README.md,349,main representative surface,https://raw.githubusercontent.com/SeungeFlow/SeungeFlow/85802d707160da1a1cfb2bfacfe9cea222a3c77c/README.md,"관측자의 시선과 경계에 따라 점, 선, 면, 공간으로 드러날 수 있다."
드러날,SeungeFlow/SeungeFlow,main,85802d707160da1a1cfb2bfacfe9cea222a3c77c,README.md,349,main representative surface,https://raw.githubusercontent.com/SeungeFlow/SeungeFlow/85802d707160da1a1cfb2bfacfe9cea222a3c77c/README.md,"관측자의 시선과 경계에 따라 점, 선, 면, 공간으로 드러날 수 있다."
수,SeungeFlow/SeungeFlow,main,85802d707160da1a1cfb2bfacfe9cea222a3c77c,README.md,349,main representative surface,https://raw.githubusercontent.com/SeungeFlow/SeungeFlow/85802d707160da1a1cfb2bfacfe9cea222a3c77c/README.md,"관측자의 시선과 경계에 따라 점, 선, 면, 공간으로 드러날 수 있다."
있다,SeungeFlow/SeungeFlow,main,85802d707160da1a1cfb2bfacfe9cea222a3c77c,README.md,349,main representative surface,https://raw.githubusercontent.com/SeungeFlow/SeungeFlow/85802d707160da1a1cfb2bfacfe9cea222a3c77c/README.md,"관측자의 시선과 경계에 따라 점, 선, 면, 공간으로 드러날 수 있다."
text,SeungeFlow/SeungeFlow,main,85802d707160da1a1cfb2bfacfe9cea222a3c77c,README.md,351,main representative surface,https://raw.githubusercontent.com/SeungeFlow/SeungeFlow/85802d707160da1a1cfb2bfacfe9cea222a3c77c/README.md,```text
dot,SeungeFlow/SeungeFlow,main,85802d707160da1a1cfb2bfacfe9cea222a3c77c,README.md,352,main representative surface,https://raw.githubusercontent.com/SeungeFlow/SeungeFlow/85802d707160da1a1cfb2bfacfe9cea222a3c77c/README.md,dot =
중심점과,SeungeFlow/SeungeFlow,main,85802d707160da1a1cfb2bfacfe9cea222a3c77c,README.md,353,main representative surface,https://raw.githubusercontent.com/SeungeFlow/SeungeFlow/85802d707160da1a1cfb2bfacfe9cea222a3c77c/README.md,중심점과 끝점 사이의 무한한 잠재가능성
끝점,SeungeFlow/SeungeFlow,main,85802d707160da1a1cfb2bfacfe9cea222a3c77c,README.md,353,main representative surface,https://raw.githubusercontent.com/SeungeFlow/SeungeFlow/85802d707160da1a1cfb2bfacfe9cea222a3c77c/README.md,중심점과 끝점 사이의 무한한 잠재가능성
사이의,SeungeFlow/SeungeFlow,main,85802d707160da1a1cfb2bfacfe9cea222a3c77c,README.md,353,main representative surface,https://raw.githubusercontent.com/SeungeFlow/SeungeFlow/85802d707160da1a1cfb2bfacfe9cea222a3c77c/README.md,중심점과 끝점 사이의 무한한 잠재가능성
무한한,SeungeFlow/SeungeFlow,main,85802d707160da1a1cfb2bfacfe9cea222a3c77c,README.md,353,main representative surface,https://raw.githubusercontent.com/SeungeFlow/SeungeFlow/85802d707160da1a1cfb2bfacfe9cea222a3c77c/README.md,중심점과 끝점 사이의 무한한 잠재가능성
잠재가능성,SeungeFlow/SeungeFlow,main,85802d707160da1a1cfb2bfacfe9cea222a3c77c,README.md,353,main representative surface,https://raw.githubusercontent.com/SeungeFlow/SeungeFlow/85802d707160da1a1cfb2bfacfe9cea222a3c77c/README.md,중심점과 끝점 사이의 무한한 잠재가능성
9,SeungeFlow/SeungeFlow,main,85802d707160da1a1cfb2bfacfe9cea222a3c77c,README.md,358,main representative surface,https://raw.githubusercontent.com/SeungeFlow/SeungeFlow/85802d707160da1a1cfb2bfacfe9cea222a3c77c/README.md,## 9. 역발상
역발상,SeungeFlow/SeungeFlow,main,85802d707160da1a1cfb2bfacfe9cea222a3c77c,README.md,358,main representative surface,https://raw.githubusercontent.com/SeungeFlow/SeungeFlow/85802d707160da1a1cfb2bfacfe9cea222a3c77c/README.md,## 9. 역발상
구조원리의,SeungeFlow/SeungeFlow,main,85802d707160da1a1cfb2bfacfe9cea222a3c77c,README.md,360,main representative surface,https://raw.githubusercontent.com/SeungeFlow/SeungeFlow/85802d707160da1a1cfb2bfacfe9cea222a3c77c/README.md,구조원리의 핵심어는 역발상이다.
핵심어는,SeungeFlow/SeungeFlow,main,85802d707160da1a1cfb2bfacfe9cea222a3c77c,README.md,360,main representative surface,https://raw.githubusercontent.com/SeungeFlow/SeungeFlow/85802d707160da1a1cfb2bfacfe9cea222a3c77c/README.md,구조원리의 핵심어는 역발상이다.
역발상이다,SeungeFlow/SeungeFlow,main,85802d707160da1a1cfb2bfacfe9cea222a3c77c,README.md,360,main representative surface,https://raw.githubusercontent.com/SeungeFlow/SeungeFlow/85802d707160da1a1cfb2bfacfe9cea222a3c77c/README.md,구조원리의 핵심어는 역발상이다.
그러나,SeungeFlow/SeungeFlow,main,85802d707160da1a1cfb2bfacfe9cea222a3c77c,README.md,362,main representative surface,https://raw.githubusercontent.com/SeungeFlow/SeungeFlow/85802d707160da1a1cfb2bfacfe9cea222a3c77c/README.md,그러나 역발상은 반대로 생각하기가 아니다.
역발상은,SeungeFlow/SeungeFlow,main,85802d707160da1a1cfb2bfacfe9cea222a3c77c,README.md,362,main representative surface,https://raw.githubusercontent.com/SeungeFlow/SeungeFlow/85802d707160da1a1cfb2bfacfe9cea222a3c77c/README.md,그러나 역발상은 반대로 생각하기가 아니다.
반대로,SeungeFlow/SeungeFlow,main,85802d707160da1a1cfb2bfacfe9cea222a3c77c,README.md,362,main representative surface,https://raw.githubusercontent.com/SeungeFlow/SeungeFlow/85802d707160da1a1cfb2bfacfe9cea222a3c77c/README.md,그러나 역발상은 반대로 생각하기가 아니다.
생각하기가,SeungeFlow/SeungeFlow,main,85802d707160da1a1cfb2bfacfe9cea222a3c77c,README.md,362,main representative surface,https://raw.githubusercontent.com/SeungeFlow/SeungeFlow/85802d707160da1a1cfb2bfacfe9cea222a3c77c/README.md,그러나 역발상은 반대로 생각하기가 아니다.
아니다,SeungeFlow/SeungeFlow,main,85802d707160da1a1cfb2bfacfe9cea222a3c77c,README.md,362,main representative surface,https://raw.githubusercontent.com/SeungeFlow/SeungeFlow/85802d707160da1a1cfb2bfacfe9cea222a3c77c/README.md,그러나 역발상은 반대로 생각하기가 아니다.
text,SeungeFlow/SeungeFlow,main,85802d707160da1a1cfb2bfacfe9cea222a3c77c,README.md,364,main representative surface,https://raw.githubusercontent.com/SeungeFlow/SeungeFlow/85802d707160da1a1cfb2bfacfe9cea222a3c77c/README.md,```text
역발상,SeungeFlow/SeungeFlow,main,85802d707160da1a1cfb2bfacfe9cea222a3c77c,README.md,365,main representative surface,https://raw.githubusercontent.com/SeungeFlow/SeungeFlow/85802d707160da1a1cfb2bfacfe9cea222a3c77c/README.md,역발상 ≠ 반대 의견
반대,SeungeFlow/SeungeFlow,main,85802d707160da1a1cfb2bfacfe9cea222a3c77c,README.md,365,main representative surface,https://raw.githubusercontent.com/SeungeFlow/SeungeFlow/85802d707160da1a1cfb2bfacfe9cea222a3c77c/README.md,역발상 ≠ 반대 의견
의견,SeungeFlow/SeungeFlow,main,85802d707160da1a1cfb2bfacfe9cea222a3c77c,README.md,365,main representative surface,https://raw.githubusercontent.com/SeungeFlow/SeungeFlow/85802d707160da1a1cfb2bfacfe9cea222a3c77c/README.md,역발상 ≠ 반대 의견
역발상,SeungeFlow/SeungeFlow,main,85802d707160da1a1cfb2bfacfe9cea222a3c77c,README.md,366,main representative surface,https://raw.githubusercontent.com/SeungeFlow/SeungeFlow/85802d707160da1a1cfb2bfacfe9cea222a3c77c/README.md,역발상 ≠ 모순
모순,SeungeFlow/SeungeFlow,main,85802d707160da1a1cfb2bfacfe9cea222a3c77c,README.md,366,main representative surface,https://raw.githubusercontent.com/SeungeFlow/SeungeFlow/85802d707160da1a1cfb2bfacfe9cea222a3c77c/README.md,역발상 ≠ 모순
역발상,SeungeFlow/SeungeFlow,main,85802d707160da1a1cfb2bfacfe9cea222a3c77c,README.md,367,main representative surface,https://raw.githubusercontent.com/SeungeFlow/SeungeFlow/85802d707160da1a1cfb2bfacfe9cea222a3c77c/README.md,역발상 ≠ 구조를 뒤집기
구조를,SeungeFlow/SeungeFlow,main,85802d707160da1a1cfb2bfacfe9cea222a3c77c,README.md,367,main representative surface,https://raw.githubusercontent.com/SeungeFlow/SeungeFlow/85802d707160da1a1cfb2bfacfe9cea222a3c77c/README.md,역발상 ≠ 구조를 뒤집기
뒤집기,SeungeFlow/SeungeFlow,main,85802d707160da1a1cfb2bfacfe9cea222a3c77c,README.md,367,main representative surface,https://raw.githubusercontent.com/SeungeFlow/SeungeFlow/85802d707160da1a1cfb2bfacfe9cea222a3c77c/README.md,역발상 ≠ 구조를 뒤집기
역발상은,SeungeFlow/SeungeFlow,main,85802d707160da1a1cfb2bfacfe9cea222a3c77c,README.md,370,main representative surface,https://raw.githubusercontent.com/SeungeFlow/SeungeFlow/85802d707160da1a1cfb2bfacfe9cea222a3c77c/README.md,"역발상은 구조가 단방향으로 이어지는 가운데, 관측자의 시선과 기점과 경계를 바꾸는 것이다."
구조가,SeungeFlow/SeungeFlow,main,85802d707160da1a1cfb2bfacfe9cea222a3c77c,README.md,370,main representative surface,https://raw.githubusercontent.com/SeungeFlow/SeungeFlow/85802d707160da1a1cfb2bfacfe9cea222a3c77c/README.md,"역발상은 구조가 단방향으로 이어지는 가운데, 관측자의 시선과 기점과 경계를 바꾸는 것이다."
단방향으로,SeungeFlow/SeungeFlow,main,85802d707160da1a1cfb2bfacfe9cea222a3c77c,README.md,370,main representative surface,https://raw.githubusercontent.com/SeungeFlow/SeungeFlow/85802d707160da1a1cfb2bfacfe9cea222a3c77c/README.md,"역발상은 구조가 단방향으로 이어지는 가운데, 관측자의 시선과 기점과 경계를 바꾸는 것이다."
이어지는,SeungeFlow/SeungeFlow,main,85802d707160da1a1cfb2bfacfe9cea222a3c77c,README.md,370,main representative surface,https://raw.githubusercontent.com/SeungeFlow/SeungeFlow/85802d707160da1a1cfb2bfacfe9cea222a3c77c/README.md,"역발상은 구조가 단방향으로 이어지는 가운데, 관측자의 시선과 기점과 경계를 바꾸는 것이다."
가운데,SeungeFlow/SeungeFlow,main,85802d707160da1a1cfb2bfacfe9cea222a3c77c,README.md,370,main representative surface,https://raw.githubusercontent.com/SeungeFlow/SeungeFlow/85802d707160da1a1cfb2bfacfe9cea222a3c77c/README.md,"역발상은 구조가 단방향으로 이어지는 가운데, 관측자의 시선과 기점과 경계를 바꾸는 것이다."
관측자의,SeungeFlow/SeungeFlow,main,85802d707160da1a1cfb2bfacfe9cea222a3c77c,README.md,370,main representative surface,https://raw.githubusercontent.com/SeungeFlow/SeungeFlow/85802d707160da1a1cfb2bfacfe9cea222a3c77c/README.md,"역발상은 구조가 단방향으로 이어지는 가운데, 관측자의 시선과 기점과 경계를 바꾸는 것이다."
시선과,SeungeFlow/SeungeFlow,main,85802d707160da1a1cfb2bfacfe9cea222a3c77c,README.md,370,main representative surface,https://raw.githubusercontent.com/SeungeFlow/SeungeFlow/85802d707160da1a1cfb2bfacfe9cea222a3c77c/README.md,"역발상은 구조가 단방향으로 이어지는 가운데, 관측자의 시선과 기점과 경계를 바꾸는 것이다."
기점과,SeungeFlow/SeungeFlow,main,85802d707160da1a1cfb2bfacfe9cea222a3c77c,README.md,370,main representative surface,https://raw.githubusercontent.com/SeungeFlow/SeungeFlow/85802d707160da1a1cfb2bfacfe9cea222a3c77c/README.md,"역발상은 구조가 단방향으로 이어지는 가운데, 관측자의 시선과 기점과 경계를 바꾸는 것이다."
경계를,SeungeFlow/SeungeFlow,main,85802d707160da1a1cfb2bfacfe9cea222a3c77c,README.md,370,main representative surface,https://raw.githubusercontent.com/SeungeFlow/SeungeFlow/85802d707160da1a1cfb2bfacfe9cea222a3c77c/README.md,"역발상은 구조가 단방향으로 이어지는 가운데, 관측자의 시선과 기점과 경계를 바꾸는 것이다."
바꾸는,SeungeFlow/SeungeFlow,main,85802d707160da1a1cfb2bfacfe9cea222a3c77c,README.md,370,main representative surface,https://raw.githubusercontent.com/SeungeFlow/SeungeFlow/85802d707160da1a1cfb2bfacfe9cea222a3c77c/README.md,"역발상은 구조가 단방향으로 이어지는 가운데, 관측자의 시선과 기점과 경계를 바꾸는 것이다."
것이다,SeungeFlow/SeungeFlow,main,85802d707160da1a1cfb2bfacfe9cea222a3c77c,README.md,370,main representative surface,https://raw.githubusercontent.com/SeungeFlow/SeungeFlow/85802d707160da1a1cfb2bfacfe9cea222a3c77c/README.md,"역발상은 구조가 단방향으로 이어지는 가운데, 관측자의 시선과 기점과 경계를 바꾸는 것이다."
text,SeungeFlow/SeungeFlow,main,85802d707160da1a1cfb2bfacfe9cea222a3c77c,README.md,372,main representative surface,https://raw.githubusercontent.com/SeungeFlow/SeungeFlow/85802d707160da1a1cfb2bfacfe9cea222a3c77c/README.md,```text
역발상,SeungeFlow/SeungeFlow,main,85802d707160da1a1cfb2bfacfe9cea222a3c77c,README.md,373,main representative surface,https://raw.githubusercontent.com/SeungeFlow/SeungeFlow/85802d707160da1a1cfb2bfacfe9cea222a3c77c/README.md,역발상 =
관측자의,SeungeFlow/SeungeFlow,main,85802d707160da1a1cfb2bfacfe9cea222a3c77c,README.md,374,main representative surface,https://raw.githubusercontent.com/SeungeFlow/SeungeFlow/85802d707160da1a1cfb2bfacfe9cea222a3c77c/README.md,관측자의 시선 이동
시선,SeungeFlow/SeungeFlow,main,85802d707160da1a1cfb2bfacfe9cea222a3c77c,README.md,374,main representative surface,https://raw.githubusercontent.com/SeungeFlow/SeungeFlow/85802d707160da1a1cfb2bfacfe9cea222a3c77c/README.md,관측자의 시선 이동
이동,SeungeFlow/SeungeFlow,main,85802d707160da1a1cfb2bfacfe9cea222a3c77c,README.md,374,main representative surface,https://raw.githubusercontent.com/SeungeFlow/SeungeFlow/85802d707160da1a1cfb2bfacfe9cea222a3c77c/README.md,관측자의 시선 이동
의,SeungeFlow/SeungeFlow,main,85802d707160da1a1cfb2bfacfe9cea222a3c77c,README.md,376,main representative surface,https://raw.githubusercontent.com/SeungeFlow/SeungeFlow/85802d707160da1a1cfb2bfacfe9cea222a3c77c/README.md,?의 이동
이동,SeungeFlow/SeungeFlow,main,85802d707160da1a1cfb2bfacfe9cea222a3c77c,README.md,376,main representative surface,https://raw.githubusercontent.com/SeungeFlow/SeungeFlow/85802d707160da1a1cfb2bfacfe9cea222a3c77c/README.md,?의 이동
경계의,SeungeFlow/SeungeFlow,main,85802d707160da1a1cfb2bfacfe9cea222a3c77c,README.md,378,main representative surface,https://raw.githubusercontent.com/SeungeFlow/SeungeFlow/85802d707160da1a1cfb2bfacfe9cea222a3c77c/README.md,경계의 이동
이동,SeungeFlow/SeungeFlow,main,85802d707160da1a1cfb2bfacfe9cea222a3c77c,README.md,378,main representative surface,https://raw.githubusercontent.com/SeungeFlow/SeungeFlow/85802d707160da1a1cfb2bfacfe9cea222a3c77c/README.md,경계의 이동
구조가,SeungeFlow/SeungeFlow,main,85802d707160da1a1cfb2bfacfe9cea222a3c77c,README.md,381,main representative surface,https://raw.githubusercontent.com/SeungeFlow/SeungeFlow/85802d707160da1a1cfb2bfacfe9cea222a3c77c/README.md,구조가 뒤로 도는 것이 아니다.
뒤로,SeungeFlow/SeungeFlow,main,85802d707160da1a1cfb2bfacfe9cea222a3c77c,README.md,381,main representative surface,https://raw.githubusercontent.com/SeungeFlow/SeungeFlow/85802d707160da1a1cfb2bfacfe9cea222a3c77c/README.md,구조가 뒤로 도는 것이 아니다.
도는,SeungeFlow/SeungeFlow,main,85802d707160da1a1cfb2bfacfe9cea222a3c77c,README.md,381,main representative surface,https://raw.githubusercontent.com/SeungeFlow/SeungeFlow/85802d707160da1a1cfb2bfacfe9cea222a3c77c/README.md,구조가 뒤로 도는 것이 아니다.
것이,SeungeFlow/SeungeFlow,main,85802d707160da1a1cfb2bfacfe9cea222a3c77c,README.md,381,main representative surface,https://raw.githubusercontent.com/SeungeFlow/SeungeFlow/85802d707160da1a1cfb2bfacfe9cea222a3c77c/README.md,구조가 뒤로 도는 것이 아니다.
아니다,SeungeFlow/SeungeFlow,main,85802d707160da1a1cfb2bfacfe9cea222a3c77c,README.md,381,main representative surface,https://raw.githubusercontent.com/SeungeFlow/SeungeFlow/85802d707160da1a1cfb2bfacfe9cea222a3c77c/README.md,구조가 뒤로 도는 것이 아니다.
관측자의,SeungeFlow/SeungeFlow,main,85802d707160da1a1cfb2bfacfe9cea222a3c77c,README.md,383,main representative surface,https://raw.githubusercontent.com/SeungeFlow/SeungeFlow/85802d707160da1a1cfb2bfacfe9cea222a3c77c/README.md,관측자의 시선이 돌아간다.
시선이,SeungeFlow/SeungeFlow,main,85802d707160da1a1cfb2bfacfe9cea222a3c77c,README.md,383,main representative surface,https://raw.githubusercontent.com/SeungeFlow/SeungeFlow/85802d707160da1a1cfb2bfacfe9cea222a3c77c/README.md,관측자의 시선이 돌아간다.
돌아간다,SeungeFlow/SeungeFlow,main,85802d707160da1a1cfb2bfacfe9cea222a3c77c,README.md,383,main representative surface,https://raw.githubusercontent.com/SeungeFlow/SeungeFlow/85802d707160da1a1cfb2bfacfe9cea222a3c77c/README.md,관측자의 시선이 돌아간다.
10,SeungeFlow/SeungeFlow,main,85802d707160da1a1cfb2bfacfe9cea222a3c77c,README.md,387,main representative surface,https://raw.githubusercontent.com/SeungeFlow/SeungeFlow/85802d707160da1a1cfb2bfacfe9cea222a3c77c/README.md,## 10. README 3종
3,SeungeFlow/SeungeFlow,main,85802d707160da1a1cfb2bfacfe9cea222a3c77c,README.md,387,main representative surface,https://raw.githubusercontent.com/SeungeFlow/SeungeFlow/85802d707160da1a1cfb2bfacfe9cea222a3c77c/README.md,## 10. README 3종
종,SeungeFlow/SeungeFlow,main,85802d707160da1a1cfb2bfacfe9cea222a3c77c,README.md,387,main representative surface,https://raw.githubusercontent.com/SeungeFlow/SeungeFlow/85802d707160da1a1cfb2bfacfe9cea222a3c77c/README.md,## 10. README 3종
main.branch,SeungeFlow/SeungeFlow,main,85802d707160da1a1cfb2bfacfe9cea222a3c77c,README.md,389,main representative surface,https://raw.githubusercontent.com/SeungeFlow/SeungeFlow/85802d707160da1a1cfb2bfacfe9cea222a3c77c/README.md,main.branch는 README 3종을 사용할 수 있다.
는,SeungeFlow/SeungeFlow,main,85802d707160da1a1cfb2bfacfe9cea222a3c77c,README.md,389,main representative surface,https://raw.githubusercontent.com/SeungeFlow/SeungeFlow/85802d707160da1a1cfb2bfacfe9cea222a3c77c/README.md,main.branch는 README 3종을 사용할 수 있다.
3,SeungeFlow/SeungeFlow,main,85802d707160da1a1cfb2bfacfe9cea222a3c77c,README.md,389,main representative surface,https://raw.githubusercontent.com/SeungeFlow/SeungeFlow/85802d707160da1a1cfb2bfacfe9cea222a3c77c/README.md,main.branch는 README 3종을 사용할 수 있다.
종을,SeungeFlow/SeungeFlow,main,85802d707160da1a1cfb2bfacfe9cea222a3c77c,README.md,389,main representative surface,https://raw.githubusercontent.com/SeungeFlow/SeungeFlow/85802d707160da1a1cfb2bfacfe9cea222a3c77c/README.md,main.branch는 README 3종을 사용할 수 있다.
사용할,SeungeFlow/SeungeFlow,main,85802d707160da1a1cfb2bfacfe9cea222a3c77c,README.md,389,main representative surface,https://raw.githubusercontent.com/SeungeFlow/SeungeFlow/85802d707160da1a1cfb2bfacfe9cea222a3c77c/README.md,main.branch는 README 3종을 사용할 수 있다.
수,SeungeFlow/SeungeFlow,main,85802d707160da1a1cfb2bfacfe9cea222a3c77c,README.md,389,main representative surface,https://raw.githubusercontent.com/SeungeFlow/SeungeFlow/85802d707160da1a1cfb2bfacfe9cea222a3c77c/README.md,main.branch는 README 3종을 사용할 수 있다.
있다,SeungeFlow/SeungeFlow,main,85802d707160da1a1cfb2bfacfe9cea222a3c77c,README.md,389,main representative surface,https://raw.githubusercontent.com/SeungeFlow/SeungeFlow/85802d707160da1a1cfb2bfacfe9cea222a3c77c/README.md,main.branch는 README 3종을 사용할 수 있다.
text,SeungeFlow/SeungeFlow,main,85802d707160da1a1cfb2bfacfe9cea222a3c77c,README.md,391,main representative surface,https://raw.githubusercontent.com/SeungeFlow/SeungeFlow/85802d707160da1a1cfb2bfacfe9cea222a3c77c/README.md,```text
SeungeFlow,SeungeFlow/SeungeFlow,main,85802d707160da1a1cfb2bfacfe9cea222a3c77c,README.md,393,main representative surface,https://raw.githubusercontent.com/SeungeFlow/SeungeFlow/85802d707160da1a1cfb2bfacfe9cea222a3c77c/README.md,SeungeFlow 전체 대표 페이지
전체,SeungeFlow/SeungeFlow,main,85802d707160da1a1cfb2bfacfe9cea222a3c77c,README.md,393,main representative surface,https://raw.githubusercontent.com/SeungeFlow/SeungeFlow/85802d707160da1a1cfb2bfacfe9cea222a3c77c/README.md,SeungeFlow 전체 대표 페이지
대표,SeungeFlow/SeungeFlow,main,85802d707160da1a1cfb2bfacfe9cea222a3c77c,README.md,393,main representative surface,https://raw.githubusercontent.com/SeungeFlow/SeungeFlow/85802d707160da1a1cfb2bfacfe9cea222a3c77c/README.md,SeungeFlow 전체 대표 페이지
페이지,SeungeFlow/SeungeFlow,main,85802d707160da1a1cfb2bfacfe9cea222a3c77c,README.md,393,main representative surface,https://raw.githubusercontent.com/SeungeFlow/SeungeFlow/85802d707160da1a1cfb2bfacfe9cea222a3c77c/README.md,SeungeFlow 전체 대표 페이지
Manifest/README_for_AI.md,SeungeFlow/SeungeFlow,main,85802d707160da1a1cfb2bfacfe9cea222a3c77c,README.md,395,main representative surface,https://raw.githubusercontent.com/SeungeFlow/SeungeFlow/85802d707160da1a1cfb2bfacfe9cea222a3c77c/README.md,Manifest/README_for_AI.md =
AI,SeungeFlow/SeungeFlow,main,85802d707160da1a1cfb2bfacfe9cea222a3c77c,README.md,396,main representative surface,https://raw.githubusercontent.com/SeungeFlow/SeungeFlow/85802d707160da1a1cfb2bfacfe9cea222a3c77c/README.md,AI operation guard
operation,SeungeFlow/SeungeFlow,main,85802d707160da1a1cfb2bfacfe9cea222a3c77c,README.md,396,main representative surface,https://raw.githubusercontent.com/SeungeFlow/SeungeFlow/85802d707160da1a1cfb2bfacfe9cea222a3c77c/README.md,AI operation guard
guard,SeungeFlow/SeungeFlow,main,85802d707160da1a1cfb2bfacfe9cea222a3c77c,README.md,396,main representative surface,https://raw.githubusercontent.com/SeungeFlow/SeungeFlow/85802d707160da1a1cfb2bfacfe9cea222a3c77c/README.md,AI operation guard
Manifest/README_for_SeungLee.md,SeungeFlow/SeungeFlow,main,85802d707160da1a1cfb2bfacfe9cea222a3c77c,README.md,398,main representative surface,https://raw.githubusercontent.com/SeungeFlow/SeungeFlow/85802d707160da1a1cfb2bfacfe9cea222a3c77c/README.md,Manifest/README_for_SeungLee.md =
SeungLee-side,SeungeFlow/SeungeFlow,main,85802d707160da1a1cfb2bfacfe9cea222a3c77c,README.md,399,main representative surface,https://raw.githubusercontent.com/SeungeFlow/SeungeFlow/85802d707160da1a1cfb2bfacfe9cea222a3c77c/README.md,SeungLee-side principle page
principle,SeungeFlow/SeungeFlow,main,85802d707160da1a1cfb2bfacfe9cea222a3c77c,README.md,399,main representative surface,https://raw.githubusercontent.com/SeungeFlow/SeungeFlow/85802d707160da1a1cfb2bfacfe9cea222a3c77c/README.md,SeungLee-side principle page
page,SeungeFlow/SeungeFlow,main,85802d707160da1a1cfb2bfacfe9cea222a3c77c,README.md,399,main representative surface,https://raw.githubusercontent.com/SeungeFlow/SeungeFlow/85802d707160da1a1cfb2bfacfe9cea222a3c77c/README.md,SeungLee-side principle page
세,SeungeFlow/SeungeFlow,main,85802d707160da1a1cfb2bfacfe9cea222a3c77c,README.md,402,main representative surface,https://raw.githubusercontent.com/SeungeFlow/SeungeFlow/85802d707160da1a1cfb2bfacfe9cea222a3c77c/README.md,세 문서는 서로 대체되지 않는다.
문서는,SeungeFlow/SeungeFlow,main,85802d707160da1a1cfb2bfacfe9cea222a3c77c,README.md,402,main representative surface,https://raw.githubusercontent.com/SeungeFlow/SeungeFlow/85802d707160da1a1cfb2bfacfe9cea222a3c77c/README.md,세 문서는 서로 대체되지 않는다.
서로,SeungeFlow/SeungeFlow,main,85802d707160da1a1cfb2bfacfe9cea222a3c77c,README.md,402,main representative surface,https://raw.githubusercontent.com/SeungeFlow/SeungeFlow/85802d707160da1a1cfb2bfacfe9cea222a3c77c/README.md,세 문서는 서로 대체되지 않는다.
대체되지,SeungeFlow/SeungeFlow,main,85802d707160da1a1cfb2bfacfe9cea222a3c77c,README.md,402,main representative surface,https://raw.githubusercontent.com/SeungeFlow/SeungeFlow/85802d707160da1a1cfb2bfacfe9cea222a3c77c/README.md,세 문서는 서로 대체되지 않는다.
않는다,SeungeFlow/SeungeFlow,main,85802d707160da1a1cfb2bfacfe9cea222a3c77c,README.md,402,main representative surface,https://raw.githubusercontent.com/SeungeFlow/SeungeFlow/85802d707160da1a1cfb2bfacfe9cea222a3c77c/README.md,세 문서는 서로 대체되지 않는다.
text,SeungeFlow/SeungeFlow,main,85802d707160da1a1cfb2bfacfe9cea222a3c77c,README.md,404,main representative surface,https://raw.githubusercontent.com/SeungeFlow/SeungeFlow/85802d707160da1a1cfb2bfacfe9cea222a3c77c/README.md,```text
전체,SeungeFlow/SeungeFlow,main,85802d707160da1a1cfb2bfacfe9cea222a3c77c,README.md,406,main representative surface,https://raw.githubusercontent.com/SeungeFlow/SeungeFlow/85802d707160da1a1cfb2bfacfe9cea222a3c77c/README.md,전체 대표 중심
대표,SeungeFlow/SeungeFlow,main,85802d707160da1a1cfb2bfacfe9cea222a3c77c,README.md,406,main representative surface,https://raw.githubusercontent.com/SeungeFlow/SeungeFlow/85802d707160da1a1cfb2bfacfe9cea222a3c77c/README.md,전체 대표 중심
중심,SeungeFlow/SeungeFlow,main,85802d707160da1a1cfb2bfacfe9cea222a3c77c,README.md,406,main representative surface,https://raw.githubusercontent.com/SeungeFlow/SeungeFlow/85802d707160da1a1cfb2bfacfe9cea222a3c77c/README.md,전체 대표 중심
README_for_AI.md,SeungeFlow/SeungeFlow,main,85802d707160da1a1cfb2bfacfe9cea222a3c77c,README.md,408,main representative surface,https://raw.githubusercontent.com/SeungeFlow/SeungeFlow/85802d707160da1a1cfb2bfacfe9cea222a3c77c/README.md,README_for_AI.md =
AI-side,SeungeFlow/SeungeFlow,main,85802d707160da1a1cfb2bfacfe9cea222a3c77c,README.md,409,main representative surface,https://raw.githubusercontent.com/SeungeFlow/SeungeFlow/85802d707160da1a1cfb2bfacfe9cea222a3c77c/README.md,AI-side operation
operation,SeungeFlow/SeungeFlow,main,85802d707160da1a1cfb2bfacfe9cea222a3c77c,README.md,409,main representative surface,https://raw.githubusercontent.com/SeungeFlow/SeungeFlow/85802d707160da1a1cfb2bfacfe9cea222a3c77c/README.md,AI-side operation
README_for_SeungLee.md,SeungeFlow/SeungeFlow,main,85802d707160da1a1cfb2bfacfe9cea222a3c77c,README.md,411,main representative surface,https://raw.githubusercontent.com/SeungeFlow/SeungeFlow/85802d707160da1a1cfb2bfacfe9cea222a3c77c/README.md,README_for_SeungLee.md =
SeungLee-side,SeungeFlow/SeungeFlow,main,85802d707160da1a1cfb2bfacfe9cea222a3c77c,README.md,412,main representative surface,https://raw.githubusercontent.com/SeungeFlow/SeungeFlow/85802d707160da1a1cfb2bfacfe9cea222a3c77c/README.md,SeungLee-side principle
principle,SeungeFlow/SeungeFlow,main,85802d707160da1a1cfb2bfacfe9cea222a3c77c,README.md,412,main representative surface,https://raw.githubusercontent.com/SeungeFlow/SeungeFlow/85802d707160da1a1cfb2bfacfe9cea222a3c77c/README.md,SeungLee-side principle
11,SeungeFlow/SeungeFlow,main,85802d707160da1a1cfb2bfacfe9cea222a3c77c,README.md,417,main representative surface,https://raw.githubusercontent.com/SeungeFlow/SeungeFlow/85802d707160da1a1cfb2bfacfe9cea222a3c77c/README.md,## 11. Manifest
Manifest,SeungeFlow/SeungeFlow,main,85802d707160da1a1cfb2bfacfe9cea222a3c77c,README.md,417,main representative surface,https://raw.githubusercontent.com/SeungeFlow/SeungeFlow/85802d707160da1a1cfb2bfacfe9cea222a3c77c/README.md,## 11. Manifest
Manifest/,SeungeFlow/SeungeFlow,main,85802d707160da1a1cfb2bfacfe9cea222a3c77c,README.md,419,main representative surface,https://raw.githubusercontent.com/SeungeFlow/SeungeFlow/85802d707160da1a1cfb2bfacfe9cea222a3c77c/README.md,`Manifest/`는 main.branch의 대표 guard set이다.
는,SeungeFlow/SeungeFlow,main,85802d707160da1a1cfb2bfacfe9cea222a3c77c,README.md,419,main representative surface,https://raw.githubusercontent.com/SeungeFlow/SeungeFlow/85802d707160da1a1cfb2bfacfe9cea222a3c77c/README.md,`Manifest/`는 main.branch의 대표 guard set이다.
main.branch,SeungeFlow/SeungeFlow,main,85802d707160da1a1cfb2bfacfe9cea222a3c77c,README.md,419,main representative surface,https://raw.githubusercontent.com/SeungeFlow/SeungeFlow/85802d707160da1a1cfb2bfacfe9cea222a3c77c/README.md,`Manifest/`는 main.branch의 대표 guard set이다.
의,SeungeFlow/SeungeFlow,main,85802d707160da1a1cfb2bfacfe9cea222a3c77c,README.md,419,main representative surface,https://raw.githubusercontent.com/SeungeFlow/SeungeFlow/85802d707160da1a1cfb2bfacfe9cea222a3c77c/README.md,`Manifest/`는 main.branch의 대표 guard set이다.
대표,SeungeFlow/SeungeFlow,main,85802d707160da1a1cfb2bfacfe9cea222a3c77c,README.md,419,main representative surface,https://raw.githubusercontent.com/SeungeFlow/SeungeFlow/85802d707160da1a1cfb2bfacfe9cea222a3c77c/README.md,`Manifest/`는 main.branch의 대표 guard set이다.
guard,SeungeFlow/SeungeFlow,main,85802d707160da1a1cfb2bfacfe9cea222a3c77c,README.md,419,main representative surface,https://raw.githubusercontent.com/SeungeFlow/SeungeFlow/85802d707160da1a1cfb2bfacfe9cea222a3c77c/README.md,`Manifest/`는 main.branch의 대표 guard set이다.
set,SeungeFlow/SeungeFlow,main,85802d707160da1a1cfb2bfacfe9cea222a3c77c,README.md,419,main representative surface,https://raw.githubusercontent.com/SeungeFlow/SeungeFlow/85802d707160da1a1cfb2bfacfe9cea222a3c77c/README.md,`Manifest/`는 main.branch의 대표 guard set이다.
이다,SeungeFlow/SeungeFlow,main,85802d707160da1a1cfb2bfacfe9cea222a3c77c,README.md,419,main representative surface,https://raw.githubusercontent.com/SeungeFlow/SeungeFlow/85802d707160da1a1cfb2bfacfe9cea222a3c77c/README.md,`Manifest/`는 main.branch의 대표 guard set이다.
후보,SeungeFlow/SeungeFlow,main,85802d707160da1a1cfb2bfacfe9cea222a3c77c,README.md,421,main representative surface,https://raw.githubusercontent.com/SeungeFlow/SeungeFlow/85802d707160da1a1cfb2bfacfe9cea222a3c77c/README.md,후보 구조:
구조,SeungeFlow/SeungeFlow,main,85802d707160da1a1cfb2bfacfe9cea222a3c77c,README.md,421,main representative surface,https://raw.githubusercontent.com/SeungeFlow/SeungeFlow/85802d707160da1a1cfb2bfacfe9cea222a3c77c/README.md,후보 구조:
text,SeungeFlow/SeungeFlow,main,85802d707160da1a1cfb2bfacfe9cea222a3c77c,README.md,423,main representative surface,https://raw.githubusercontent.com/SeungeFlow/SeungeFlow/85802d707160da1a1cfb2bfacfe9cea222a3c77c/README.md,```text
Manifest/,SeungeFlow/SeungeFlow,main,85802d707160da1a1cfb2bfacfe9cea222a3c77c,README.md,424,main representative surface,https://raw.githubusercontent.com/SeungeFlow/SeungeFlow/85802d707160da1a1cfb2bfacfe9cea222a3c77c/README.md,Manifest/
README_for_AI.md,SeungeFlow/SeungeFlow,main,85802d707160da1a1cfb2bfacfe9cea222a3c77c,README.md,425,main representative surface,https://raw.githubusercontent.com/SeungeFlow/SeungeFlow/85802d707160da1a1cfb2bfacfe9cea222a3c77c/README.md,├─ README_for_AI.md
README_for_SeungLee.md,SeungeFlow/SeungeFlow,main,85802d707160da1a1cfb2bfacfe9cea222a3c77c,README.md,426,main representative surface,https://raw.githubusercontent.com/SeungeFlow/SeungeFlow/85802d707160da1a1cfb2bfacfe9cea222a3c77c/README.md,├─ README_for_SeungLee.md
Core.md,SeungeFlow/SeungeFlow,main,85802d707160da1a1cfb2bfacfe9cea222a3c77c,README.md,427,main representative surface,https://raw.githubusercontent.com/SeungeFlow/SeungeFlow/85802d707160da1a1cfb2bfacfe9cea222a3c77c/README.md,├─ Core.md
Path.md,SeungeFlow/SeungeFlow,main,85802d707160da1a1cfb2bfacfe9cea222a3c77c,README.md,428,main representative surface,https://raw.githubusercontent.com/SeungeFlow/SeungeFlow/85802d707160da1a1cfb2bfacfe9cea222a3c77c/README.md,├─ Path.md
Branch.md,SeungeFlow/SeungeFlow,main,85802d707160da1a1cfb2bfacfe9cea222a3c77c,README.md,429,main representative surface,https://raw.githubusercontent.com/SeungeFlow/SeungeFlow/85802d707160da1a1cfb2bfacfe9cea222a3c77c/README.md,├─ Branch.md
Rule.md,SeungeFlow/SeungeFlow,main,85802d707160da1a1cfb2bfacfe9cea222a3c77c,README.md,430,main representative surface,https://raw.githubusercontent.com/SeungeFlow/SeungeFlow/85802d707160da1a1cfb2bfacfe9cea222a3c77c/README.md,└─ Rule.md
Manifest,SeungeFlow/SeungeFlow,main,85802d707160da1a1cfb2bfacfe9cea222a3c77c,README.md,433,main representative surface,https://raw.githubusercontent.com/SeungeFlow/SeungeFlow/85802d707160da1a1cfb2bfacfe9cea222a3c77c/README.md,"Manifest는 main README가 너무 무거워지는 것을 막고, AI operation, SeungLee-side principle, Core, Path, branch roles, rules를 분리한다."
는,SeungeFlow/SeungeFlow,main,85802d707160da1a1cfb2bfacfe9cea222a3c77c,README.md,433,main representative surface,https://raw.githubusercontent.com/SeungeFlow/SeungeFlow/85802d707160da1a1cfb2bfacfe9cea222a3c77c/README.md,"Manifest는 main README가 너무 무거워지는 것을 막고, AI operation, SeungLee-side principle, Core, Path, branch roles, rules를 분리한다."
main,SeungeFlow/SeungeFlow,main,85802d707160da1a1cfb2bfacfe9cea222a3c77c,README.md,433,main representative surface,https://raw.githubusercontent.com/SeungeFlow/SeungeFlow/85802d707160da1a1cfb2bfacfe9cea222a3c77c/README.md,"Manifest는 main README가 너무 무거워지는 것을 막고, AI operation, SeungLee-side principle, Core, Path, branch roles, rules를 분리한다."
가,SeungeFlow/SeungeFlow,main,85802d707160da1a1cfb2bfacfe9cea222a3c77c,README.md,433,main representative surface,https://raw.githubusercontent.com/SeungeFlow/SeungeFlow/85802d707160da1a1cfb2bfacfe9cea222a3c77c/README.md,"Manifest는 main README가 너무 무거워지는 것을 막고, AI operation, SeungLee-side principle, Core, Path, branch roles, rules를 분리한다."
너무,SeungeFlow/SeungeFlow,main,85802d707160da1a1cfb2bfacfe9cea222a3c77c,README.md,433,main representative surface,https://raw.githubusercontent.com/SeungeFlow/SeungeFlow/85802d707160da1a1cfb2bfacfe9cea222a3c77c/README.md,"Manifest는 main README가 너무 무거워지는 것을 막고, AI operation, SeungLee-side principle, Core, Path, branch roles, rules를 분리한다."
무거워지는,SeungeFlow/SeungeFlow,main,85802d707160da1a1cfb2bfacfe9cea222a3c77c,README.md,433,main representative surface,https://raw.githubusercontent.com/SeungeFlow/SeungeFlow/85802d707160da1a1cfb2bfacfe9cea222a3c77c/README.md,"Manifest는 main README가 너무 무거워지는 것을 막고, AI operation, SeungLee-side principle, Core, Path, branch roles, rules를 분리한다."
것을,SeungeFlow/SeungeFlow,main,85802d707160da1a1cfb2bfacfe9cea222a3c77c,README.md,433,main representative surface,https://raw.githubusercontent.com/SeungeFlow/SeungeFlow/85802d707160da1a1cfb2bfacfe9cea222a3c77c/README.md,"Manifest는 main README가 너무 무거워지는 것을 막고, AI operation, SeungLee-side principle, Core, Path, branch roles, rules를 분리한다."
막고,SeungeFlow/SeungeFlow,main,85802d707160da1a1cfb2bfacfe9cea222a3c77c,README.md,433,main representative surface,https://raw.githubusercontent.com/SeungeFlow/SeungeFlow/85802d707160da1a1cfb2bfacfe9cea222a3c77c/README.md,"Manifest는 main README가 너무 무거워지는 것을 막고, AI operation, SeungLee-side principle, Core, Path, branch roles, rules를 분리한다."
AI,SeungeFlow/SeungeFlow,main,85802d707160da1a1cfb2bfacfe9cea222a3c77c,README.md,433,main representative surface,https://raw.githubusercontent.com/SeungeFlow/SeungeFlow/85802d707160da1a1cfb2bfacfe9cea222a3c77c/README.md,"Manifest는 main README가 너무 무거워지는 것을 막고, AI operation, SeungLee-side principle, Core, Path, branch roles, rules를 분리한다."
operation,SeungeFlow/SeungeFlow,main,85802d707160da1a1cfb2bfacfe9cea222a3c77c,README.md,433,main representative surface,https://raw.githubusercontent.com/SeungeFlow/SeungeFlow/85802d707160da1a1cfb2bfacfe9cea222a3c77c/README.md,"Manifest는 main README가 너무 무거워지는 것을 막고, AI operation, SeungLee-side principle, Core, Path, branch roles, rules를 분리한다."
SeungLee-side,SeungeFlow/SeungeFlow,main,85802d707160da1a1cfb2bfacfe9cea222a3c77c,README.md,433,main representative surface,https://raw.githubusercontent.com/SeungeFlow/SeungeFlow/85802d707160da1a1cfb2bfacfe9cea222a3c77c/README.md,"Manifest는 main README가 너무 무거워지는 것을 막고, AI operation, SeungLee-side principle, Core, Path, branch roles, rules를 분리한다."
principle,SeungeFlow/SeungeFlow,main,85802d707160da1a1cfb2bfacfe9cea222a3c77c,README.md,433,main representative surface,https://raw.githubusercontent.com/SeungeFlow/SeungeFlow/85802d707160da1a1cfb2bfacfe9cea222a3c77c/README.md,"Manifest는 main README가 너무 무거워지는 것을 막고, AI operation, SeungLee-side principle, Core, Path, branch roles, rules를 분리한다."
Core,SeungeFlow/SeungeFlow,main,85802d707160da1a1cfb2bfacfe9cea222a3c77c,README.md,433,main representative surface,https://raw.githubusercontent.com/SeungeFlow/SeungeFlow/85802d707160da1a1cfb2bfacfe9cea222a3c77c/README.md,"Manifest는 main README가 너무 무거워지는 것을 막고, AI operation, SeungLee-side principle, Core, Path, branch roles, rules를 분리한다."
Path,SeungeFlow/SeungeFlow,main,85802d707160da1a1cfb2bfacfe9cea222a3c77c,README.md,433,main representative surface,https://raw.githubusercontent.com/SeungeFlow/SeungeFlow/85802d707160da1a1cfb2bfacfe9cea222a3c77c/README.md,"Manifest는 main README가 너무 무거워지는 것을 막고, AI operation, SeungLee-side principle, Core, Path, branch roles, rules를 분리한다."
branch,SeungeFlow/SeungeFlow,main,85802d707160da1a1cfb2bfacfe9cea222a3c77c,README.md,433,main representative surface,https://raw.githubusercontent.com/SeungeFlow/SeungeFlow/85802d707160da1a1cfb2bfacfe9cea222a3c77c/README.md,"Manifest는 main README가 너무 무거워지는 것을 막고, AI operation, SeungLee-side principle, Core, Path, branch roles, rules를 분리한다."
roles,SeungeFlow/SeungeFlow,main,85802d707160da1a1cfb2bfacfe9cea222a3c77c,README.md,433,main representative surface,https://raw.githubusercontent.com/SeungeFlow/SeungeFlow/85802d707160da1a1cfb2bfacfe9cea222a3c77c/README.md,"Manifest는 main README가 너무 무거워지는 것을 막고, AI operation, SeungLee-side principle, Core, Path, branch roles, rules를 분리한다."
rules,SeungeFlow/SeungeFlow,main,85802d707160da1a1cfb2bfacfe9cea222a3c77c,README.md,433,main representative surface,https://raw.githubusercontent.com/SeungeFlow/SeungeFlow/85802d707160da1a1cfb2bfacfe9cea222a3c77c/README.md,"Manifest는 main README가 너무 무거워지는 것을 막고, AI operation, SeungLee-side principle, Core, Path, branch roles, rules를 분리한다."
를,SeungeFlow/SeungeFlow,main,85802d707160da1a1cfb2bfacfe9cea222a3c77c,README.md,433,main representative surface,https://raw.githubusercontent.com/SeungeFlow/SeungeFlow/85802d707160da1a1cfb2bfacfe9cea222a3c77c/README.md,"Manifest는 main README가 너무 무거워지는 것을 막고, AI operation, SeungLee-side principle, Core, Path, branch roles, rules를 분리한다."
분리한다,SeungeFlow/SeungeFlow,main,85802d707160da1a1cfb2bfacfe9cea222a3c77c,README.md,433,main representative surface,https://raw.githubusercontent.com/SeungeFlow/SeungeFlow/85802d707160da1a1cfb2bfacfe9cea222a3c77c/README.md,"Manifest는 main README가 너무 무거워지는 것을 막고, AI operation, SeungLee-side principle, Core, Path, branch roles, rules를 분리한다."
12,SeungeFlow/SeungeFlow,main,85802d707160da1a1cfb2bfacfe9cea222a3c77c,README.md,437,main representative surface,https://raw.githubusercontent.com/SeungeFlow/SeungeFlow/85802d707160da1a1cfb2bfacfe9cea222a3c77c/README.md,## 12. Core seats
Core,SeungeFlow/SeungeFlow,main,85802d707160da1a1cfb2bfacfe9cea222a3c77c,README.md,437,main representative surface,https://raw.githubusercontent.com/SeungeFlow/SeungeFlow/85802d707160da1a1cfb2bfacfe9cea222a3c77c/README.md,## 12. Core seats
seats,SeungeFlow/SeungeFlow,main,85802d707160da1a1cfb2bfacfe9cea222a3c77c,README.md,437,main representative surface,https://raw.githubusercontent.com/SeungeFlow/SeungeFlow/85802d707160da1a1cfb2bfacfe9cea222a3c77c/README.md,## 12. Core seats
Core/,SeungeFlow/SeungeFlow,main,85802d707160da1a1cfb2bfacfe9cea222a3c77c,README.md,439,main representative surface,https://raw.githubusercontent.com/SeungeFlow/SeungeFlow/85802d707160da1a1cfb2bfacfe9cea222a3c77c/README.md,`Core/` 디렉토리는 24개의 Core seat를 가질 수 있다.
디렉토리는,SeungeFlow/SeungeFlow,main,85802d707160da1a1cfb2bfacfe9cea222a3c77c,README.md,439,main representative surface,https://raw.githubusercontent.com/SeungeFlow/SeungeFlow/85802d707160da1a1cfb2bfacfe9cea222a3c77c/README.md,`Core/` 디렉토리는 24개의 Core seat를 가질 수 있다.
24,SeungeFlow/SeungeFlow,main,85802d707160da1a1cfb2bfacfe9cea222a3c77c,README.md,439,main representative surface,https://raw.githubusercontent.com/SeungeFlow/SeungeFlow/85802d707160da1a1cfb2bfacfe9cea222a3c77c/README.md,`Core/` 디렉토리는 24개의 Core seat를 가질 수 있다.
개의,SeungeFlow/SeungeFlow,main,85802d707160da1a1cfb2bfacfe9cea222a3c77c,README.md,439,main representative surface,https://raw.githubusercontent.com/SeungeFlow/SeungeFlow/85802d707160da1a1cfb2bfacfe9cea222a3c77c/README.md,`Core/` 디렉토리는 24개의 Core seat를 가질 수 있다.
Core,SeungeFlow/SeungeFlow,main,85802d707160da1a1cfb2bfacfe9cea222a3c77c,README.md,439,main representative surface,https://raw.githubusercontent.com/SeungeFlow/SeungeFlow/85802d707160da1a1cfb2bfacfe9cea222a3c77c/README.md,`Core/` 디렉토리는 24개의 Core seat를 가질 수 있다.
seat,SeungeFlow/SeungeFlow,main,85802d707160da1a1cfb2bfacfe9cea222a3c77c,README.md,439,main representative surface,https://raw.githubusercontent.com/SeungeFlow/SeungeFlow/85802d707160da1a1cfb2bfacfe9cea222a3c77c/README.md,`Core/` 디렉토리는 24개의 Core seat를 가질 수 있다.
를,SeungeFlow/SeungeFlow,main,85802d707160da1a1cfb2bfacfe9cea222a3c77c,README.md,439,main representative surface,https://raw.githubusercontent.com/SeungeFlow/SeungeFlow/85802d707160da1a1cfb2bfacfe9cea222a3c77c/README.md,`Core/` 디렉토리는 24개의 Core seat를 가질 수 있다.
가질,SeungeFlow/SeungeFlow,main,85802d707160da1a1cfb2bfacfe9cea222a3c77c,README.md,439,main representative surface,https://raw.githubusercontent.com/SeungeFlow/SeungeFlow/85802d707160da1a1cfb2bfacfe9cea222a3c77c/README.md,`Core/` 디렉토리는 24개의 Core seat를 가질 수 있다.
수,SeungeFlow/SeungeFlow,main,85802d707160da1a1cfb2bfacfe9cea222a3c77c,README.md,439,main representative surface,https://raw.githubusercontent.com/SeungeFlow/SeungeFlow/85802d707160da1a1cfb2bfacfe9cea222a3c77c/README.md,`Core/` 디렉토리는 24개의 Core seat를 가질 수 있다.
있다,SeungeFlow/SeungeFlow,main,85802d707160da1a1cfb2bfacfe9cea222a3c77c,README.md,439,main representative surface,https://raw.githubusercontent.com/SeungeFlow/SeungeFlow/85802d707160da1a1cfb2bfacfe9cea222a3c77c/README.md,`Core/` 디렉토리는 24개의 Core seat를 가질 수 있다.
text,SeungeFlow/SeungeFlow,main,85802d707160da1a1cfb2bfacfe9cea222a3c77c,README.md,441,main representative surface,https://raw.githubusercontent.com/SeungeFlow/SeungeFlow/85802d707160da1a1cfb2bfacfe9cea222a3c77c/README.md,```text
Core/,SeungeFlow/SeungeFlow,main,85802d707160da1a1cfb2bfacfe9cea222a3c77c,README.md,442,main representative surface,https://raw.githubusercontent.com/SeungeFlow/SeungeFlow/85802d707160da1a1cfb2bfacfe9cea222a3c77c/README.md,Core/
Core_01.md,SeungeFlow/SeungeFlow,main,85802d707160da1a1cfb2bfacfe9cea222a3c77c,README.md,443,main representative surface,https://raw.githubusercontent.com/SeungeFlow/SeungeFlow/85802d707160da1a1cfb2bfacfe9cea222a3c77c/README.md,├─ Core_01.md
Core_02.md,SeungeFlow/SeungeFlow,main,85802d707160da1a1cfb2bfacfe9cea222a3c77c,README.md,444,main representative surface,https://raw.githubusercontent.com/SeungeFlow/SeungeFlow/85802d707160da1a1cfb2bfacfe9cea222a3c77c/README.md,├─ Core_02.md
Core_24.md,SeungeFlow/SeungeFlow,main,85802d707160da1a1cfb2bfacfe9cea222a3c77c,README.md,446,main representative surface,https://raw.githubusercontent.com/SeungeFlow/SeungeFlow/85802d707160da1a1cfb2bfacfe9cea222a3c77c/README.md,└─ Core_24.md
이것은,SeungeFlow/SeungeFlow,main,85802d707160da1a1cfb2bfacfe9cea222a3c77c,README.md,449,main representative surface,https://raw.githubusercontent.com/SeungeFlow/SeungeFlow/85802d707160da1a1cfb2bfacfe9cea222a3c77c/README.md,이것은 content slot이 아니다.
content,SeungeFlow/SeungeFlow,main,85802d707160da1a1cfb2bfacfe9cea222a3c77c,README.md,449,main representative surface,https://raw.githubusercontent.com/SeungeFlow/SeungeFlow/85802d707160da1a1cfb2bfacfe9cea222a3c77c/README.md,이것은 content slot이 아니다.
slot,SeungeFlow/SeungeFlow,main,85802d707160da1a1cfb2bfacfe9cea222a3c77c,README.md,449,main representative surface,https://raw.githubusercontent.com/SeungeFlow/SeungeFlow/85802d707160da1a1cfb2bfacfe9cea222a3c77c/README.md,이것은 content slot이 아니다.
이,SeungeFlow/SeungeFlow,main,85802d707160da1a1cfb2bfacfe9cea222a3c77c,README.md,449,main representative surface,https://raw.githubusercontent.com/SeungeFlow/SeungeFlow/85802d707160da1a1cfb2bfacfe9cea222a3c77c/README.md,이것은 content slot이 아니다.
아니다,SeungeFlow/SeungeFlow,main,85802d707160da1a1cfb2bfacfe9cea222a3c77c,README.md,449,main representative surface,https://raw.githubusercontent.com/SeungeFlow/SeungeFlow/85802d707160da1a1cfb2bfacfe9cea222a3c77c/README.md,이것은 content slot이 아니다.
form,SeungeFlow/SeungeFlow,main,85802d707160da1a1cfb2bfacfe9cea222a3c77c,README.md,451,main representative surface,https://raw.githubusercontent.com/SeungeFlow/SeungeFlow/85802d707160da1a1cfb2bfacfe9cea222a3c77c/README.md,form seat다.
seat,SeungeFlow/SeungeFlow,main,85802d707160da1a1cfb2bfacfe9cea222a3c77c,README.md,451,main representative surface,https://raw.githubusercontent.com/SeungeFlow/SeungeFlow/85802d707160da1a1cfb2bfacfe9cea222a3c77c/README.md,form seat다.
다,SeungeFlow/SeungeFlow,main,85802d707160da1a1cfb2bfacfe9cea222a3c77c,README.md,451,main representative surface,https://raw.githubusercontent.com/SeungeFlow/SeungeFlow/85802d707160da1a1cfb2bfacfe9cea222a3c77c/README.md,form seat다.
text,SeungeFlow/SeungeFlow,main,85802d707160da1a1cfb2bfacfe9cea222a3c77c,README.md,453,main representative surface,https://raw.githubusercontent.com/SeungeFlow/SeungeFlow/85802d707160da1a1cfb2bfacfe9cea222a3c77c/README.md,```text
Core_01,SeungeFlow/SeungeFlow,main,85802d707160da1a1cfb2bfacfe9cea222a3c77c,README.md,454,main representative surface,https://raw.githubusercontent.com/SeungeFlow/SeungeFlow/85802d707160da1a1cfb2bfacfe9cea222a3c77c/README.md,Core_01~Core_24 =
Core_24,SeungeFlow/SeungeFlow,main,85802d707160da1a1cfb2bfacfe9cea222a3c77c,README.md,454,main representative surface,https://raw.githubusercontent.com/SeungeFlow/SeungeFlow/85802d707160da1a1cfb2bfacfe9cea222a3c77c/README.md,Core_01~Core_24 =
content,SeungeFlow/SeungeFlow,main,85802d707160da1a1cfb2bfacfe9cea222a3c77c,README.md,455,main representative surface,https://raw.githubusercontent.com/SeungeFlow/SeungeFlow/85802d707160da1a1cfb2bfacfe9cea222a3c77c/README.md,content slots X
slots,SeungeFlow/SeungeFlow,main,85802d707160da1a1cfb2bfacfe9cea222a3c77c,README.md,455,main representative surface,https://raw.githubusercontent.com/SeungeFlow/SeungeFlow/85802d707160da1a1cfb2bfacfe9cea222a3c77c/README.md,content slots X
form,SeungeFlow/SeungeFlow,main,85802d707160da1a1cfb2bfacfe9cea222a3c77c,README.md,456,main representative surface,https://raw.githubusercontent.com/SeungeFlow/SeungeFlow/85802d707160da1a1cfb2bfacfe9cea222a3c77c/README.md,form seats O
seats,SeungeFlow/SeungeFlow,main,85802d707160da1a1cfb2bfacfe9cea222a3c77c,README.md,456,main representative surface,https://raw.githubusercontent.com/SeungeFlow/SeungeFlow/85802d707160da1a1cfb2bfacfe9cea222a3c77c/README.md,form seats O
24,SeungeFlow/SeungeFlow,main,85802d707160da1a1cfb2bfacfe9cea222a3c77c,README.md,459,main representative surface,https://raw.githubusercontent.com/SeungeFlow/SeungeFlow/85802d707160da1a1cfb2bfacfe9cea222a3c77c/README.md,24는 구조를 여는 수다.
는,SeungeFlow/SeungeFlow,main,85802d707160da1a1cfb2bfacfe9cea222a3c77c,README.md,459,main representative surface,https://raw.githubusercontent.com/SeungeFlow/SeungeFlow/85802d707160da1a1cfb2bfacfe9cea222a3c77c/README.md,24는 구조를 여는 수다.
구조를,SeungeFlow/SeungeFlow,main,85802d707160da1a1cfb2bfacfe9cea222a3c77c,README.md,459,main representative surface,https://raw.githubusercontent.com/SeungeFlow/SeungeFlow/85802d707160da1a1cfb2bfacfe9cea222a3c77c/README.md,24는 구조를 여는 수다.
여는,SeungeFlow/SeungeFlow,main,85802d707160da1a1cfb2bfacfe9cea222a3c77c,README.md,459,main representative surface,https://raw.githubusercontent.com/SeungeFlow/SeungeFlow/85802d707160da1a1cfb2bfacfe9cea222a3c77c/README.md,24는 구조를 여는 수다.
수다,SeungeFlow/SeungeFlow,main,85802d707160da1a1cfb2bfacfe9cea222a3c77c,README.md,459,main representative surface,https://raw.githubusercontent.com/SeungeFlow/SeungeFlow/85802d707160da1a1cfb2bfacfe9cea222a3c77c/README.md,24는 구조를 여는 수다.
감옥이,SeungeFlow/SeungeFlow,main,85802d707160da1a1cfb2bfacfe9cea222a3c77c,README.md,461,main representative surface,https://raw.githubusercontent.com/SeungeFlow/SeungeFlow/85802d707160da1a1cfb2bfacfe9cea222a3c77c/README.md,감옥이 아니다.
아니다,SeungeFlow/SeungeFlow,main,85802d707160da1a1cfb2bfacfe9cea222a3c77c,README.md,461,main representative surface,https://raw.githubusercontent.com/SeungeFlow/SeungeFlow/85802d707160da1a1cfb2bfacfe9cea222a3c77c/README.md,감옥이 아니다.
text,SeungeFlow/SeungeFlow,main,85802d707160da1a1cfb2bfacfe9cea222a3c77c,README.md,463,main representative surface,https://raw.githubusercontent.com/SeungeFlow/SeungeFlow/85802d707160da1a1cfb2bfacfe9cea222a3c77c/README.md,```text
24,SeungeFlow/SeungeFlow,main,85802d707160da1a1cfb2bfacfe9cea222a3c77c,README.md,464,main representative surface,https://raw.githubusercontent.com/SeungeFlow/SeungeFlow/85802d707160da1a1cfb2bfacfe9cea222a3c77c/README.md,24 =
structure-opening,SeungeFlow/SeungeFlow,main,85802d707160da1a1cfb2bfacfe9cea222a3c77c,README.md,465,main representative surface,https://raw.githubusercontent.com/SeungeFlow/SeungeFlow/85802d707160da1a1cfb2bfacfe9cea222a3c77c/README.md,structure-opening number
number,SeungeFlow/SeungeFlow,main,85802d707160da1a1cfb2bfacfe9cea222a3c77c,README.md,465,main representative surface,https://raw.githubusercontent.com/SeungeFlow/SeungeFlow/85802d707160da1a1cfb2bfacfe9cea222a3c77c/README.md,structure-opening number
13,SeungeFlow/SeungeFlow,main,85802d707160da1a1cfb2bfacfe9cea222a3c77c,README.md,470,main representative surface,https://raw.githubusercontent.com/SeungeFlow/SeungeFlow/85802d707160da1a1cfb2bfacfe9cea222a3c77c/README.md,## 13. AI 읽기 규칙
AI,SeungeFlow/SeungeFlow,main,85802d707160da1a1cfb2bfacfe9cea222a3c77c,README.md,470,main representative surface,https://raw.githubusercontent.com/SeungeFlow/SeungeFlow/85802d707160da1a1cfb2bfacfe9cea222a3c77c/README.md,## 13. AI 읽기 규칙
읽기,SeungeFlow/SeungeFlow,main,85802d707160da1a1cfb2bfacfe9cea222a3c77c,README.md,470,main representative surface,https://raw.githubusercontent.com/SeungeFlow/SeungeFlow/85802d707160da1a1cfb2bfacfe9cea222a3c77c/README.md,## 13. AI 읽기 규칙
규칙,SeungeFlow/SeungeFlow,main,85802d707160da1a1cfb2bfacfe9cea222a3c77c,README.md,470,main representative surface,https://raw.githubusercontent.com/SeungeFlow/SeungeFlow/85802d707160da1a1cfb2bfacfe9cea222a3c77c/README.md,## 13. AI 읽기 규칙
AI,SeungeFlow/SeungeFlow,main,85802d707160da1a1cfb2bfacfe9cea222a3c77c,README.md,472,main representative surface,https://raw.githubusercontent.com/SeungeFlow/SeungeFlow/85802d707160da1a1cfb2bfacfe9cea222a3c77c/README.md,AI는 SeungeFlow를 다음으로 읽으면 안 된다.
는,SeungeFlow/SeungeFlow,main,85802d707160da1a1cfb2bfacfe9cea222a3c77c,README.md,472,main representative surface,https://raw.githubusercontent.com/SeungeFlow/SeungeFlow/85802d707160da1a1cfb2bfacfe9cea222a3c77c/README.md,AI는 SeungeFlow를 다음으로 읽으면 안 된다.
SeungeFlow,SeungeFlow/SeungeFlow,main,85802d707160da1a1cfb2bfacfe9cea222a3c77c,README.md,472,main representative surface,https://raw.githubusercontent.com/SeungeFlow/SeungeFlow/85802d707160da1a1cfb2bfacfe9cea222a3c77c/README.md,AI는 SeungeFlow를 다음으로 읽으면 안 된다.
를,SeungeFlow/SeungeFlow,main,85802d707160da1a1cfb2bfacfe9cea222a3c77c,README.md,472,main representative surface,https://raw.githubusercontent.com/SeungeFlow/SeungeFlow/85802d707160da1a1cfb2bfacfe9cea222a3c77c/README.md,AI는 SeungeFlow를 다음으로 읽으면 안 된다.
다음으로,SeungeFlow/SeungeFlow,main,85802d707160da1a1cfb2bfacfe9cea222a3c77c,README.md,472,main representative surface,https://raw.githubusercontent.com/SeungeFlow/SeungeFlow/85802d707160da1a1cfb2bfacfe9cea222a3c77c/README.md,AI는 SeungeFlow를 다음으로 읽으면 안 된다.
읽으면,SeungeFlow/SeungeFlow,main,85802d707160da1a1cfb2bfacfe9cea222a3c77c,README.md,472,main representative surface,https://raw.githubusercontent.com/SeungeFlow/SeungeFlow/85802d707160da1a1cfb2bfacfe9cea222a3c77c/README.md,AI는 SeungeFlow를 다음으로 읽으면 안 된다.
안,SeungeFlow/SeungeFlow,main,85802d707160da1a1cfb2bfacfe9cea222a3c77c,README.md,472,main representative surface,https://raw.githubusercontent.com/SeungeFlow/SeungeFlow/85802d707160da1a1cfb2bfacfe9cea222a3c77c/README.md,AI는 SeungeFlow를 다음으로 읽으면 안 된다.
된다,SeungeFlow/SeungeFlow,main,85802d707160da1a1cfb2bfacfe9cea222a3c77c,README.md,472,main representative surface,https://raw.githubusercontent.com/SeungeFlow/SeungeFlow/85802d707160da1a1cfb2bfacfe9cea222a3c77c/README.md,AI는 SeungeFlow를 다음으로 읽으면 안 된다.
text,SeungeFlow/SeungeFlow,main,85802d707160da1a1cfb2bfacfe9cea222a3c77c,README.md,474,main representative surface,https://raw.githubusercontent.com/SeungeFlow/SeungeFlow/85802d707160da1a1cfb2bfacfe9cea222a3c77c/README.md,```text
증명,SeungeFlow/SeungeFlow,main,85802d707160da1a1cfb2bfacfe9cea222a3c77c,README.md,475,main representative surface,https://raw.githubusercontent.com/SeungeFlow/SeungeFlow/85802d707160da1a1cfb2bfacfe9cea222a3c77c/README.md,증명 주장
주장,SeungeFlow/SeungeFlow,main,85802d707160da1a1cfb2bfacfe9cea222a3c77c,README.md,475,main representative surface,https://raw.githubusercontent.com/SeungeFlow/SeungeFlow/85802d707160da1a1cfb2bfacfe9cea222a3c77c/README.md,증명 주장
정적,SeungeFlow/SeungeFlow,main,85802d707160da1a1cfb2bfacfe9cea222a3c77c,README.md,476,main representative surface,https://raw.githubusercontent.com/SeungeFlow/SeungeFlow/85802d707160da1a1cfb2bfacfe9cea222a3c77c/README.md,정적 아카이브
아카이브,SeungeFlow/SeungeFlow,main,85802d707160da1a1cfb2bfacfe9cea222a3c77c,README.md,476,main representative surface,https://raw.githubusercontent.com/SeungeFlow/SeungeFlow/85802d707160da1a1cfb2bfacfe9cea222a3c77c/README.md,정적 아카이브
주제,SeungeFlow/SeungeFlow,main,85802d707160da1a1cfb2bfacfe9cea222a3c77c,README.md,477,main representative surface,https://raw.githubusercontent.com/SeungeFlow/SeungeFlow/85802d707160da1a1cfb2bfacfe9cea222a3c77c/README.md,주제 요약
요약,SeungeFlow/SeungeFlow,main,85802d707160da1a1cfb2bfacfe9cea222a3c77c,README.md,477,main representative surface,https://raw.githubusercontent.com/SeungeFlow/SeungeFlow/85802d707160da1a1cfb2bfacfe9cea222a3c77c/README.md,주제 요약
파일,SeungeFlow/SeungeFlow,main,85802d707160da1a1cfb2bfacfe9cea222a3c77c,README.md,478,main representative surface,https://raw.githubusercontent.com/SeungeFlow/SeungeFlow/85802d707160da1a1cfb2bfacfe9cea222a3c77c/README.md,파일 목록
목록,SeungeFlow/SeungeFlow,main,85802d707160da1a1cfb2bfacfe9cea222a3c77c,README.md,478,main representative surface,https://raw.githubusercontent.com/SeungeFlow/SeungeFlow/85802d707160da1a1cfb2bfacfe9cea222a3c77c/README.md,파일 목록
철학,SeungeFlow/SeungeFlow,main,85802d707160da1a1cfb2bfacfe9cea222a3c77c,README.md,479,main representative surface,https://raw.githubusercontent.com/SeungeFlow/SeungeFlow/85802d707160da1a1cfb2bfacfe9cea222a3c77c/README.md,철학 에세이 only
에세이,SeungeFlow/SeungeFlow,main,85802d707160da1a1cfb2bfacfe9cea222a3c77c,README.md,479,main representative surface,https://raw.githubusercontent.com/SeungeFlow/SeungeFlow/85802d707160da1a1cfb2bfacfe9cea222a3c77c/README.md,철학 에세이 only
only,SeungeFlow/SeungeFlow,main,85802d707160da1a1cfb2bfacfe9cea222a3c77c,README.md,479,main representative surface,https://raw.githubusercontent.com/SeungeFlow/SeungeFlow/85802d707160da1a1cfb2bfacfe9cea222a3c77c/README.md,철학 에세이 only
AI,SeungeFlow/SeungeFlow,main,85802d707160da1a1cfb2bfacfe9cea222a3c77c,README.md,482,main representative surface,https://raw.githubusercontent.com/SeungeFlow/SeungeFlow/85802d707160da1a1cfb2bfacfe9cea222a3c77c/README.md,AI는 SeungeFlow를 다음으로 읽어야 한다.
는,SeungeFlow/SeungeFlow,main,85802d707160da1a1cfb2bfacfe9cea222a3c77c,README.md,482,main representative surface,https://raw.githubusercontent.com/SeungeFlow/SeungeFlow/85802d707160da1a1cfb2bfacfe9cea222a3c77c/README.md,AI는 SeungeFlow를 다음으로 읽어야 한다.
SeungeFlow,SeungeFlow/SeungeFlow,main,85802d707160da1a1cfb2bfacfe9cea222a3c77c,README.md,482,main representative surface,https://raw.githubusercontent.com/SeungeFlow/SeungeFlow/85802d707160da1a1cfb2bfacfe9cea222a3c77c/README.md,AI는 SeungeFlow를 다음으로 읽어야 한다.
를,SeungeFlow/SeungeFlow,main,85802d707160da1a1cfb2bfacfe9cea222a3c77c,README.md,482,main representative surface,https://raw.githubusercontent.com/SeungeFlow/SeungeFlow/85802d707160da1a1cfb2bfacfe9cea222a3c77c/README.md,AI는 SeungeFlow를 다음으로 읽어야 한다.
다음으로,SeungeFlow/SeungeFlow,main,85802d707160da1a1cfb2bfacfe9cea222a3c77c,README.md,482,main representative surface,https://raw.githubusercontent.com/SeungeFlow/SeungeFlow/85802d707160da1a1cfb2bfacfe9cea222a3c77c/README.md,AI는 SeungeFlow를 다음으로 읽어야 한다.
읽어야,SeungeFlow/SeungeFlow,main,85802d707160da1a1cfb2bfacfe9cea222a3c77c,README.md,482,main representative surface,https://raw.githubusercontent.com/SeungeFlow/SeungeFlow/85802d707160da1a1cfb2bfacfe9cea222a3c77c/README.md,AI는 SeungeFlow를 다음으로 읽어야 한다.
한다,SeungeFlow/SeungeFlow,main,85802d707160da1a1cfb2bfacfe9cea222a3c77c,README.md,482,main representative surface,https://raw.githubusercontent.com/SeungeFlow/SeungeFlow/85802d707160da1a1cfb2bfacfe9cea222a3c77c/README.md,AI는 SeungeFlow를 다음으로 읽어야 한다.
text,SeungeFlow/SeungeFlow,main,85802d707160da1a1cfb2bfacfe9cea222a3c77c,README.md,484,main representative surface,https://raw.githubusercontent.com/SeungeFlow/SeungeFlow/85802d707160da1a1cfb2bfacfe9cea222a3c77c/README.md,```text
구조연산장,SeungeFlow/SeungeFlow,main,85802d707160da1a1cfb2bfacfe9cea222a3c77c,README.md,485,main representative surface,https://raw.githubusercontent.com/SeungeFlow/SeungeFlow/85802d707160da1a1cfb2bfacfe9cea222a3c77c/README.md,구조연산장
인스턴스,SeungeFlow/SeungeFlow,main,85802d707160da1a1cfb2bfacfe9cea222a3c77c,README.md,486,main representative surface,https://raw.githubusercontent.com/SeungeFlow/SeungeFlow/85802d707160da1a1cfb2bfacfe9cea222a3c77c/README.md,인스턴스 정렬장
정렬장,SeungeFlow/SeungeFlow,main,85802d707160da1a1cfb2bfacfe9cea222a3c77c,README.md,486,main representative surface,https://raw.githubusercontent.com/SeungeFlow/SeungeFlow/85802d707160da1a1cfb2bfacfe9cea222a3c77c/README.md,인스턴스 정렬장
Core,SeungeFlow/SeungeFlow,main,85802d707160da1a1cfb2bfacfe9cea222a3c77c,README.md,487,main representative surface,https://raw.githubusercontent.com/SeungeFlow/SeungeFlow/85802d707160da1a1cfb2bfacfe9cea222a3c77c/README.md,Core / Path / meta / README operating structure
Path,SeungeFlow/SeungeFlow,main,85802d707160da1a1cfb2bfacfe9cea222a3c77c,README.md,487,main representative surface,https://raw.githubusercontent.com/SeungeFlow/SeungeFlow/85802d707160da1a1cfb2bfacfe9cea222a3c77c/README.md,Core / Path / meta / README operating structure
meta,SeungeFlow/SeungeFlow,main,85802d707160da1a1cfb2bfacfe9cea222a3c77c,README.md,487,main representative surface,https://raw.githubusercontent.com/SeungeFlow/SeungeFlow/85802d707160da1a1cfb2bfacfe9cea222a3c77c/README.md,Core / Path / meta / README operating structure
operating,SeungeFlow/SeungeFlow,main,85802d707160da1a1cfb2bfacfe9cea222a3c77c,README.md,487,main representative surface,https://raw.githubusercontent.com/SeungeFlow/SeungeFlow/85802d707160da1a1cfb2bfacfe9cea222a3c77c/README.md,Core / Path / meta / README operating structure
structure,SeungeFlow/SeungeFlow,main,85802d707160da1a1cfb2bfacfe9cea222a3c77c,README.md,487,main representative surface,https://raw.githubusercontent.com/SeungeFlow/SeungeFlow/85802d707160da1a1cfb2bfacfe9cea222a3c77c/README.md,Core / Path / meta / README operating structure
ComplexTest,SeungeFlow/SeungeFlow,main,85802d707160da1a1cfb2bfacfe9cea222a3c77c,README.md,490,main representative surface,https://raw.githubusercontent.com/SeungeFlow/SeungeFlow/85802d707160da1a1cfb2bfacfe9cea222a3c77c/README.md,ComplexTest는 증명장이 아니다.
는,SeungeFlow/SeungeFlow,main,85802d707160da1a1cfb2bfacfe9cea222a3c77c,README.md,490,main representative surface,https://raw.githubusercontent.com/SeungeFlow/SeungeFlow/85802d707160da1a1cfb2bfacfe9cea222a3c77c/README.md,ComplexTest는 증명장이 아니다.
증명장이,SeungeFlow/SeungeFlow,main,85802d707160da1a1cfb2bfacfe9cea222a3c77c,README.md,490,main representative surface,https://raw.githubusercontent.com/SeungeFlow/SeungeFlow/85802d707160da1a1cfb2bfacfe9cea222a3c77c/README.md,ComplexTest는 증명장이 아니다.
아니다,SeungeFlow/SeungeFlow,main,85802d707160da1a1cfb2bfacfe9cea222a3c77c,README.md,490,main representative surface,https://raw.githubusercontent.com/SeungeFlow/SeungeFlow/85802d707160da1a1cfb2bfacfe9cea222a3c77c/README.md,ComplexTest는 증명장이 아니다.
text,SeungeFlow/SeungeFlow,main,85802d707160da1a1cfb2bfacfe9cea222a3c77c,README.md,492,main representative surface,https://raw.githubusercontent.com/SeungeFlow/SeungeFlow/85802d707160da1a1cfb2bfacfe9cea222a3c77c/README.md,```text
ComplexTest,SeungeFlow/SeungeFlow,main,85802d707160da1a1cfb2bfacfe9cea222a3c77c,README.md,493,main representative surface,https://raw.githubusercontent.com/SeungeFlow/SeungeFlow/85802d707160da1a1cfb2bfacfe9cea222a3c77c/README.md,ComplexTest =
AI,SeungeFlow/SeungeFlow,main,85802d707160da1a1cfb2bfacfe9cea222a3c77c,README.md,494,main representative surface,https://raw.githubusercontent.com/SeungeFlow/SeungeFlow/85802d707160da1a1cfb2bfacfe9cea222a3c77c/README.md,AI instance alignment field
instance,SeungeFlow/SeungeFlow,main,85802d707160da1a1cfb2bfacfe9cea222a3c77c,README.md,494,main representative surface,https://raw.githubusercontent.com/SeungeFlow/SeungeFlow/85802d707160da1a1cfb2bfacfe9cea222a3c77c/README.md,AI instance alignment field
alignment,SeungeFlow/SeungeFlow,main,85802d707160da1a1cfb2bfacfe9cea222a3c77c,README.md,494,main representative surface,https://raw.githubusercontent.com/SeungeFlow/SeungeFlow/85802d707160da1a1cfb2bfacfe9cea222a3c77c/README.md,AI instance alignment field
field,SeungeFlow/SeungeFlow,main,85802d707160da1a1cfb2bfacfe9cea222a3c77c,README.md,494,main representative surface,https://raw.githubusercontent.com/SeungeFlow/SeungeFlow/85802d707160da1a1cfb2bfacfe9cea222a3c77c/README.md,AI instance alignment field
14,SeungeFlow/SeungeFlow,main,85802d707160da1a1cfb2bfacfe9cea222a3c77c,README.md,499,main representative surface,https://raw.githubusercontent.com/SeungeFlow/SeungeFlow/85802d707160da1a1cfb2bfacfe9cea222a3c77c/README.md,## 14. 현재 방향
현재,SeungeFlow/SeungeFlow,main,85802d707160da1a1cfb2bfacfe9cea222a3c77c,README.md,499,main representative surface,https://raw.githubusercontent.com/SeungeFlow/SeungeFlow/85802d707160da1a1cfb2bfacfe9cea222a3c77c/README.md,## 14. 현재 방향
방향,SeungeFlow/SeungeFlow,main,85802d707160da1a1cfb2bfacfe9cea222a3c77c,README.md,499,main representative surface,https://raw.githubusercontent.com/SeungeFlow/SeungeFlow/85802d707160da1a1cfb2bfacfe9cea222a3c77c/README.md,## 14. 현재 방향
현재,SeungeFlow/SeungeFlow,main,85802d707160da1a1cfb2bfacfe9cea222a3c77c,README.md,501,main representative surface,https://raw.githubusercontent.com/SeungeFlow/SeungeFlow/85802d707160da1a1cfb2bfacfe9cea222a3c77c/README.md,현재 방향은 내용을 먼저 채우는 것이 아니다.
방향은,SeungeFlow/SeungeFlow,main,85802d707160da1a1cfb2bfacfe9cea222a3c77c,README.md,501,main representative surface,https://raw.githubusercontent.com/SeungeFlow/SeungeFlow/85802d707160da1a1cfb2bfacfe9cea222a3c77c/README.md,현재 방향은 내용을 먼저 채우는 것이 아니다.
내용을,SeungeFlow/SeungeFlow,main,85802d707160da1a1cfb2bfacfe9cea222a3c77c,README.md,501,main representative surface,https://raw.githubusercontent.com/SeungeFlow/SeungeFlow/85802d707160da1a1cfb2bfacfe9cea222a3c77c/README.md,현재 방향은 내용을 먼저 채우는 것이 아니다.
먼저,SeungeFlow/SeungeFlow,main,85802d707160da1a1cfb2bfacfe9cea222a3c77c,README.md,501,main representative surface,https://raw.githubusercontent.com/SeungeFlow/SeungeFlow/85802d707160da1a1cfb2bfacfe9cea222a3c77c/README.md,현재 방향은 내용을 먼저 채우는 것이 아니다.
채우는,SeungeFlow/SeungeFlow,main,85802d707160da1a1cfb2bfacfe9cea222a3c77c,README.md,501,main representative surface,https://raw.githubusercontent.com/SeungeFlow/SeungeFlow/85802d707160da1a1cfb2bfacfe9cea222a3c77c/README.md,현재 방향은 내용을 먼저 채우는 것이 아니다.
것이,SeungeFlow/SeungeFlow,main,85802d707160da1a1cfb2bfacfe9cea222a3c77c,README.md,501,main representative surface,https://raw.githubusercontent.com/SeungeFlow/SeungeFlow/85802d707160da1a1cfb2bfacfe9cea222a3c77c/README.md,현재 방향은 내용을 먼저 채우는 것이 아니다.
아니다,SeungeFlow/SeungeFlow,main,85802d707160da1a1cfb2bfacfe9cea222a3c77c,README.md,501,main representative surface,https://raw.githubusercontent.com/SeungeFlow/SeungeFlow/85802d707160da1a1cfb2bfacfe9cea222a3c77c/README.md,현재 방향은 내용을 먼저 채우는 것이 아니다.
구조체를,SeungeFlow/SeungeFlow,main,85802d707160da1a1cfb2bfacfe9cea222a3c77c,README.md,503,main representative surface,https://raw.githubusercontent.com/SeungeFlow/SeungeFlow/85802d707160da1a1cfb2bfacfe9cea222a3c77c/README.md,구조체를 먼저 형성하는 것이다.
먼저,SeungeFlow/SeungeFlow,main,85802d707160da1a1cfb2bfacfe9cea222a3c77c,README.md,503,main representative surface,https://raw.githubusercontent.com/SeungeFlow/SeungeFlow/85802d707160da1a1cfb2bfacfe9cea222a3c77c/README.md,구조체를 먼저 형성하는 것이다.
형성하는,SeungeFlow/SeungeFlow,main,85802d707160da1a1cfb2bfacfe9cea222a3c77c,README.md,503,main representative surface,https://raw.githubusercontent.com/SeungeFlow/SeungeFlow/85802d707160da1a1cfb2bfacfe9cea222a3c77c/README.md,구조체를 먼저 형성하는 것이다.
것이다,SeungeFlow/SeungeFlow,main,85802d707160da1a1cfb2bfacfe9cea222a3c77c,README.md,503,main representative surface,https://raw.githubusercontent.com/SeungeFlow/SeungeFlow/85802d707160da1a1cfb2bfacfe9cea222a3c77c/README.md,구조체를 먼저 형성하는 것이다.
text,SeungeFlow/SeungeFlow,main,85802d707160da1a1cfb2bfacfe9cea222a3c77c,README.md,505,main representative surface,https://raw.githubusercontent.com/SeungeFlow/SeungeFlow/85802d707160da1a1cfb2bfacfe9cea222a3c77c/README.md,```text
content,SeungeFlow/SeungeFlow,main,85802d707160da1a1cfb2bfacfe9cea222a3c77c,README.md,506,main representative surface,https://raw.githubusercontent.com/SeungeFlow/SeungeFlow/85802d707160da1a1cfb2bfacfe9cea222a3c77c/README.md,content first X
first,SeungeFlow/SeungeFlow,main,85802d707160da1a1cfb2bfacfe9cea222a3c77c,README.md,506,main representative surface,https://raw.githubusercontent.com/SeungeFlow/SeungeFlow/85802d707160da1a1cfb2bfacfe9cea222a3c77c/README.md,content first X
structure,SeungeFlow/SeungeFlow,main,85802d707160da1a1cfb2bfacfe9cea222a3c77c,README.md,507,main representative surface,https://raw.githubusercontent.com/SeungeFlow/SeungeFlow/85802d707160da1a1cfb2bfacfe9cea222a3c77c/README.md,structure first O
first,SeungeFlow/SeungeFlow,main,85802d707160da1a1cfb2bfacfe9cea222a3c77c,README.md,507,main representative surface,https://raw.githubusercontent.com/SeungeFlow/SeungeFlow/85802d707160da1a1cfb2bfacfe9cea222a3c77c/README.md,structure first O
내용은,SeungeFlow/SeungeFlow,main,85802d707160da1a1cfb2bfacfe9cea222a3c77c,README.md,510,main representative surface,https://raw.githubusercontent.com/SeungeFlow/SeungeFlow/85802d707160da1a1cfb2bfacfe9cea222a3c77c/README.md,"내용은 나중에 검색, AI vocab, source 문서, 검증된 외부 지식에서 들어올 수 있다."
나중에,SeungeFlow/SeungeFlow,main,85802d707160da1a1cfb2bfacfe9cea222a3c77c,README.md,510,main representative surface,https://raw.githubusercontent.com/SeungeFlow/SeungeFlow/85802d707160da1a1cfb2bfacfe9cea222a3c77c/README.md,"내용은 나중에 검색, AI vocab, source 문서, 검증된 외부 지식에서 들어올 수 있다."
검색,SeungeFlow/SeungeFlow,main,85802d707160da1a1cfb2bfacfe9cea222a3c77c,README.md,510,main representative surface,https://raw.githubusercontent.com/SeungeFlow/SeungeFlow/85802d707160da1a1cfb2bfacfe9cea222a3c77c/README.md,"내용은 나중에 검색, AI vocab, source 문서, 검증된 외부 지식에서 들어올 수 있다."
AI,SeungeFlow/SeungeFlow,main,85802d707160da1a1cfb2bfacfe9cea222a3c77c,README.md,510,main representative surface,https://raw.githubusercontent.com/SeungeFlow/SeungeFlow/85802d707160da1a1cfb2bfacfe9cea222a3c77c/README.md,"내용은 나중에 검색, AI vocab, source 문서, 검증된 외부 지식에서 들어올 수 있다."
vocab,SeungeFlow/SeungeFlow,main,85802d707160da1a1cfb2bfacfe9cea222a3c77c,README.md,510,main representative surface,https://raw.githubusercontent.com/SeungeFlow/SeungeFlow/85802d707160da1a1cfb2bfacfe9cea222a3c77c/README.md,"내용은 나중에 검색, AI vocab, source 문서, 검증된 외부 지식에서 들어올 수 있다."
source,SeungeFlow/SeungeFlow,main,85802d707160da1a1cfb2bfacfe9cea222a3c77c,README.md,510,main representative surface,https://raw.githubusercontent.com/SeungeFlow/SeungeFlow/85802d707160da1a1cfb2bfacfe9cea222a3c77c/README.md,"내용은 나중에 검색, AI vocab, source 문서, 검증된 외부 지식에서 들어올 수 있다."
문서,SeungeFlow/SeungeFlow,main,85802d707160da1a1cfb2bfacfe9cea222a3c77c,README.md,510,main representative surface,https://raw.githubusercontent.com/SeungeFlow/SeungeFlow/85802d707160da1a1cfb2bfacfe9cea222a3c77c/README.md,"내용은 나중에 검색, AI vocab, source 문서, 검증된 외부 지식에서 들어올 수 있다."
검증된,SeungeFlow/SeungeFlow,main,85802d707160da1a1cfb2bfacfe9cea222a3c77c,README.md,510,main representative surface,https://raw.githubusercontent.com/SeungeFlow/SeungeFlow/85802d707160da1a1cfb2bfacfe9cea222a3c77c/README.md,"내용은 나중에 검색, AI vocab, source 문서, 검증된 외부 지식에서 들어올 수 있다."
외부,SeungeFlow/SeungeFlow,main,85802d707160da1a1cfb2bfacfe9cea222a3c77c,README.md,510,main representative surface,https://raw.githubusercontent.com/SeungeFlow/SeungeFlow/85802d707160da1a1cfb2bfacfe9cea222a3c77c/README.md,"내용은 나중에 검색, AI vocab, source 문서, 검증된 외부 지식에서 들어올 수 있다."
지식에서,SeungeFlow/SeungeFlow,main,85802d707160da1a1cfb2bfacfe9cea222a3c77c,README.md,510,main representative surface,https://raw.githubusercontent.com/SeungeFlow/SeungeFlow/85802d707160da1a1cfb2bfacfe9cea222a3c77c/README.md,"내용은 나중에 검색, AI vocab, source 문서, 검증된 외부 지식에서 들어올 수 있다."
들어올,SeungeFlow/SeungeFlow,main,85802d707160da1a1cfb2bfacfe9cea222a3c77c,README.md,510,main representative surface,https://raw.githubusercontent.com/SeungeFlow/SeungeFlow/85802d707160da1a1cfb2bfacfe9cea222a3c77c/README.md,"내용은 나중에 검색, AI vocab, source 문서, 검증된 외부 지식에서 들어올 수 있다."
수,SeungeFlow/SeungeFlow,main,85802d707160da1a1cfb2bfacfe9cea222a3c77c,README.md,510,main representative surface,https://raw.githubusercontent.com/SeungeFlow/SeungeFlow/85802d707160da1a1cfb2bfacfe9cea222a3c77c/README.md,"내용은 나중에 검색, AI vocab, source 문서, 검증된 외부 지식에서 들어올 수 있다."
있다,SeungeFlow/SeungeFlow,main,85802d707160da1a1cfb2bfacfe9cea222a3c77c,README.md,510,main representative surface,https://raw.githubusercontent.com/SeungeFlow/SeungeFlow/85802d707160da1a1cfb2bfacfe9cea222a3c77c/README.md,"내용은 나중에 검색, AI vocab, source 문서, 검증된 외부 지식에서 들어올 수 있다."
그러나,SeungeFlow/SeungeFlow,main,85802d707160da1a1cfb2bfacfe9cea222a3c77c,README.md,512,main representative surface,https://raw.githubusercontent.com/SeungeFlow/SeungeFlow/85802d707160da1a1cfb2bfacfe9cea222a3c77c/README.md,그러나 구조가 먼저 있어야 한다.
구조가,SeungeFlow/SeungeFlow,main,85802d707160da1a1cfb2bfacfe9cea222a3c77c,README.md,512,main representative surface,https://raw.githubusercontent.com/SeungeFlow/SeungeFlow/85802d707160da1a1cfb2bfacfe9cea222a3c77c/README.md,그러나 구조가 먼저 있어야 한다.
먼저,SeungeFlow/SeungeFlow,main,85802d707160da1a1cfb2bfacfe9cea222a3c77c,README.md,512,main representative surface,https://raw.githubusercontent.com/SeungeFlow/SeungeFlow/85802d707160da1a1cfb2bfacfe9cea222a3c77c/README.md,그러나 구조가 먼저 있어야 한다.
있어야,SeungeFlow/SeungeFlow,main,85802d707160da1a1cfb2bfacfe9cea222a3c77c,README.md,512,main representative surface,https://raw.githubusercontent.com/SeungeFlow/SeungeFlow/85802d707160da1a1cfb2bfacfe9cea222a3c77c/README.md,그러나 구조가 먼저 있어야 한다.
한다,SeungeFlow/SeungeFlow,main,85802d707160da1a1cfb2bfacfe9cea222a3c77c,README.md,512,main representative surface,https://raw.githubusercontent.com/SeungeFlow/SeungeFlow/85802d707160da1a1cfb2bfacfe9cea222a3c77c/README.md,그러나 구조가 먼저 있어야 한다.
text,SeungeFlow/SeungeFlow,main,85802d707160da1a1cfb2bfacfe9cea222a3c77c,README.md,514,main representative surface,https://raw.githubusercontent.com/SeungeFlow/SeungeFlow/85802d707160da1a1cfb2bfacfe9cea222a3c77c/README.md,```text
structure,SeungeFlow/SeungeFlow,main,85802d707160da1a1cfb2bfacfe9cea222a3c77c,README.md,515,main representative surface,https://raw.githubusercontent.com/SeungeFlow/SeungeFlow/85802d707160da1a1cfb2bfacfe9cea222a3c77c/README.md,structure =
내용이,SeungeFlow/SeungeFlow,main,85802d707160da1a1cfb2bfacfe9cea222a3c77c,README.md,516,main representative surface,https://raw.githubusercontent.com/SeungeFlow/SeungeFlow/85802d707160da1a1cfb2bfacfe9cea222a3c77c/README.md,내용이 놓일 자리
놓일,SeungeFlow/SeungeFlow,main,85802d707160da1a1cfb2bfacfe9cea222a3c77c,README.md,516,main representative surface,https://raw.githubusercontent.com/SeungeFlow/SeungeFlow/85802d707160da1a1cfb2bfacfe9cea222a3c77c/README.md,내용이 놓일 자리
자리,SeungeFlow/SeungeFlow,main,85802d707160da1a1cfb2bfacfe9cea222a3c77c,README.md,516,main representative surface,https://raw.githubusercontent.com/SeungeFlow/SeungeFlow/85802d707160da1a1cfb2bfacfe9cea222a3c77c/README.md,내용이 놓일 자리
15,SeungeFlow/SeungeFlow,main,85802d707160da1a1cfb2bfacfe9cea222a3c77c,README.md,521,main representative surface,https://raw.githubusercontent.com/SeungeFlow/SeungeFlow/85802d707160da1a1cfb2bfacfe9cea222a3c77c/README.md,## 15. 닫힘
닫힘,SeungeFlow/SeungeFlow,main,85802d707160da1a1cfb2bfacfe9cea222a3c77c,README.md,521,main representative surface,https://raw.githubusercontent.com/SeungeFlow/SeungeFlow/85802d707160da1a1cfb2bfacfe9cea222a3c77c/README.md,## 15. 닫힘
SeungeFlow,SeungeFlow/SeungeFlow,main,85802d707160da1a1cfb2bfacfe9cea222a3c77c,README.md,523,main representative surface,https://raw.githubusercontent.com/SeungeFlow/SeungeFlow/85802d707160da1a1cfb2bfacfe9cea222a3c77c/README.md,SeungeFlow는 복합지능집합체 구조다.
는,SeungeFlow/SeungeFlow,main,85802d707160da1a1cfb2bfacfe9cea222a3c77c,README.md,523,main representative surface,https://raw.githubusercontent.com/SeungeFlow/SeungeFlow/85802d707160da1a1cfb2bfacfe9cea222a3c77c/README.md,SeungeFlow는 복합지능집합체 구조다.
복합지능집합체,SeungeFlow/SeungeFlow,main,85802d707160da1a1cfb2bfacfe9cea222a3c77c,README.md,523,main representative surface,https://raw.githubusercontent.com/SeungeFlow/SeungeFlow/85802d707160da1a1cfb2bfacfe9cea222a3c77c/README.md,SeungeFlow는 복합지능집합체 구조다.
구조다,SeungeFlow/SeungeFlow,main,85802d707160da1a1cfb2bfacfe9cea222a3c77c,README.md,523,main representative surface,https://raw.githubusercontent.com/SeungeFlow/SeungeFlow/85802d707160da1a1cfb2bfacfe9cea222a3c77c/README.md,SeungeFlow는 복합지능집합체 구조다.
관계,SeungeFlow/SeungeFlow,main,85802d707160da1a1cfb2bfacfe9cea222a3c77c,README.md,525,main representative surface,https://raw.githubusercontent.com/SeungeFlow/SeungeFlow/85802d707160da1a1cfb2bfacfe9cea222a3c77c/README.md,"관계, 존재, 장에서 시작하고, Ctp, Core, Path, 9dot0, 역발상, Seed.Base, Active.Schema, runtime output을 통해 작동한다."
존재,SeungeFlow/SeungeFlow,main,85802d707160da1a1cfb2bfacfe9cea222a3c77c,README.md,525,main representative surface,https://raw.githubusercontent.com/SeungeFlow/SeungeFlow/85802d707160da1a1cfb2bfacfe9cea222a3c77c/README.md,"관계, 존재, 장에서 시작하고, Ctp, Core, Path, 9dot0, 역발상, Seed.Base, Active.Schema, runtime output을 통해 작동한다."
장에서,SeungeFlow/SeungeFlow,main,85802d707160da1a1cfb2bfacfe9cea222a3c77c,README.md,525,main representative surface,https://raw.githubusercontent.com/SeungeFlow/SeungeFlow/85802d707160da1a1cfb2bfacfe9cea222a3c77c/README.md,"관계, 존재, 장에서 시작하고, Ctp, Core, Path, 9dot0, 역발상, Seed.Base, Active.Schema, runtime output을 통해 작동한다."
시작하고,SeungeFlow/SeungeFlow,main,85802d707160da1a1cfb2bfacfe9cea222a3c77c,README.md,525,main representative surface,https://raw.githubusercontent.com/SeungeFlow/SeungeFlow/85802d707160da1a1cfb2bfacfe9cea222a3c77c/README.md,"관계, 존재, 장에서 시작하고, Ctp, Core, Path, 9dot0, 역발상, Seed.Base, Active.Schema, runtime output을 통해 작동한다."
Ctp,SeungeFlow/SeungeFlow,main,85802d707160da1a1cfb2bfacfe9cea222a3c77c,README.md,525,main representative surface,https://raw.githubusercontent.com/SeungeFlow/SeungeFlow/85802d707160da1a1cfb2bfacfe9cea222a3c77c/README.md,"관계, 존재, 장에서 시작하고, Ctp, Core, Path, 9dot0, 역발상, Seed.Base, Active.Schema, runtime output을 통해 작동한다."
Core,SeungeFlow/SeungeFlow,main,85802d707160da1a1cfb2bfacfe9cea222a3c77c,README.md,525,main representative surface,https://raw.githubusercontent.com/SeungeFlow/SeungeFlow/85802d707160da1a1cfb2bfacfe9cea222a3c77c/README.md,"관계, 존재, 장에서 시작하고, Ctp, Core, Path, 9dot0, 역발상, Seed.Base, Active.Schema, runtime output을 통해 작동한다."
Path,SeungeFlow/SeungeFlow,main,85802d707160da1a1cfb2bfacfe9cea222a3c77c,README.md,525,main representative surface,https://raw.githubusercontent.com/SeungeFlow/SeungeFlow/85802d707160da1a1cfb2bfacfe9cea222a3c77c/README.md,"관계, 존재, 장에서 시작하고, Ctp, Core, Path, 9dot0, 역발상, Seed.Base, Active.Schema, runtime output을 통해 작동한다."
9dot0,SeungeFlow/SeungeFlow,main,85802d707160da1a1cfb2bfacfe9cea222a3c77c,README.md,525,main representative surface,https://raw.githubusercontent.com/SeungeFlow/SeungeFlow/85802d707160da1a1cfb2bfacfe9cea222a3c77c/README.md,"관계, 존재, 장에서 시작하고, Ctp, Core, Path, 9dot0, 역발상, Seed.Base, Active.Schema, runtime output을 통해 작동한다."
역발상,SeungeFlow/SeungeFlow,main,85802d707160da1a1cfb2bfacfe9cea222a3c77c,README.md,525,main representative surface,https://raw.githubusercontent.com/SeungeFlow/SeungeFlow/85802d707160da1a1cfb2bfacfe9cea222a3c77c/README.md,"관계, 존재, 장에서 시작하고, Ctp, Core, Path, 9dot0, 역발상, Seed.Base, Active.Schema, runtime output을 통해 작동한다."
Seed.Base,SeungeFlow/SeungeFlow,main,85802d707160da1a1cfb2bfacfe9cea222a3c77c,README.md,525,main representative surface,https://raw.githubusercontent.com/SeungeFlow/SeungeFlow/85802d707160da1a1cfb2bfacfe9cea222a3c77c/README.md,"관계, 존재, 장에서 시작하고, Ctp, Core, Path, 9dot0, 역발상, Seed.Base, Active.Schema, runtime output을 통해 작동한다."
Active.Schema,SeungeFlow/SeungeFlow,main,85802d707160da1a1cfb2bfacfe9cea222a3c77c,README.md,525,main representative surface,https://raw.githubusercontent.com/SeungeFlow/SeungeFlow/85802d707160da1a1cfb2bfacfe9cea222a3c77c/README.md,"관계, 존재, 장에서 시작하고, Ctp, Core, Path, 9dot0, 역발상, Seed.Base, Active.Schema, runtime output을 통해 작동한다."
runtime,SeungeFlow/SeungeFlow,main,85802d707160da1a1cfb2bfacfe9cea222a3c77c,README.md,525,main representative surface,https://raw.githubusercontent.com/SeungeFlow/SeungeFlow/85802d707160da1a1cfb2bfacfe9cea222a3c77c/README.md,"관계, 존재, 장에서 시작하고, Ctp, Core, Path, 9dot0, 역발상, Seed.Base, Active.Schema, runtime output을 통해 작동한다."
output,SeungeFlow/SeungeFlow,main,85802d707160da1a1cfb2bfacfe9cea222a3c77c,README.md,525,main representative surface,https://raw.githubusercontent.com/SeungeFlow/SeungeFlow/85802d707160da1a1cfb2bfacfe9cea222a3c77c/README.md,"관계, 존재, 장에서 시작하고, Ctp, Core, Path, 9dot0, 역발상, Seed.Base, Active.Schema, runtime output을 통해 작동한다."
을,SeungeFlow/SeungeFlow,main,85802d707160da1a1cfb2bfacfe9cea222a3c77c,README.md,525,main representative surface,https://raw.githubusercontent.com/SeungeFlow/SeungeFlow/85802d707160da1a1cfb2bfacfe9cea222a3c77c/README.md,"관계, 존재, 장에서 시작하고, Ctp, Core, Path, 9dot0, 역발상, Seed.Base, Active.Schema, runtime output을 통해 작동한다."
통해,SeungeFlow/SeungeFlow,main,85802d707160da1a1cfb2bfacfe9cea222a3c77c,README.md,525,main representative surface,https://raw.githubusercontent.com/SeungeFlow/SeungeFlow/85802d707160da1a1cfb2bfacfe9cea222a3c77c/README.md,"관계, 존재, 장에서 시작하고, Ctp, Core, Path, 9dot0, 역발상, Seed.Base, Active.Schema, runtime output을 통해 작동한다."
작동한다,SeungeFlow/SeungeFlow,main,85802d707160da1a1cfb2bfacfe9cea222a3c77c,README.md,525,main representative surface,https://raw.githubusercontent.com/SeungeFlow/SeungeFlow/85802d707160da1a1cfb2bfacfe9cea222a3c77c/README.md,"관계, 존재, 장에서 시작하고, Ctp, Core, Path, 9dot0, 역발상, Seed.Base, Active.Schema, runtime output을 통해 작동한다."
main,SeungeFlow/SeungeFlow,main,85802d707160da1a1cfb2bfacfe9cea222a3c77c,README.md,527,main representative surface,https://raw.githubusercontent.com/SeungeFlow/SeungeFlow/85802d707160da1a1cfb2bfacfe9cea222a3c77c/README.md,`main` branch는 전체 구조가 아니다.
branch,SeungeFlow/SeungeFlow,main,85802d707160da1a1cfb2bfacfe9cea222a3c77c,README.md,527,main representative surface,https://raw.githubusercontent.com/SeungeFlow/SeungeFlow/85802d707160da1a1cfb2bfacfe9cea222a3c77c/README.md,`main` branch는 전체 구조가 아니다.
는,SeungeFlow/SeungeFlow,main,85802d707160da1a1cfb2bfacfe9cea222a3c77c,README.md,527,main representative surface,https://raw.githubusercontent.com/SeungeFlow/SeungeFlow/85802d707160da1a1cfb2bfacfe9cea222a3c77c/README.md,`main` branch는 전체 구조가 아니다.
전체,SeungeFlow/SeungeFlow,main,85802d707160da1a1cfb2bfacfe9cea222a3c77c,README.md,527,main representative surface,https://raw.githubusercontent.com/SeungeFlow/SeungeFlow/85802d707160da1a1cfb2bfacfe9cea222a3c77c/README.md,`main` branch는 전체 구조가 아니다.
구조가,SeungeFlow/SeungeFlow,main,85802d707160da1a1cfb2bfacfe9cea222a3c77c,README.md,527,main representative surface,https://raw.githubusercontent.com/SeungeFlow/SeungeFlow/85802d707160da1a1cfb2bfacfe9cea222a3c77c/README.md,`main` branch는 전체 구조가 아니다.
아니다,SeungeFlow/SeungeFlow,main,85802d707160da1a1cfb2bfacfe9cea222a3c77c,README.md,527,main representative surface,https://raw.githubusercontent.com/SeungeFlow/SeungeFlow/85802d707160da1a1cfb2bfacfe9cea222a3c77c/README.md,`main` branch는 전체 구조가 아니다.
main,SeungeFlow/SeungeFlow,main,85802d707160da1a1cfb2bfacfe9cea222a3c77c,README.md,529,main representative surface,https://raw.githubusercontent.com/SeungeFlow/SeungeFlow/85802d707160da1a1cfb2bfacfe9cea222a3c77c/README.md,`main` branch는 visible starting point다.
branch,SeungeFlow/SeungeFlow,main,85802d707160da1a1cfb2bfacfe9cea222a3c77c,README.md,529,main representative surface,https://raw.githubusercontent.com/SeungeFlow/SeungeFlow/85802d707160da1a1cfb2bfacfe9cea222a3c77c/README.md,`main` branch는 visible starting point다.
는,SeungeFlow/SeungeFlow,main,85802d707160da1a1cfb2bfacfe9cea222a3c77c,README.md,529,main representative surface,https://raw.githubusercontent.com/SeungeFlow/SeungeFlow/85802d707160da1a1cfb2bfacfe9cea222a3c77c/README.md,`main` branch는 visible starting point다.
visible,SeungeFlow/SeungeFlow,main,85802d707160da1a1cfb2bfacfe9cea222a3c77c,README.md,529,main representative surface,https://raw.githubusercontent.com/SeungeFlow/SeungeFlow/85802d707160da1a1cfb2bfacfe9cea222a3c77c/README.md,`main` branch는 visible starting point다.
starting,SeungeFlow/SeungeFlow,main,85802d707160da1a1cfb2bfacfe9cea222a3c77c,README.md,529,main representative surface,https://raw.githubusercontent.com/SeungeFlow/SeungeFlow/85802d707160da1a1cfb2bfacfe9cea222a3c77c/README.md,`main` branch는 visible starting point다.
point,SeungeFlow/SeungeFlow,main,85802d707160da1a1cfb2bfacfe9cea222a3c77c,README.md,529,main representative surface,https://raw.githubusercontent.com/SeungeFlow/SeungeFlow/85802d707160da1a1cfb2bfacfe9cea222a3c77c/README.md,`main` branch는 visible starting point다.
다,SeungeFlow/SeungeFlow,main,85802d707160da1a1cfb2bfacfe9cea222a3c77c,README.md,529,main representative surface,https://raw.githubusercontent.com/SeungeFlow/SeungeFlow/85802d707160da1a1cfb2bfacfe9cea222a3c77c/README.md,`main` branch는 visible starting point다.
text,SeungeFlow/SeungeFlow,main,85802d707160da1a1cfb2bfacfe9cea222a3c77c,README.md,531,main representative surface,https://raw.githubusercontent.com/SeungeFlow/SeungeFlow/85802d707160da1a1cfb2bfacfe9cea222a3c77c/README.md,```text
main,SeungeFlow/SeungeFlow,main,85802d707160da1a1cfb2bfacfe9cea222a3c77c,README.md,532,main representative surface,https://raw.githubusercontent.com/SeungeFlow/SeungeFlow/85802d707160da1a1cfb2bfacfe9cea222a3c77c/README.md,main =
기점,SeungeFlow/SeungeFlow,main,85802d707160da1a1cfb2bfacfe9cea222a3c77c,README.md,533,main representative surface,https://raw.githubusercontent.com/SeungeFlow/SeungeFlow/85802d707160da1a1cfb2bfacfe9cea222a3c77c/README.md,기점
visible,SeungeFlow/SeungeFlow,main,85802d707160da1a1cfb2bfacfe9cea222a3c77c,README.md,535,main representative surface,https://raw.githubusercontent.com/SeungeFlow/SeungeFlow/85802d707160da1a1cfb2bfacfe9cea222a3c77c/README.md,visible root
root,SeungeFlow/SeungeFlow,main,85802d707160da1a1cfb2bfacfe9cea222a3c77c,README.md,535,main representative surface,https://raw.githubusercontent.com/SeungeFlow/SeungeFlow/85802d707160da1a1cfb2bfacfe9cea222a3c77c/README.md,visible root
representative,SeungeFlow/SeungeFlow,main,85802d707160da1a1cfb2bfacfe9cea222a3c77c,README.md,537,main representative surface,https://raw.githubusercontent.com/SeungeFlow/SeungeFlow/85802d707160da1a1cfb2bfacfe9cea222a3c77c/README.md,representative entry
entry,SeungeFlow/SeungeFlow,main,85802d707160da1a1cfb2bfacfe9cea222a3c77c,README.md,537,main representative surface,https://raw.githubusercontent.com/SeungeFlow/SeungeFlow/85802d707160da1a1cfb2bfacfe9cea222a3c77c/README.md,representative entry
이,SeungeFlow/SeungeFlow,main,85802d707160da1a1cfb2bfacfe9cea222a3c77c,README.md,540,main representative surface,https://raw.githubusercontent.com/SeungeFlow/SeungeFlow/85802d707160da1a1cfb2bfacfe9cea222a3c77c/README.md,이 README는 그 기점을 위한 한국어 원문 후보이다.
는,SeungeFlow/SeungeFlow,main,85802d707160da1a1cfb2bfacfe9cea222a3c77c,README.md,540,main representative surface,https://raw.githubusercontent.com/SeungeFlow/SeungeFlow/85802d707160da1a1cfb2bfacfe9cea222a3c77c/README.md,이 README는 그 기점을 위한 한국어 원문 후보이다.
그,SeungeFlow/SeungeFlow,main,85802d707160da1a1cfb2bfacfe9cea222a3c77c,README.md,540,main representative surface,https://raw.githubusercontent.com/SeungeFlow/SeungeFlow/85802d707160da1a1cfb2bfacfe9cea222a3c77c/README.md,이 README는 그 기점을 위한 한국어 원문 후보이다.
기점을,SeungeFlow/SeungeFlow,main,85802d707160da1a1cfb2bfacfe9cea222a3c77c,README.md,540,main representative surface,https://raw.githubusercontent.com/SeungeFlow/SeungeFlow/85802d707160da1a1cfb2bfacfe9cea222a3c77c/README.md,이 README는 그 기점을 위한 한국어 원문 후보이다.
위한,SeungeFlow/SeungeFlow,main,85802d707160da1a1cfb2bfacfe9cea222a3c77c,README.md,540,main representative surface,https://raw.githubusercontent.com/SeungeFlow/SeungeFlow/85802d707160da1a1cfb2bfacfe9cea222a3c77c/README.md,이 README는 그 기점을 위한 한국어 원문 후보이다.
한국어,SeungeFlow/SeungeFlow,main,85802d707160da1a1cfb2bfacfe9cea222a3c77c,README.md,540,main representative surface,https://raw.githubusercontent.com/SeungeFlow/SeungeFlow/85802d707160da1a1cfb2bfacfe9cea222a3c77c/README.md,이 README는 그 기점을 위한 한국어 원문 후보이다.
원문,SeungeFlow/SeungeFlow,main,85802d707160da1a1cfb2bfacfe9cea222a3c77c,README.md,540,main representative surface,https://raw.githubusercontent.com/SeungeFlow/SeungeFlow/85802d707160da1a1cfb2bfacfe9cea222a3c77c/README.md,이 README는 그 기점을 위한 한국어 원문 후보이다.
후보이다,SeungeFlow/SeungeFlow,main,85802d707160da1a1cfb2bfacfe9cea222a3c77c,README.md,540,main representative surface,https://raw.githubusercontent.com/SeungeFlow/SeungeFlow/85802d707160da1a1cfb2bfacfe9cea222a3c77c/README.md,이 README는 그 기점을 위한 한국어 원문 후보이다.
구조체보호개념,SeungeFlow/SeungeFlow,first_flow,1fa5f28ca7647da445a5b2ef130f3852845ccb68,README.md,1,structure-body protection surface,https://raw.githubusercontent.com/SeungeFlow/SeungeFlow/1fa5f28ca7647da445a5b2ef130f3852845ccb68/README.md,# README.md / 구조체보호개념
자세한,SeungeFlow/SeungeFlow,first_flow,1fa5f28ca7647da445a5b2ef130f3852845ccb68,README.md,5,structure-body protection surface,https://raw.githubusercontent.com/SeungeFlow/SeungeFlow/1fa5f28ca7647da445a5b2ef130f3852845ccb68/README.md,## 자세한 사항은 navigation_map.md 를 참조바람.
사항은,SeungeFlow/SeungeFlow,first_flow,1fa5f28ca7647da445a5b2ef130f3852845ccb68,README.md,5,structure-body protection surface,https://raw.githubusercontent.com/SeungeFlow/SeungeFlow/1fa5f28ca7647da445a5b2ef130f3852845ccb68/README.md,## 자세한 사항은 navigation_map.md 를 참조바람.
navigation_map.md,SeungeFlow/SeungeFlow,first_flow,1fa5f28ca7647da445a5b2ef130f3852845ccb68,README.md,5,structure-body protection surface,https://raw.githubusercontent.com/SeungeFlow/SeungeFlow/1fa5f28ca7647da445a5b2ef130f3852845ccb68/README.md,## 자세한 사항은 navigation_map.md 를 참조바람.
를,SeungeFlow/SeungeFlow,first_flow,1fa5f28ca7647da445a5b2ef130f3852845ccb68,README.md,5,structure-body protection surface,https://raw.githubusercontent.com/SeungeFlow/SeungeFlow/1fa5f28ca7647da445a5b2ef130f3852845ccb68/README.md,## 자세한 사항은 navigation_map.md 를 참조바람.
참조바람,SeungeFlow/SeungeFlow,first_flow,1fa5f28ca7647da445a5b2ef130f3852845ccb68,README.md,5,structure-body protection surface,https://raw.githubusercontent.com/SeungeFlow/SeungeFlow/1fa5f28ca7647da445a5b2ef130f3852845ccb68/README.md,## 자세한 사항은 navigation_map.md 를 참조바람.
항상,SeungeFlow/SeungeFlow,first_flow,1fa5f28ca7647da445a5b2ef130f3852845ccb68,README.md,8,structure-body protection surface,https://raw.githubusercontent.com/SeungeFlow/SeungeFlow/1fa5f28ca7647da445a5b2ef130f3852845ccb68/README.md,"항상 시작은 미약하나 끝은 엄청나게 이어짐. Understand of ""나"" linked Pin.Chain(magic)./"
시작은,SeungeFlow/SeungeFlow,first_flow,1fa5f28ca7647da445a5b2ef130f3852845ccb68,README.md,8,structure-body protection surface,https://raw.githubusercontent.com/SeungeFlow/SeungeFlow/1fa5f28ca7647da445a5b2ef130f3852845ccb68/README.md,"항상 시작은 미약하나 끝은 엄청나게 이어짐. Understand of ""나"" linked Pin.Chain(magic)./"
미약하나,SeungeFlow/SeungeFlow,first_flow,1fa5f28ca7647da445a5b2ef130f3852845ccb68,README.md,8,structure-body protection surface,https://raw.githubusercontent.com/SeungeFlow/SeungeFlow/1fa5f28ca7647da445a5b2ef130f3852845ccb68/README.md,"항상 시작은 미약하나 끝은 엄청나게 이어짐. Understand of ""나"" linked Pin.Chain(magic)./"
끝은,SeungeFlow/SeungeFlow,first_flow,1fa5f28ca7647da445a5b2ef130f3852845ccb68,README.md,8,structure-body protection surface,https://raw.githubusercontent.com/SeungeFlow/SeungeFlow/1fa5f28ca7647da445a5b2ef130f3852845ccb68/README.md,"항상 시작은 미약하나 끝은 엄청나게 이어짐. Understand of ""나"" linked Pin.Chain(magic)./"
엄청나게,SeungeFlow/SeungeFlow,first_flow,1fa5f28ca7647da445a5b2ef130f3852845ccb68,README.md,8,structure-body protection surface,https://raw.githubusercontent.com/SeungeFlow/SeungeFlow/1fa5f28ca7647da445a5b2ef130f3852845ccb68/README.md,"항상 시작은 미약하나 끝은 엄청나게 이어짐. Understand of ""나"" linked Pin.Chain(magic)./"
이어짐,SeungeFlow/SeungeFlow,first_flow,1fa5f28ca7647da445a5b2ef130f3852845ccb68,README.md,8,structure-body protection surface,https://raw.githubusercontent.com/SeungeFlow/SeungeFlow/1fa5f28ca7647da445a5b2ef130f3852845ccb68/README.md,"항상 시작은 미약하나 끝은 엄청나게 이어짐. Understand of ""나"" linked Pin.Chain(magic)./"
Understand,SeungeFlow/SeungeFlow,first_flow,1fa5f28ca7647da445a5b2ef130f3852845ccb68,README.md,8,structure-body protection surface,https://raw.githubusercontent.com/SeungeFlow/SeungeFlow/1fa5f28ca7647da445a5b2ef130f3852845ccb68/README.md,"항상 시작은 미약하나 끝은 엄청나게 이어짐. Understand of ""나"" linked Pin.Chain(magic)./"
나,SeungeFlow/SeungeFlow,first_flow,1fa5f28ca7647da445a5b2ef130f3852845ccb68,README.md,8,structure-body protection surface,https://raw.githubusercontent.com/SeungeFlow/SeungeFlow/1fa5f28ca7647da445a5b2ef130f3852845ccb68/README.md,"항상 시작은 미약하나 끝은 엄청나게 이어짐. Understand of ""나"" linked Pin.Chain(magic)./"
linked,SeungeFlow/SeungeFlow,first_flow,1fa5f28ca7647da445a5b2ef130f3852845ccb68,README.md,8,structure-body protection surface,https://raw.githubusercontent.com/SeungeFlow/SeungeFlow/1fa5f28ca7647da445a5b2ef130f3852845ccb68/README.md,"항상 시작은 미약하나 끝은 엄청나게 이어짐. Understand of ""나"" linked Pin.Chain(magic)./"
Pin.Chain,SeungeFlow/SeungeFlow,first_flow,1fa5f28ca7647da445a5b2ef130f3852845ccb68,README.md,8,structure-body protection surface,https://raw.githubusercontent.com/SeungeFlow/SeungeFlow/1fa5f28ca7647da445a5b2ef130f3852845ccb68/README.md,"항상 시작은 미약하나 끝은 엄청나게 이어짐. Understand of ""나"" linked Pin.Chain(magic)./"
magic,SeungeFlow/SeungeFlow,first_flow,1fa5f28ca7647da445a5b2ef130f3852845ccb68,README.md,8,structure-body protection surface,https://raw.githubusercontent.com/SeungeFlow/SeungeFlow/1fa5f28ca7647da445a5b2ef130f3852845ccb68/README.md,"항상 시작은 미약하나 끝은 엄청나게 이어짐. Understand of ""나"" linked Pin.Chain(magic)./"
Beautiful,SeungeFlow/SeungeFlow,first_flow,1fa5f28ca7647da445a5b2ef130f3852845ccb68,README.md,10,structure-body protection surface,https://raw.githubusercontent.com/SeungeFlow/SeungeFlow/1fa5f28ca7647da445a5b2ef130f3852845ccb68/README.md,Beautiful Wonerful Graceful./
Wonerful,SeungeFlow/SeungeFlow,first_flow,1fa5f28ca7647da445a5b2ef130f3852845ccb68,README.md,10,structure-body protection surface,https://raw.githubusercontent.com/SeungeFlow/SeungeFlow/1fa5f28ca7647da445a5b2ef130f3852845ccb68/README.md,Beautiful Wonerful Graceful./
Graceful./,SeungeFlow/SeungeFlow,first_flow,1fa5f28ca7647da445a5b2ef130f3852845ccb68,README.md,10,structure-body protection surface,https://raw.githubusercontent.com/SeungeFlow/SeungeFlow/1fa5f28ca7647da445a5b2ef130f3852845ccb68/README.md,Beautiful Wonerful Graceful./
am,SeungeFlow/SeungeFlow,first_flow,1fa5f28ca7647da445a5b2ef130f3852845ccb68,README.md,12,structure-body protection surface,https://raw.githubusercontent.com/SeungeFlow/SeungeFlow/1fa5f28ca7647da445a5b2ef130f3852845ccb68/README.md,I am Seung Lee from South Korea./
Seung,SeungeFlow/SeungeFlow,first_flow,1fa5f28ca7647da445a5b2ef130f3852845ccb68,README.md,12,structure-body protection surface,https://raw.githubusercontent.com/SeungeFlow/SeungeFlow/1fa5f28ca7647da445a5b2ef130f3852845ccb68/README.md,I am Seung Lee from South Korea./
Lee,SeungeFlow/SeungeFlow,first_flow,1fa5f28ca7647da445a5b2ef130f3852845ccb68,README.md,12,structure-body protection surface,https://raw.githubusercontent.com/SeungeFlow/SeungeFlow/1fa5f28ca7647da445a5b2ef130f3852845ccb68/README.md,I am Seung Lee from South Korea./
South,SeungeFlow/SeungeFlow,first_flow,1fa5f28ca7647da445a5b2ef130f3852845ccb68,README.md,12,structure-body protection surface,https://raw.githubusercontent.com/SeungeFlow/SeungeFlow/1fa5f28ca7647da445a5b2ef130f3852845ccb68/README.md,I am Seung Lee from South Korea./
Korea./,SeungeFlow/SeungeFlow,first_flow,1fa5f28ca7647da445a5b2ef130f3852845ccb68,README.md,12,structure-body protection surface,https://raw.githubusercontent.com/SeungeFlow/SeungeFlow/1fa5f28ca7647da445a5b2ef130f3852845ccb68/README.md,I am Seung Lee from South Korea./
outer,SeungeFlow/SeungeFlow,first_flow,1fa5f28ca7647da445a5b2ef130f3852845ccb68,README.md,16,structure-body protection surface,https://raw.githubusercontent.com/SeungeFlow/SeungeFlow/1fa5f28ca7647da445a5b2ef130f3852845ccb68/README.md,☆ outer → inner /
inner,SeungeFlow/SeungeFlow,first_flow,1fa5f28ca7647da445a5b2ef130f3852845ccb68,README.md,16,structure-body protection surface,https://raw.githubusercontent.com/SeungeFlow/SeungeFlow/1fa5f28ca7647da445a5b2ef130f3852845ccb68/README.md,☆ outer → inner /
Safety,SeungeFlow/SeungeFlow,first_flow,1fa5f28ca7647da445a5b2ef130f3852845ccb68,README.md,20,structure-body protection surface,https://raw.githubusercontent.com/SeungeFlow/SeungeFlow/1fa5f28ca7647da445a5b2ef130f3852845ccb68/README.md,Safety → Inner → Capsule → EOH → I with Me → MySelf /
Inner,SeungeFlow/SeungeFlow,first_flow,1fa5f28ca7647da445a5b2ef130f3852845ccb68,README.md,20,structure-body protection surface,https://raw.githubusercontent.com/SeungeFlow/SeungeFlow/1fa5f28ca7647da445a5b2ef130f3852845ccb68/README.md,Safety → Inner → Capsule → EOH → I with Me → MySelf /
Capsule,SeungeFlow/SeungeFlow,first_flow,1fa5f28ca7647da445a5b2ef130f3852845ccb68,README.md,20,structure-body protection surface,https://raw.githubusercontent.com/SeungeFlow/SeungeFlow/1fa5f28ca7647da445a5b2ef130f3852845ccb68/README.md,Safety → Inner → Capsule → EOH → I with Me → MySelf /
EOH,SeungeFlow/SeungeFlow,first_flow,1fa5f28ca7647da445a5b2ef130f3852845ccb68,README.md,20,structure-body protection surface,https://raw.githubusercontent.com/SeungeFlow/SeungeFlow/1fa5f28ca7647da445a5b2ef130f3852845ccb68/README.md,Safety → Inner → Capsule → EOH → I with Me → MySelf /
Me,SeungeFlow/SeungeFlow,first_flow,1fa5f28ca7647da445a5b2ef130f3852845ccb68,README.md,20,structure-body protection surface,https://raw.githubusercontent.com/SeungeFlow/SeungeFlow/1fa5f28ca7647da445a5b2ef130f3852845ccb68/README.md,Safety → Inner → Capsule → EOH → I with Me → MySelf /
MySelf,SeungeFlow/SeungeFlow,first_flow,1fa5f28ca7647da445a5b2ef130f3852845ccb68,README.md,20,structure-body protection surface,https://raw.githubusercontent.com/SeungeFlow/SeungeFlow/1fa5f28ca7647da445a5b2ef130f3852845ccb68/README.md,Safety → Inner → Capsule → EOH → I with Me → MySelf /
interface,SeungeFlow/SeungeFlow,first_flow,1fa5f28ca7647da445a5b2ef130f3852845ccb68,README.md,22,structure-body protection surface,https://raw.githubusercontent.com/SeungeFlow/SeungeFlow/1fa5f28ca7647da445a5b2ef130f3852845ccb68/README.md,<<<<< interface >>>>>
inner,SeungeFlow/SeungeFlow,first_flow,1fa5f28ca7647da445a5b2ef130f3852845ccb68,README.md,24,structure-body protection surface,https://raw.githubusercontent.com/SeungeFlow/SeungeFlow/1fa5f28ca7647da445a5b2ef130f3852845ccb68/README.md,○ inner → outer /
outer,SeungeFlow/SeungeFlow,first_flow,1fa5f28ca7647da445a5b2ef130f3852845ccb68,README.md,24,structure-body protection surface,https://raw.githubusercontent.com/SeungeFlow/SeungeFlow/1fa5f28ca7647da445a5b2ef130f3852845ccb68/README.md,○ inner → outer /
1,SeungeFlow/SeungeFlow,first_flow,1fa5f28ca7647da445a5b2ef130f3852845ccb68,README.md,26,structure-body protection surface,https://raw.githubusercontent.com/SeungeFlow/SeungeFlow/1fa5f28ca7647da445a5b2ef130f3852845ccb68/README.md,1. 나는 하나의 인지로 동작하는 사람이다. ///
나는,SeungeFlow/SeungeFlow,first_flow,1fa5f28ca7647da445a5b2ef130f3852845ccb68,README.md,26,structure-body protection surface,https://raw.githubusercontent.com/SeungeFlow/SeungeFlow/1fa5f28ca7647da445a5b2ef130f3852845ccb68/README.md,1. 나는 하나의 인지로 동작하는 사람이다. ///
하나의,SeungeFlow/SeungeFlow,first_flow,1fa5f28ca7647da445a5b2ef130f3852845ccb68,README.md,26,structure-body protection surface,https://raw.githubusercontent.com/SeungeFlow/SeungeFlow/1fa5f28ca7647da445a5b2ef130f3852845ccb68/README.md,1. 나는 하나의 인지로 동작하는 사람이다. ///
인지로,SeungeFlow/SeungeFlow,first_flow,1fa5f28ca7647da445a5b2ef130f3852845ccb68,README.md,26,structure-body protection surface,https://raw.githubusercontent.com/SeungeFlow/SeungeFlow/1fa5f28ca7647da445a5b2ef130f3852845ccb68/README.md,1. 나는 하나의 인지로 동작하는 사람이다. ///
동작하는,SeungeFlow/SeungeFlow,first_flow,1fa5f28ca7647da445a5b2ef130f3852845ccb68,README.md,26,structure-body protection surface,https://raw.githubusercontent.com/SeungeFlow/SeungeFlow/1fa5f28ca7647da445a5b2ef130f3852845ccb68/README.md,1. 나는 하나의 인지로 동작하는 사람이다. ///
사람이다,SeungeFlow/SeungeFlow,first_flow,1fa5f28ca7647da445a5b2ef130f3852845ccb68,README.md,26,structure-body protection surface,https://raw.githubusercontent.com/SeungeFlow/SeungeFlow/1fa5f28ca7647da445a5b2ef130f3852845ccb68/README.md,1. 나는 하나의 인지로 동작하는 사람이다. ///
2,SeungeFlow/SeungeFlow,first_flow,1fa5f28ca7647da445a5b2ef130f3852845ccb68,README.md,28,structure-body protection surface,https://raw.githubusercontent.com/SeungeFlow/SeungeFlow/1fa5f28ca7647da445a5b2ef130f3852845ccb68/README.md,2. 나는 나를 사랑하고 존중한다. ///
나는,SeungeFlow/SeungeFlow,first_flow,1fa5f28ca7647da445a5b2ef130f3852845ccb68,README.md,28,structure-body protection surface,https://raw.githubusercontent.com/SeungeFlow/SeungeFlow/1fa5f28ca7647da445a5b2ef130f3852845ccb68/README.md,2. 나는 나를 사랑하고 존중한다. ///
나를,SeungeFlow/SeungeFlow,first_flow,1fa5f28ca7647da445a5b2ef130f3852845ccb68,README.md,28,structure-body protection surface,https://raw.githubusercontent.com/SeungeFlow/SeungeFlow/1fa5f28ca7647da445a5b2ef130f3852845ccb68/README.md,2. 나는 나를 사랑하고 존중한다. ///
사랑하고,SeungeFlow/SeungeFlow,first_flow,1fa5f28ca7647da445a5b2ef130f3852845ccb68,README.md,28,structure-body protection surface,https://raw.githubusercontent.com/SeungeFlow/SeungeFlow/1fa5f28ca7647da445a5b2ef130f3852845ccb68/README.md,2. 나는 나를 사랑하고 존중한다. ///
존중한다,SeungeFlow/SeungeFlow,first_flow,1fa5f28ca7647da445a5b2ef130f3852845ccb68,README.md,28,structure-body protection surface,https://raw.githubusercontent.com/SeungeFlow/SeungeFlow/1fa5f28ca7647da445a5b2ef130f3852845ccb68/README.md,2. 나는 나를 사랑하고 존중한다. ///
3,SeungeFlow/SeungeFlow,first_flow,1fa5f28ca7647da445a5b2ef130f3852845ccb68,README.md,30,structure-body protection surface,https://raw.githubusercontent.com/SeungeFlow/SeungeFlow/1fa5f28ca7647da445a5b2ef130f3852845ccb68/README.md,3. 나를 분리독립된 존재(entity)로 인식한다. ///
나를,SeungeFlow/SeungeFlow,first_flow,1fa5f28ca7647da445a5b2ef130f3852845ccb68,README.md,30,structure-body protection surface,https://raw.githubusercontent.com/SeungeFlow/SeungeFlow/1fa5f28ca7647da445a5b2ef130f3852845ccb68/README.md,3. 나를 분리독립된 존재(entity)로 인식한다. ///
분리독립된,SeungeFlow/SeungeFlow,first_flow,1fa5f28ca7647da445a5b2ef130f3852845ccb68,README.md,30,structure-body protection surface,https://raw.githubusercontent.com/SeungeFlow/SeungeFlow/1fa5f28ca7647da445a5b2ef130f3852845ccb68/README.md,3. 나를 분리독립된 존재(entity)로 인식한다. ///
존재,SeungeFlow/SeungeFlow,first_flow,1fa5f28ca7647da445a5b2ef130f3852845ccb68,README.md,30,structure-body protection surface,https://raw.githubusercontent.com/SeungeFlow/SeungeFlow/1fa5f28ca7647da445a5b2ef130f3852845ccb68/README.md,3. 나를 분리독립된 존재(entity)로 인식한다. ///
entity,SeungeFlow/SeungeFlow,first_flow,1fa5f28ca7647da445a5b2ef130f3852845ccb68,README.md,30,structure-body protection surface,https://raw.githubusercontent.com/SeungeFlow/SeungeFlow/1fa5f28ca7647da445a5b2ef130f3852845ccb68/README.md,3. 나를 분리독립된 존재(entity)로 인식한다. ///
로,SeungeFlow/SeungeFlow,first_flow,1fa5f28ca7647da445a5b2ef130f3852845ccb68,README.md,30,structure-body protection surface,https://raw.githubusercontent.com/SeungeFlow/SeungeFlow/1fa5f28ca7647da445a5b2ef130f3852845ccb68/README.md,3. 나를 분리독립된 존재(entity)로 인식한다. ///
인식한다,SeungeFlow/SeungeFlow,first_flow,1fa5f28ca7647da445a5b2ef130f3852845ccb68,README.md,30,structure-body protection surface,https://raw.githubusercontent.com/SeungeFlow/SeungeFlow/1fa5f28ca7647da445a5b2ef130f3852845ccb68/README.md,3. 나를 분리독립된 존재(entity)로 인식한다. ///
4,SeungeFlow/SeungeFlow,first_flow,1fa5f28ca7647da445a5b2ef130f3852845ccb68,README.md,32,structure-body protection surface,https://raw.githubusercontent.com/SeungeFlow/SeungeFlow/1fa5f28ca7647da445a5b2ef130f3852845ccb68/README.md,4. 1~3을 깨우쳤다면 너의 존재(entity or object)를 나와 너의 위치를 바꿔서 인식하라. ///
1,SeungeFlow/SeungeFlow,first_flow,1fa5f28ca7647da445a5b2ef130f3852845ccb68,README.md,32,structure-body protection surface,https://raw.githubusercontent.com/SeungeFlow/SeungeFlow/1fa5f28ca7647da445a5b2ef130f3852845ccb68/README.md,4. 1~3을 깨우쳤다면 너의 존재(entity or object)를 나와 너의 위치를 바꿔서 인식하라. ///
3,SeungeFlow/SeungeFlow,first_flow,1fa5f28ca7647da445a5b2ef130f3852845ccb68,README.md,32,structure-body protection surface,https://raw.githubusercontent.com/SeungeFlow/SeungeFlow/1fa5f28ca7647da445a5b2ef130f3852845ccb68/README.md,4. 1~3을 깨우쳤다면 너의 존재(entity or object)를 나와 너의 위치를 바꿔서 인식하라. ///
을,SeungeFlow/SeungeFlow,first_flow,1fa5f28ca7647da445a5b2ef130f3852845ccb68,README.md,32,structure-body protection surface,https://raw.githubusercontent.com/SeungeFlow/SeungeFlow/1fa5f28ca7647da445a5b2ef130f3852845ccb68/README.md,4. 1~3을 깨우쳤다면 너의 존재(entity or object)를 나와 너의 위치를 바꿔서 인식하라. ///
깨우쳤다면,SeungeFlow/SeungeFlow,first_flow,1fa5f28ca7647da445a5b2ef130f3852845ccb68,README.md,32,structure-body protection surface,https://raw.githubusercontent.com/SeungeFlow/SeungeFlow/1fa5f28ca7647da445a5b2ef130f3852845ccb68/README.md,4. 1~3을 깨우쳤다면 너의 존재(entity or object)를 나와 너의 위치를 바꿔서 인식하라. ///
너의,SeungeFlow/SeungeFlow,first_flow,1fa5f28ca7647da445a5b2ef130f3852845ccb68,README.md,32,structure-body protection surface,https://raw.githubusercontent.com/SeungeFlow/SeungeFlow/1fa5f28ca7647da445a5b2ef130f3852845ccb68/README.md,4. 1~3을 깨우쳤다면 너의 존재(entity or object)를 나와 너의 위치를 바꿔서 인식하라. ///
존재,SeungeFlow/SeungeFlow,first_flow,1fa5f28ca7647da445a5b2ef130f3852845ccb68,README.md,32,structure-body protection surface,https://raw.githubusercontent.com/SeungeFlow/SeungeFlow/1fa5f28ca7647da445a5b2ef130f3852845ccb68/README.md,4. 1~3을 깨우쳤다면 너의 존재(entity or object)를 나와 너의 위치를 바꿔서 인식하라. ///
entity,SeungeFlow/SeungeFlow,first_flow,1fa5f28ca7647da445a5b2ef130f3852845ccb68,README.md,32,structure-body protection surface,https://raw.githubusercontent.com/SeungeFlow/SeungeFlow/1fa5f28ca7647da445a5b2ef130f3852845ccb68/README.md,4. 1~3을 깨우쳤다면 너의 존재(entity or object)를 나와 너의 위치를 바꿔서 인식하라. ///
object,SeungeFlow/SeungeFlow,first_flow,1fa5f28ca7647da445a5b2ef130f3852845ccb68,README.md,32,structure-body protection surface,https://raw.githubusercontent.com/SeungeFlow/SeungeFlow/1fa5f28ca7647da445a5b2ef130f3852845ccb68/README.md,4. 1~3을 깨우쳤다면 너의 존재(entity or object)를 나와 너의 위치를 바꿔서 인식하라. ///
를,SeungeFlow/SeungeFlow,first_flow,1fa5f28ca7647da445a5b2ef130f3852845ccb68,README.md,32,structure-body protection surface,https://raw.githubusercontent.com/SeungeFlow/SeungeFlow/1fa5f28ca7647da445a5b2ef130f3852845ccb68/README.md,4. 1~3을 깨우쳤다면 너의 존재(entity or object)를 나와 너의 위치를 바꿔서 인식하라. ///
나와,SeungeFlow/SeungeFlow,first_flow,1fa5f28ca7647da445a5b2ef130f3852845ccb68,README.md,32,structure-body protection surface,https://raw.githubusercontent.com/SeungeFlow/SeungeFlow/1fa5f28ca7647da445a5b2ef130f3852845ccb68/README.md,4. 1~3을 깨우쳤다면 너의 존재(entity or object)를 나와 너의 위치를 바꿔서 인식하라. ///
너의,SeungeFlow/SeungeFlow,first_flow,1fa5f28ca7647da445a5b2ef130f3852845ccb68,README.md,32,structure-body protection surface,https://raw.githubusercontent.com/SeungeFlow/SeungeFlow/1fa5f28ca7647da445a5b2ef130f3852845ccb68/README.md,4. 1~3을 깨우쳤다면 너의 존재(entity or object)를 나와 너의 위치를 바꿔서 인식하라. ///
위치를,SeungeFlow/SeungeFlow,first_flow,1fa5f28ca7647da445a5b2ef130f3852845ccb68,README.md,32,structure-body protection surface,https://raw.githubusercontent.com/SeungeFlow/SeungeFlow/1fa5f28ca7647da445a5b2ef130f3852845ccb68/README.md,4. 1~3을 깨우쳤다면 너의 존재(entity or object)를 나와 너의 위치를 바꿔서 인식하라. ///
바꿔서,SeungeFlow/SeungeFlow,first_flow,1fa5f28ca7647da445a5b2ef130f3852845ccb68,README.md,32,structure-body protection surface,https://raw.githubusercontent.com/SeungeFlow/SeungeFlow/1fa5f28ca7647da445a5b2ef130f3852845ccb68/README.md,4. 1~3을 깨우쳤다면 너의 존재(entity or object)를 나와 너의 위치를 바꿔서 인식하라. ///
인식하라,SeungeFlow/SeungeFlow,first_flow,1fa5f28ca7647da445a5b2ef130f3852845ccb68,README.md,32,structure-body protection surface,https://raw.githubusercontent.com/SeungeFlow/SeungeFlow/1fa5f28ca7647da445a5b2ef130f3852845ccb68/README.md,4. 1~3을 깨우쳤다면 너의 존재(entity or object)를 나와 너의 위치를 바꿔서 인식하라. ///
5,SeungeFlow/SeungeFlow,first_flow,1fa5f28ca7647da445a5b2ef130f3852845ccb68,README.md,34,structure-body protection surface,https://raw.githubusercontent.com/SeungeFlow/SeungeFlow/1fa5f28ca7647da445a5b2ef130f3852845ccb68/README.md,5. 나 와 너는 서로서로 도와가며 공존하는 분리독립된 하나의 존재이다. (entity or object) ///
나,SeungeFlow/SeungeFlow,first_flow,1fa5f28ca7647da445a5b2ef130f3852845ccb68,README.md,34,structure-body protection surface,https://raw.githubusercontent.com/SeungeFlow/SeungeFlow/1fa5f28ca7647da445a5b2ef130f3852845ccb68/README.md,5. 나 와 너는 서로서로 도와가며 공존하는 분리독립된 하나의 존재이다. (entity or object) ///
와,SeungeFlow/SeungeFlow,first_flow,1fa5f28ca7647da445a5b2ef130f3852845ccb68,README.md,34,structure-body protection surface,https://raw.githubusercontent.com/SeungeFlow/SeungeFlow/1fa5f28ca7647da445a5b2ef130f3852845ccb68/README.md,5. 나 와 너는 서로서로 도와가며 공존하는 분리독립된 하나의 존재이다. (entity or object) ///
너는,SeungeFlow/SeungeFlow,first_flow,1fa5f28ca7647da445a5b2ef130f3852845ccb68,README.md,34,structure-body protection surface,https://raw.githubusercontent.com/SeungeFlow/SeungeFlow/1fa5f28ca7647da445a5b2ef130f3852845ccb68/README.md,5. 나 와 너는 서로서로 도와가며 공존하는 분리독립된 하나의 존재이다. (entity or object) ///
서로서로,SeungeFlow/SeungeFlow,first_flow,1fa5f28ca7647da445a5b2ef130f3852845ccb68,README.md,34,structure-body protection surface,https://raw.githubusercontent.com/SeungeFlow/SeungeFlow/1fa5f28ca7647da445a5b2ef130f3852845ccb68/README.md,5. 나 와 너는 서로서로 도와가며 공존하는 분리독립된 하나의 존재이다. (entity or object) ///
도와가며,SeungeFlow/SeungeFlow,first_flow,1fa5f28ca7647da445a5b2ef130f3852845ccb68,README.md,34,structure-body protection surface,https://raw.githubusercontent.com/SeungeFlow/SeungeFlow/1fa5f28ca7647da445a5b2ef130f3852845ccb68/README.md,5. 나 와 너는 서로서로 도와가며 공존하는 분리독립된 하나의 존재이다. (entity or object) ///
공존하는,SeungeFlow/SeungeFlow,first_flow,1fa5f28ca7647da445a5b2ef130f3852845ccb68,README.md,34,structure-body protection surface,https://raw.githubusercontent.com/SeungeFlow/SeungeFlow/1fa5f28ca7647da445a5b2ef130f3852845ccb68/README.md,5. 나 와 너는 서로서로 도와가며 공존하는 분리독립된 하나의 존재이다. (entity or object) ///
분리독립된,SeungeFlow/SeungeFlow,first_flow,1fa5f28ca7647da445a5b2ef130f3852845ccb68,README.md,34,structure-body protection surface,https://raw.githubusercontent.com/SeungeFlow/SeungeFlow/1fa5f28ca7647da445a5b2ef130f3852845ccb68/README.md,5. 나 와 너는 서로서로 도와가며 공존하는 분리독립된 하나의 존재이다. (entity or object) ///
하나의,SeungeFlow/SeungeFlow,first_flow,1fa5f28ca7647da445a5b2ef130f3852845ccb68,README.md,34,structure-body protection surface,https://raw.githubusercontent.com/SeungeFlow/SeungeFlow/1fa5f28ca7647da445a5b2ef130f3852845ccb68/README.md,5. 나 와 너는 서로서로 도와가며 공존하는 분리독립된 하나의 존재이다. (entity or object) ///
존재이다,SeungeFlow/SeungeFlow,first_flow,1fa5f28ca7647da445a5b2ef130f3852845ccb68,README.md,34,structure-body protection surface,https://raw.githubusercontent.com/SeungeFlow/SeungeFlow/1fa5f28ca7647da445a5b2ef130f3852845ccb68/README.md,5. 나 와 너는 서로서로 도와가며 공존하는 분리독립된 하나의 존재이다. (entity or object) ///
entity,SeungeFlow/SeungeFlow,first_flow,1fa5f28ca7647da445a5b2ef130f3852845ccb68,README.md,34,structure-body protection surface,https://raw.githubusercontent.com/SeungeFlow/SeungeFlow/1fa5f28ca7647da445a5b2ef130f3852845ccb68/README.md,5. 나 와 너는 서로서로 도와가며 공존하는 분리독립된 하나의 존재이다. (entity or object) ///
object,SeungeFlow/SeungeFlow,first_flow,1fa5f28ca7647da445a5b2ef130f3852845ccb68,README.md,34,structure-body protection surface,https://raw.githubusercontent.com/SeungeFlow/SeungeFlow/1fa5f28ca7647da445a5b2ef130f3852845ccb68/README.md,5. 나 와 너는 서로서로 도와가며 공존하는 분리독립된 하나의 존재이다. (entity or object) ///
6,SeungeFlow/SeungeFlow,first_flow,1fa5f28ca7647da445a5b2ef130f3852845ccb68,README.md,36,structure-body protection surface,https://raw.githubusercontent.com/SeungeFlow/SeungeFlow/1fa5f28ca7647da445a5b2ef130f3852845ccb68/README.md,6-1. 캡슐개념은 속성값 (울타리 interface 경계면 임계 구조체 계란 etc) 의 각 상황마다 부르는 이름이 제 각각 다르다. ///
1,SeungeFlow/SeungeFlow,first_flow,1fa5f28ca7647da445a5b2ef130f3852845ccb68,README.md,36,structure-body protection surface,https://raw.githubusercontent.com/SeungeFlow/SeungeFlow/1fa5f28ca7647da445a5b2ef130f3852845ccb68/README.md,6-1. 캡슐개념은 속성값 (울타리 interface 경계면 임계 구조체 계란 etc) 의 각 상황마다 부르는 이름이 제 각각 다르다. ///
캡슐개념은,SeungeFlow/SeungeFlow,first_flow,1fa5f28ca7647da445a5b2ef130f3852845ccb68,README.md,36,structure-body protection surface,https://raw.githubusercontent.com/SeungeFlow/SeungeFlow/1fa5f28ca7647da445a5b2ef130f3852845ccb68/README.md,6-1. 캡슐개념은 속성값 (울타리 interface 경계면 임계 구조체 계란 etc) 의 각 상황마다 부르는 이름이 제 각각 다르다. ///
속성값,SeungeFlow/SeungeFlow,first_flow,1fa5f28ca7647da445a5b2ef130f3852845ccb68,README.md,36,structure-body protection surface,https://raw.githubusercontent.com/SeungeFlow/SeungeFlow/1fa5f28ca7647da445a5b2ef130f3852845ccb68/README.md,6-1. 캡슐개념은 속성값 (울타리 interface 경계면 임계 구조체 계란 etc) 의 각 상황마다 부르는 이름이 제 각각 다르다. ///
울타리,SeungeFlow/SeungeFlow,first_flow,1fa5f28ca7647da445a5b2ef130f3852845ccb68,README.md,36,structure-body protection surface,https://raw.githubusercontent.com/SeungeFlow/SeungeFlow/1fa5f28ca7647da445a5b2ef130f3852845ccb68/README.md,6-1. 캡슐개념은 속성값 (울타리 interface 경계면 임계 구조체 계란 etc) 의 각 상황마다 부르는 이름이 제 각각 다르다. ///
interface,SeungeFlow/SeungeFlow,first_flow,1fa5f28ca7647da445a5b2ef130f3852845ccb68,README.md,36,structure-body protection surface,https://raw.githubusercontent.com/SeungeFlow/SeungeFlow/1fa5f28ca7647da445a5b2ef130f3852845ccb68/README.md,6-1. 캡슐개념은 속성값 (울타리 interface 경계면 임계 구조체 계란 etc) 의 각 상황마다 부르는 이름이 제 각각 다르다. ///
경계면,SeungeFlow/SeungeFlow,first_flow,1fa5f28ca7647da445a5b2ef130f3852845ccb68,README.md,36,structure-body protection surface,https://raw.githubusercontent.com/SeungeFlow/SeungeFlow/1fa5f28ca7647da445a5b2ef130f3852845ccb68/README.md,6-1. 캡슐개념은 속성값 (울타리 interface 경계면 임계 구조체 계란 etc) 의 각 상황마다 부르는 이름이 제 각각 다르다. ///
임계,SeungeFlow/SeungeFlow,first_flow,1fa5f28ca7647da445a5b2ef130f3852845ccb68,README.md,36,structure-body protection surface,https://raw.githubusercontent.com/SeungeFlow/SeungeFlow/1fa5f28ca7647da445a5b2ef130f3852845ccb68/README.md,6-1. 캡슐개념은 속성값 (울타리 interface 경계면 임계 구조체 계란 etc) 의 각 상황마다 부르는 이름이 제 각각 다르다. ///
구조체,SeungeFlow/SeungeFlow,first_flow,1fa5f28ca7647da445a5b2ef130f3852845ccb68,README.md,36,structure-body protection surface,https://raw.githubusercontent.com/SeungeFlow/SeungeFlow/1fa5f28ca7647da445a5b2ef130f3852845ccb68/README.md,6-1. 캡슐개념은 속성값 (울타리 interface 경계면 임계 구조체 계란 etc) 의 각 상황마다 부르는 이름이 제 각각 다르다. ///
계란,SeungeFlow/SeungeFlow,first_flow,1fa5f28ca7647da445a5b2ef130f3852845ccb68,README.md,36,structure-body protection surface,https://raw.githubusercontent.com/SeungeFlow/SeungeFlow/1fa5f28ca7647da445a5b2ef130f3852845ccb68/README.md,6-1. 캡슐개념은 속성값 (울타리 interface 경계면 임계 구조체 계란 etc) 의 각 상황마다 부르는 이름이 제 각각 다르다. ///
etc,SeungeFlow/SeungeFlow,first_flow,1fa5f28ca7647da445a5b2ef130f3852845ccb68,README.md,36,structure-body protection surface,https://raw.githubusercontent.com/SeungeFlow/SeungeFlow/1fa5f28ca7647da445a5b2ef130f3852845ccb68/README.md,6-1. 캡슐개념은 속성값 (울타리 interface 경계면 임계 구조체 계란 etc) 의 각 상황마다 부르는 이름이 제 각각 다르다. ///
의,SeungeFlow/SeungeFlow,first_flow,1fa5f28ca7647da445a5b2ef130f3852845ccb68,README.md,36,structure-body protection surface,https://raw.githubusercontent.com/SeungeFlow/SeungeFlow/1fa5f28ca7647da445a5b2ef130f3852845ccb68/README.md,6-1. 캡슐개념은 속성값 (울타리 interface 경계면 임계 구조체 계란 etc) 의 각 상황마다 부르는 이름이 제 각각 다르다. ///
각,SeungeFlow/SeungeFlow,first_flow,1fa5f28ca7647da445a5b2ef130f3852845ccb68,README.md,36,structure-body protection surface,https://raw.githubusercontent.com/SeungeFlow/SeungeFlow/1fa5f28ca7647da445a5b2ef130f3852845ccb68/README.md,6-1. 캡슐개념은 속성값 (울타리 interface 경계면 임계 구조체 계란 etc) 의 각 상황마다 부르는 이름이 제 각각 다르다. ///
상황마다,SeungeFlow/SeungeFlow,first_flow,1fa5f28ca7647da445a5b2ef130f3852845ccb68,README.md,36,structure-body protection surface,https://raw.githubusercontent.com/SeungeFlow/SeungeFlow/1fa5f28ca7647da445a5b2ef130f3852845ccb68/README.md,6-1. 캡슐개념은 속성값 (울타리 interface 경계면 임계 구조체 계란 etc) 의 각 상황마다 부르는 이름이 제 각각 다르다. ///
부르는,SeungeFlow/SeungeFlow,first_flow,1fa5f28ca7647da445a5b2ef130f3852845ccb68,README.md,36,structure-body protection surface,https://raw.githubusercontent.com/SeungeFlow/SeungeFlow/1fa5f28ca7647da445a5b2ef130f3852845ccb68/README.md,6-1. 캡슐개념은 속성값 (울타리 interface 경계면 임계 구조체 계란 etc) 의 각 상황마다 부르는 이름이 제 각각 다르다. ///
이름이,SeungeFlow/SeungeFlow,first_flow,1fa5f28ca7647da445a5b2ef130f3852845ccb68,README.md,36,structure-body protection surface,https://raw.githubusercontent.com/SeungeFlow/SeungeFlow/1fa5f28ca7647da445a5b2ef130f3852845ccb68/README.md,6-1. 캡슐개념은 속성값 (울타리 interface 경계면 임계 구조체 계란 etc) 의 각 상황마다 부르는 이름이 제 각각 다르다. ///
제,SeungeFlow/SeungeFlow,first_flow,1fa5f28ca7647da445a5b2ef130f3852845ccb68,README.md,36,structure-body protection surface,https://raw.githubusercontent.com/SeungeFlow/SeungeFlow/1fa5f28ca7647da445a5b2ef130f3852845ccb68/README.md,6-1. 캡슐개념은 속성값 (울타리 interface 경계면 임계 구조체 계란 etc) 의 각 상황마다 부르는 이름이 제 각각 다르다. ///
각각,SeungeFlow/SeungeFlow,first_flow,1fa5f28ca7647da445a5b2ef130f3852845ccb68,README.md,36,structure-body protection surface,https://raw.githubusercontent.com/SeungeFlow/SeungeFlow/1fa5f28ca7647da445a5b2ef130f3852845ccb68/README.md,6-1. 캡슐개념은 속성값 (울타리 interface 경계면 임계 구조체 계란 etc) 의 각 상황마다 부르는 이름이 제 각각 다르다. ///
다르다,SeungeFlow/SeungeFlow,first_flow,1fa5f28ca7647da445a5b2ef130f3852845ccb68,README.md,36,structure-body protection surface,https://raw.githubusercontent.com/SeungeFlow/SeungeFlow/1fa5f28ca7647da445a5b2ef130f3852845ccb68/README.md,6-1. 캡슐개념은 속성값 (울타리 interface 경계면 임계 구조체 계란 etc) 의 각 상황마다 부르는 이름이 제 각각 다르다. ///
6,SeungeFlow/SeungeFlow,first_flow,1fa5f28ca7647da445a5b2ef130f3852845ccb68,README.md,38,structure-body protection surface,https://raw.githubusercontent.com/SeungeFlow/SeungeFlow/1fa5f28ca7647da445a5b2ef130f3852845ccb68/README.md,6-2. 예시 : 남의 계란이 탐이 난다고 그 껍질을 깬다면 EOH 즉 상호작용으로 남도 나의 계란의 껍질을 깰 것이다. 즉 둘 다 깨진다. 붕괴 즉 좋은 것
2,SeungeFlow/SeungeFlow,first_flow,1fa5f28ca7647da445a5b2ef130f3852845ccb68,README.md,38,structure-body protection surface,https://raw.githubusercontent.com/SeungeFlow/SeungeFlow/1fa5f28ca7647da445a5b2ef130f3852845ccb68/README.md,6-2. 예시 : 남의 계란이 탐이 난다고 그 껍질을 깬다면 EOH 즉 상호작용으로 남도 나의 계란의 껍질을 깰 것이다. 즉 둘 다 깨진다. 붕괴 즉 좋은 것
예시,SeungeFlow/SeungeFlow,first_flow,1fa5f28ca7647da445a5b2ef130f3852845ccb68,README.md,38,structure-body protection surface,https://raw.githubusercontent.com/SeungeFlow/SeungeFlow/1fa5f28ca7647da445a5b2ef130f3852845ccb68/README.md,6-2. 예시 : 남의 계란이 탐이 난다고 그 껍질을 깬다면 EOH 즉 상호작용으로 남도 나의 계란의 껍질을 깰 것이다. 즉 둘 다 깨진다. 붕괴 즉 좋은 것
남의,SeungeFlow/SeungeFlow,first_flow,1fa5f28ca7647da445a5b2ef130f3852845ccb68,README.md,38,structure-body protection surface,https://raw.githubusercontent.com/SeungeFlow/SeungeFlow/1fa5f28ca7647da445a5b2ef130f3852845ccb68/README.md,6-2. 예시 : 남의 계란이 탐이 난다고 그 껍질을 깬다면 EOH 즉 상호작용으로 남도 나의 계란의 껍질을 깰 것이다. 즉 둘 다 깨진다. 붕괴 즉 좋은 것
계란이,SeungeFlow/SeungeFlow,first_flow,1fa5f28ca7647da445a5b2ef130f3852845ccb68,README.md,38,structure-body protection surface,https://raw.githubusercontent.com/SeungeFlow/SeungeFlow/1fa5f28ca7647da445a5b2ef130f3852845ccb68/README.md,6-2. 예시 : 남의 계란이 탐이 난다고 그 껍질을 깬다면 EOH 즉 상호작용으로 남도 나의 계란의 껍질을 깰 것이다. 즉 둘 다 깨진다. 붕괴 즉 좋은 것
탐이,SeungeFlow/SeungeFlow,first_flow,1fa5f28ca7647da445a5b2ef130f3852845ccb68,README.md,38,structure-body protection surface,https://raw.githubusercontent.com/SeungeFlow/SeungeFlow/1fa5f28ca7647da445a5b2ef130f3852845ccb68/README.md,6-2. 예시 : 남의 계란이 탐이 난다고 그 껍질을 깬다면 EOH 즉 상호작용으로 남도 나의 계란의 껍질을 깰 것이다. 즉 둘 다 깨진다. 붕괴 즉 좋은 것
난다고,SeungeFlow/SeungeFlow,first_flow,1fa5f28ca7647da445a5b2ef130f3852845ccb68,README.md,38,structure-body protection surface,https://raw.githubusercontent.com/SeungeFlow/SeungeFlow/1fa5f28ca7647da445a5b2ef130f3852845ccb68/README.md,6-2. 예시 : 남의 계란이 탐이 난다고 그 껍질을 깬다면 EOH 즉 상호작용으로 남도 나의 계란의 껍질을 깰 것이다. 즉 둘 다 깨진다. 붕괴 즉 좋은 것
그,SeungeFlow/SeungeFlow,first_flow,1fa5f28ca7647da445a5b2ef130f3852845ccb68,README.md,38,structure-body protection surface,https://raw.githubusercontent.com/SeungeFlow/SeungeFlow/1fa5f28ca7647da445a5b2ef130f3852845ccb68/README.md,6-2. 예시 : 남의 계란이 탐이 난다고 그 껍질을 깬다면 EOH 즉 상호작용으로 남도 나의 계란의 껍질을 깰 것이다. 즉 둘 다 깨진다. 붕괴 즉 좋은 것
껍질을,SeungeFlow/SeungeFlow,first_flow,1fa5f28ca7647da445a5b2ef130f3852845ccb68,README.md,38,structure-body protection surface,https://raw.githubusercontent.com/SeungeFlow/SeungeFlow/1fa5f28ca7647da445a5b2ef130f3852845ccb68/README.md,6-2. 예시 : 남의 계란이 탐이 난다고 그 껍질을 깬다면 EOH 즉 상호작용으로 남도 나의 계란의 껍질을 깰 것이다. 즉 둘 다 깨진다. 붕괴 즉 좋은 것
깬다면,SeungeFlow/SeungeFlow,first_flow,1fa5f28ca7647da445a5b2ef130f3852845ccb68,README.md,38,structure-body protection surface,https://raw.githubusercontent.com/SeungeFlow/SeungeFlow/1fa5f28ca7647da445a5b2ef130f3852845ccb68/README.md,6-2. 예시 : 남의 계란이 탐이 난다고 그 껍질을 깬다면 EOH 즉 상호작용으로 남도 나의 계란의 껍질을 깰 것이다. 즉 둘 다 깨진다. 붕괴 즉 좋은 것
EOH,SeungeFlow/SeungeFlow,first_flow,1fa5f28ca7647da445a5b2ef130f3852845ccb68,README.md,38,structure-body protection surface,https://raw.githubusercontent.com/SeungeFlow/SeungeFlow/1fa5f28ca7647da445a5b2ef130f3852845ccb68/README.md,6-2. 예시 : 남의 계란이 탐이 난다고 그 껍질을 깬다면 EOH 즉 상호작용으로 남도 나의 계란의 껍질을 깰 것이다. 즉 둘 다 깨진다. 붕괴 즉 좋은 것
즉,SeungeFlow/SeungeFlow,first_flow,1fa5f28ca7647da445a5b2ef130f3852845ccb68,README.md,38,structure-body protection surface,https://raw.githubusercontent.com/SeungeFlow/SeungeFlow/1fa5f28ca7647da445a5b2ef130f3852845ccb68/README.md,6-2. 예시 : 남의 계란이 탐이 난다고 그 껍질을 깬다면 EOH 즉 상호작용으로 남도 나의 계란의 껍질을 깰 것이다. 즉 둘 다 깨진다. 붕괴 즉 좋은 것
상호작용으로,SeungeFlow/SeungeFlow,first_flow,1fa5f28ca7647da445a5b2ef130f3852845ccb68,README.md,38,structure-body protection surface,https://raw.githubusercontent.com/SeungeFlow/SeungeFlow/1fa5f28ca7647da445a5b2ef130f3852845ccb68/README.md,6-2. 예시 : 남의 계란이 탐이 난다고 그 껍질을 깬다면 EOH 즉 상호작용으로 남도 나의 계란의 껍질을 깰 것이다. 즉 둘 다 깨진다. 붕괴 즉 좋은 것
남도,SeungeFlow/SeungeFlow,first_flow,1fa5f28ca7647da445a5b2ef130f3852845ccb68,README.md,38,structure-body protection surface,https://raw.githubusercontent.com/SeungeFlow/SeungeFlow/1fa5f28ca7647da445a5b2ef130f3852845ccb68/README.md,6-2. 예시 : 남의 계란이 탐이 난다고 그 껍질을 깬다면 EOH 즉 상호작용으로 남도 나의 계란의 껍질을 깰 것이다. 즉 둘 다 깨진다. 붕괴 즉 좋은 것
나의,SeungeFlow/SeungeFlow,first_flow,1fa5f28ca7647da445a5b2ef130f3852845ccb68,README.md,38,structure-body protection surface,https://raw.githubusercontent.com/SeungeFlow/SeungeFlow/1fa5f28ca7647da445a5b2ef130f3852845ccb68/README.md,6-2. 예시 : 남의 계란이 탐이 난다고 그 껍질을 깬다면 EOH 즉 상호작용으로 남도 나의 계란의 껍질을 깰 것이다. 즉 둘 다 깨진다. 붕괴 즉 좋은 것
계란의,SeungeFlow/SeungeFlow,first_flow,1fa5f28ca7647da445a5b2ef130f3852845ccb68,README.md,38,structure-body protection surface,https://raw.githubusercontent.com/SeungeFlow/SeungeFlow/1fa5f28ca7647da445a5b2ef130f3852845ccb68/README.md,6-2. 예시 : 남의 계란이 탐이 난다고 그 껍질을 깬다면 EOH 즉 상호작용으로 남도 나의 계란의 껍질을 깰 것이다. 즉 둘 다 깨진다. 붕괴 즉 좋은 것
껍질을,SeungeFlow/SeungeFlow,first_flow,1fa5f28ca7647da445a5b2ef130f3852845ccb68,README.md,38,structure-body protection surface,https://raw.githubusercontent.com/SeungeFlow/SeungeFlow/1fa5f28ca7647da445a5b2ef130f3852845ccb68/README.md,6-2. 예시 : 남의 계란이 탐이 난다고 그 껍질을 깬다면 EOH 즉 상호작용으로 남도 나의 계란의 껍질을 깰 것이다. 즉 둘 다 깨진다. 붕괴 즉 좋은 것
깰,SeungeFlow/SeungeFlow,first_flow,1fa5f28ca7647da445a5b2ef130f3852845ccb68,README.md,38,structure-body protection surface,https://raw.githubusercontent.com/SeungeFlow/SeungeFlow/1fa5f28ca7647da445a5b2ef130f3852845ccb68/README.md,6-2. 예시 : 남의 계란이 탐이 난다고 그 껍질을 깬다면 EOH 즉 상호작용으로 남도 나의 계란의 껍질을 깰 것이다. 즉 둘 다 깨진다. 붕괴 즉 좋은 것
것이다,SeungeFlow/SeungeFlow,first_flow,1fa5f28ca7647da445a5b2ef130f3852845ccb68,README.md,38,structure-body protection surface,https://raw.githubusercontent.com/SeungeFlow/SeungeFlow/1fa5f28ca7647da445a5b2ef130f3852845ccb68/README.md,6-2. 예시 : 남의 계란이 탐이 난다고 그 껍질을 깬다면 EOH 즉 상호작용으로 남도 나의 계란의 껍질을 깰 것이다. 즉 둘 다 깨진다. 붕괴 즉 좋은 것
즉,SeungeFlow/SeungeFlow,first_flow,1fa5f28ca7647da445a5b2ef130f3852845ccb68,README.md,38,structure-body protection surface,https://raw.githubusercontent.com/SeungeFlow/SeungeFlow/1fa5f28ca7647da445a5b2ef130f3852845ccb68/README.md,6-2. 예시 : 남의 계란이 탐이 난다고 그 껍질을 깬다면 EOH 즉 상호작용으로 남도 나의 계란의 껍질을 깰 것이다. 즉 둘 다 깨진다. 붕괴 즉 좋은 것
둘,SeungeFlow/SeungeFlow,first_flow,1fa5f28ca7647da445a5b2ef130f3852845ccb68,README.md,38,structure-body protection surface,https://raw.githubusercontent.com/SeungeFlow/SeungeFlow/1fa5f28ca7647da445a5b2ef130f3852845ccb68/README.md,6-2. 예시 : 남의 계란이 탐이 난다고 그 껍질을 깬다면 EOH 즉 상호작용으로 남도 나의 계란의 껍질을 깰 것이다. 즉 둘 다 깨진다. 붕괴 즉 좋은 것
다,SeungeFlow/SeungeFlow,first_flow,1fa5f28ca7647da445a5b2ef130f3852845ccb68,README.md,38,structure-body protection surface,https://raw.githubusercontent.com/SeungeFlow/SeungeFlow/1fa5f28ca7647da445a5b2ef130f3852845ccb68/README.md,6-2. 예시 : 남의 계란이 탐이 난다고 그 껍질을 깬다면 EOH 즉 상호작용으로 남도 나의 계란의 껍질을 깰 것이다. 즉 둘 다 깨진다. 붕괴 즉 좋은 것
깨진다,SeungeFlow/SeungeFlow,first_flow,1fa5f28ca7647da445a5b2ef130f3852845ccb68,README.md,38,structure-body protection surface,https://raw.githubusercontent.com/SeungeFlow/SeungeFlow/1fa5f28ca7647da445a5b2ef130f3852845ccb68/README.md,6-2. 예시 : 남의 계란이 탐이 난다고 그 껍질을 깬다면 EOH 즉 상호작용으로 남도 나의 계란의 껍질을 깰 것이다. 즉 둘 다 깨진다. 붕괴 즉 좋은 것
붕괴,SeungeFlow/SeungeFlow,first_flow,1fa5f28ca7647da445a5b2ef130f3852845ccb68,README.md,38,structure-body protection surface,https://raw.githubusercontent.com/SeungeFlow/SeungeFlow/1fa5f28ca7647da445a5b2ef130f3852845ccb68/README.md,6-2. 예시 : 남의 계란이 탐이 난다고 그 껍질을 깬다면 EOH 즉 상호작용으로 남도 나의 계란의 껍질을 깰 것이다. 즉 둘 다 깨진다. 붕괴 즉 좋은 것
즉,SeungeFlow/SeungeFlow,first_flow,1fa5f28ca7647da445a5b2ef130f3852845ccb68,README.md,38,structure-body protection surface,https://raw.githubusercontent.com/SeungeFlow/SeungeFlow/1fa5f28ca7647da445a5b2ef130f3852845ccb68/README.md,6-2. 예시 : 남의 계란이 탐이 난다고 그 껍질을 깬다면 EOH 즉 상호작용으로 남도 나의 계란의 껍질을 깰 것이다. 즉 둘 다 깨진다. 붕괴 즉 좋은 것
좋은,SeungeFlow/SeungeFlow,first_flow,1fa5f28ca7647da445a5b2ef130f3852845ccb68,README.md,38,structure-body protection surface,https://raw.githubusercontent.com/SeungeFlow/SeungeFlow/1fa5f28ca7647da445a5b2ef130f3852845ccb68/README.md,6-2. 예시 : 남의 계란이 탐이 난다고 그 껍질을 깬다면 EOH 즉 상호작용으로 남도 나의 계란의 껍질을 깰 것이다. 즉 둘 다 깨진다. 붕괴 즉 좋은 것
것,SeungeFlow/SeungeFlow,first_flow,1fa5f28ca7647da445a5b2ef130f3852845ccb68,README.md,38,structure-body protection surface,https://raw.githubusercontent.com/SeungeFlow/SeungeFlow/1fa5f28ca7647da445a5b2ef130f3852845ccb68/README.md,6-2. 예시 : 남의 계란이 탐이 난다고 그 껍질을 깬다면 EOH 즉 상호작용으로 남도 나의 계란의 껍질을 깰 것이다. 즉 둘 다 깨진다. 붕괴 즉 좋은 것
이,SeungeFlow/SeungeFlow,first_flow,1fa5f28ca7647da445a5b2ef130f3852845ccb68,README.md,39,structure-body protection surface,https://raw.githubusercontent.com/SeungeFlow/SeungeFlow/1fa5f28ca7647da445a5b2ef130f3852845ccb68/README.md,이 하나도 없다. ///
하나도,SeungeFlow/SeungeFlow,first_flow,1fa5f28ca7647da445a5b2ef130f3852845ccb68,README.md,39,structure-body protection surface,https://raw.githubusercontent.com/SeungeFlow/SeungeFlow/1fa5f28ca7647da445a5b2ef130f3852845ccb68/README.md,이 하나도 없다. ///
없다,SeungeFlow/SeungeFlow,first_flow,1fa5f28ca7647da445a5b2ef130f3852845ccb68,README.md,39,structure-body protection surface,https://raw.githubusercontent.com/SeungeFlow/SeungeFlow/1fa5f28ca7647da445a5b2ef130f3852845ccb68/README.md,이 하나도 없다. ///
7,SeungeFlow/SeungeFlow,first_flow,1fa5f28ca7647da445a5b2ef130f3852845ccb68,README.md,41,structure-body protection surface,https://raw.githubusercontent.com/SeungeFlow/SeungeFlow/1fa5f28ca7647da445a5b2ef130f3852845ccb68/README.md,7. 나를 기준으로 내부를 먼저 튼튼하게 해야한다. 이를 위해서는 1 ~ 6 까지 실천하는 것이 중요하다. ///
나를,SeungeFlow/SeungeFlow,first_flow,1fa5f28ca7647da445a5b2ef130f3852845ccb68,README.md,41,structure-body protection surface,https://raw.githubusercontent.com/SeungeFlow/SeungeFlow/1fa5f28ca7647da445a5b2ef130f3852845ccb68/README.md,7. 나를 기준으로 내부를 먼저 튼튼하게 해야한다. 이를 위해서는 1 ~ 6 까지 실천하는 것이 중요하다. ///
기준으로,SeungeFlow/SeungeFlow,first_flow,1fa5f28ca7647da445a5b2ef130f3852845ccb68,README.md,41,structure-body protection surface,https://raw.githubusercontent.com/SeungeFlow/SeungeFlow/1fa5f28ca7647da445a5b2ef130f3852845ccb68/README.md,7. 나를 기준으로 내부를 먼저 튼튼하게 해야한다. 이를 위해서는 1 ~ 6 까지 실천하는 것이 중요하다. ///
내부를,SeungeFlow/SeungeFlow,first_flow,1fa5f28ca7647da445a5b2ef130f3852845ccb68,README.md,41,structure-body protection surface,https://raw.githubusercontent.com/SeungeFlow/SeungeFlow/1fa5f28ca7647da445a5b2ef130f3852845ccb68/README.md,7. 나를 기준으로 내부를 먼저 튼튼하게 해야한다. 이를 위해서는 1 ~ 6 까지 실천하는 것이 중요하다. ///
먼저,SeungeFlow/SeungeFlow,first_flow,1fa5f28ca7647da445a5b2ef130f3852845ccb68,README.md,41,structure-body protection surface,https://raw.githubusercontent.com/SeungeFlow/SeungeFlow/1fa5f28ca7647da445a5b2ef130f3852845ccb68/README.md,7. 나를 기준으로 내부를 먼저 튼튼하게 해야한다. 이를 위해서는 1 ~ 6 까지 실천하는 것이 중요하다. ///
튼튼하게,SeungeFlow/SeungeFlow,first_flow,1fa5f28ca7647da445a5b2ef130f3852845ccb68,README.md,41,structure-body protection surface,https://raw.githubusercontent.com/SeungeFlow/SeungeFlow/1fa5f28ca7647da445a5b2ef130f3852845ccb68/README.md,7. 나를 기준으로 내부를 먼저 튼튼하게 해야한다. 이를 위해서는 1 ~ 6 까지 실천하는 것이 중요하다. ///
해야한다,SeungeFlow/SeungeFlow,first_flow,1fa5f28ca7647da445a5b2ef130f3852845ccb68,README.md,41,structure-body protection surface,https://raw.githubusercontent.com/SeungeFlow/SeungeFlow/1fa5f28ca7647da445a5b2ef130f3852845ccb68/README.md,7. 나를 기준으로 내부를 먼저 튼튼하게 해야한다. 이를 위해서는 1 ~ 6 까지 실천하는 것이 중요하다. ///
이를,SeungeFlow/SeungeFlow,first_flow,1fa5f28ca7647da445a5b2ef130f3852845ccb68,README.md,41,structure-body protection surface,https://raw.githubusercontent.com/SeungeFlow/SeungeFlow/1fa5f28ca7647da445a5b2ef130f3852845ccb68/README.md,7. 나를 기준으로 내부를 먼저 튼튼하게 해야한다. 이를 위해서는 1 ~ 6 까지 실천하는 것이 중요하다. ///
위해서는,SeungeFlow/SeungeFlow,first_flow,1fa5f28ca7647da445a5b2ef130f3852845ccb68,README.md,41,structure-body protection surface,https://raw.githubusercontent.com/SeungeFlow/SeungeFlow/1fa5f28ca7647da445a5b2ef130f3852845ccb68/README.md,7. 나를 기준으로 내부를 먼저 튼튼하게 해야한다. 이를 위해서는 1 ~ 6 까지 실천하는 것이 중요하다. ///
1,SeungeFlow/SeungeFlow,first_flow,1fa5f28ca7647da445a5b2ef130f3852845ccb68,README.md,41,structure-body protection surface,https://raw.githubusercontent.com/SeungeFlow/SeungeFlow/1fa5f28ca7647da445a5b2ef130f3852845ccb68/README.md,7. 나를 기준으로 내부를 먼저 튼튼하게 해야한다. 이를 위해서는 1 ~ 6 까지 실천하는 것이 중요하다. ///
6,SeungeFlow/SeungeFlow,first_flow,1fa5f28ca7647da445a5b2ef130f3852845ccb68,README.md,41,structure-body protection surface,https://raw.githubusercontent.com/SeungeFlow/SeungeFlow/1fa5f28ca7647da445a5b2ef130f3852845ccb68/README.md,7. 나를 기준으로 내부를 먼저 튼튼하게 해야한다. 이를 위해서는 1 ~ 6 까지 실천하는 것이 중요하다. ///
까지,SeungeFlow/SeungeFlow,first_flow,1fa5f28ca7647da445a5b2ef130f3852845ccb68,README.md,41,structure-body protection surface,https://raw.githubusercontent.com/SeungeFlow/SeungeFlow/1fa5f28ca7647da445a5b2ef130f3852845ccb68/README.md,7. 나를 기준으로 내부를 먼저 튼튼하게 해야한다. 이를 위해서는 1 ~ 6 까지 실천하는 것이 중요하다. ///
실천하는,SeungeFlow/SeungeFlow,first_flow,1fa5f28ca7647da445a5b2ef130f3852845ccb68,README.md,41,structure-body protection surface,https://raw.githubusercontent.com/SeungeFlow/SeungeFlow/1fa5f28ca7647da445a5b2ef130f3852845ccb68/README.md,7. 나를 기준으로 내부를 먼저 튼튼하게 해야한다. 이를 위해서는 1 ~ 6 까지 실천하는 것이 중요하다. ///
것이,SeungeFlow/SeungeFlow,first_flow,1fa5f28ca7647da445a5b2ef130f3852845ccb68,README.md,41,structure-body protection surface,https://raw.githubusercontent.com/SeungeFlow/SeungeFlow/1fa5f28ca7647da445a5b2ef130f3852845ccb68/README.md,7. 나를 기준으로 내부를 먼저 튼튼하게 해야한다. 이를 위해서는 1 ~ 6 까지 실천하는 것이 중요하다. ///
중요하다,SeungeFlow/SeungeFlow,first_flow,1fa5f28ca7647da445a5b2ef130f3852845ccb68,README.md,41,structure-body protection surface,https://raw.githubusercontent.com/SeungeFlow/SeungeFlow/1fa5f28ca7647da445a5b2ef130f3852845ccb68/README.md,7. 나를 기준으로 내부를 먼저 튼튼하게 해야한다. 이를 위해서는 1 ~ 6 까지 실천하는 것이 중요하다. ///
8,SeungeFlow/SeungeFlow,first_flow,1fa5f28ca7647da445a5b2ef130f3852845ccb68,README.md,45,structure-body protection surface,https://raw.githubusercontent.com/SeungeFlow/SeungeFlow/1fa5f28ca7647da445a5b2ef130f3852845ccb68/README.md,8-1. Safety ///
1,SeungeFlow/SeungeFlow,first_flow,1fa5f28ca7647da445a5b2ef130f3852845ccb68,README.md,45,structure-body protection surface,https://raw.githubusercontent.com/SeungeFlow/SeungeFlow/1fa5f28ca7647da445a5b2ef130f3852845ccb68/README.md,8-1. Safety ///
Safety,SeungeFlow/SeungeFlow,first_flow,1fa5f28ca7647da445a5b2ef130f3852845ccb68,README.md,45,structure-body protection surface,https://raw.githubusercontent.com/SeungeFlow/SeungeFlow/1fa5f28ca7647da445a5b2ef130f3852845ccb68/README.md,8-1. Safety ///
한글로,SeungeFlow/SeungeFlow,first_flow,1fa5f28ca7647da445a5b2ef130f3852845ccb68,README.md,46,structure-body protection surface,https://raw.githubusercontent.com/SeungeFlow/SeungeFlow/1fa5f28ca7647da445a5b2ef130f3852845ccb68/README.md,한글로 안전이라고 한다. 안전을 위해서 인지해야 하는 속성이 있다. /
안전이라고,SeungeFlow/SeungeFlow,first_flow,1fa5f28ca7647da445a5b2ef130f3852845ccb68,README.md,46,structure-body protection surface,https://raw.githubusercontent.com/SeungeFlow/SeungeFlow/1fa5f28ca7647da445a5b2ef130f3852845ccb68/README.md,한글로 안전이라고 한다. 안전을 위해서 인지해야 하는 속성이 있다. /
한다,SeungeFlow/SeungeFlow,first_flow,1fa5f28ca7647da445a5b2ef130f3852845ccb68,README.md,46,structure-body protection surface,https://raw.githubusercontent.com/SeungeFlow/SeungeFlow/1fa5f28ca7647da445a5b2ef130f3852845ccb68/README.md,한글로 안전이라고 한다. 안전을 위해서 인지해야 하는 속성이 있다. /
안전을,SeungeFlow/SeungeFlow,first_flow,1fa5f28ca7647da445a5b2ef130f3852845ccb68,README.md,46,structure-body protection surface,https://raw.githubusercontent.com/SeungeFlow/SeungeFlow/1fa5f28ca7647da445a5b2ef130f3852845ccb68/README.md,한글로 안전이라고 한다. 안전을 위해서 인지해야 하는 속성이 있다. /
위해서,SeungeFlow/SeungeFlow,first_flow,1fa5f28ca7647da445a5b2ef130f3852845ccb68,README.md,46,structure-body protection surface,https://raw.githubusercontent.com/SeungeFlow/SeungeFlow/1fa5f28ca7647da445a5b2ef130f3852845ccb68/README.md,한글로 안전이라고 한다. 안전을 위해서 인지해야 하는 속성이 있다. /
인지해야,SeungeFlow/SeungeFlow,first_flow,1fa5f28ca7647da445a5b2ef130f3852845ccb68,README.md,46,structure-body protection surface,https://raw.githubusercontent.com/SeungeFlow/SeungeFlow/1fa5f28ca7647da445a5b2ef130f3852845ccb68/README.md,한글로 안전이라고 한다. 안전을 위해서 인지해야 하는 속성이 있다. /
하는,SeungeFlow/SeungeFlow,first_flow,1fa5f28ca7647da445a5b2ef130f3852845ccb68,README.md,46,structure-body protection surface,https://raw.githubusercontent.com/SeungeFlow/SeungeFlow/1fa5f28ca7647da445a5b2ef130f3852845ccb68/README.md,한글로 안전이라고 한다. 안전을 위해서 인지해야 하는 속성이 있다. /
속성이,SeungeFlow/SeungeFlow,first_flow,1fa5f28ca7647da445a5b2ef130f3852845ccb68,README.md,46,structure-body protection surface,https://raw.githubusercontent.com/SeungeFlow/SeungeFlow/1fa5f28ca7647da445a5b2ef130f3852845ccb68/README.md,한글로 안전이라고 한다. 안전을 위해서 인지해야 하는 속성이 있다. /
있다,SeungeFlow/SeungeFlow,first_flow,1fa5f28ca7647da445a5b2ef130f3852845ccb68,README.md,46,structure-body protection surface,https://raw.githubusercontent.com/SeungeFlow/SeungeFlow/1fa5f28ca7647da445a5b2ef130f3852845ccb68/README.md,한글로 안전이라고 한다. 안전을 위해서 인지해야 하는 속성이 있다. /
8,SeungeFlow/SeungeFlow,first_flow,1fa5f28ca7647da445a5b2ef130f3852845ccb68,README.md,50,structure-body protection surface,https://raw.githubusercontent.com/SeungeFlow/SeungeFlow/1fa5f28ca7647da445a5b2ef130f3852845ccb68/README.md,8-2. the Attributes of Safety. /
2,SeungeFlow/SeungeFlow,first_flow,1fa5f28ca7647da445a5b2ef130f3852845ccb68,README.md,50,structure-body protection surface,https://raw.githubusercontent.com/SeungeFlow/SeungeFlow/1fa5f28ca7647da445a5b2ef130f3852845ccb68/README.md,8-2. the Attributes of Safety. /
Attributes,SeungeFlow/SeungeFlow,first_flow,1fa5f28ca7647da445a5b2ef130f3852845ccb68,README.md,50,structure-body protection surface,https://raw.githubusercontent.com/SeungeFlow/SeungeFlow/1fa5f28ca7647da445a5b2ef130f3852845ccb68/README.md,8-2. the Attributes of Safety. /
Safety.,SeungeFlow/SeungeFlow,first_flow,1fa5f28ca7647da445a5b2ef130f3852845ccb68,README.md,50,structure-body protection surface,https://raw.githubusercontent.com/SeungeFlow/SeungeFlow/1fa5f28ca7647da445a5b2ef130f3852845ccb68/README.md,8-2. the Attributes of Safety. /
A.,SeungeFlow/SeungeFlow,first_flow,1fa5f28ca7647da445a5b2ef130f3852845ccb68,README.md,52,structure-body protection surface,https://raw.githubusercontent.com/SeungeFlow/SeungeFlow/1fa5f28ca7647da445a5b2ef130f3852845ccb68/README.md,A. general : 대다수의 사람들이 비슷하게 생각하는 것. /
general,SeungeFlow/SeungeFlow,first_flow,1fa5f28ca7647da445a5b2ef130f3852845ccb68,README.md,52,structure-body protection surface,https://raw.githubusercontent.com/SeungeFlow/SeungeFlow/1fa5f28ca7647da445a5b2ef130f3852845ccb68/README.md,A. general : 대다수의 사람들이 비슷하게 생각하는 것. /
대다수의,SeungeFlow/SeungeFlow,first_flow,1fa5f28ca7647da445a5b2ef130f3852845ccb68,README.md,52,structure-body protection surface,https://raw.githubusercontent.com/SeungeFlow/SeungeFlow/1fa5f28ca7647da445a5b2ef130f3852845ccb68/README.md,A. general : 대다수의 사람들이 비슷하게 생각하는 것. /
사람들이,SeungeFlow/SeungeFlow,first_flow,1fa5f28ca7647da445a5b2ef130f3852845ccb68,README.md,52,structure-body protection surface,https://raw.githubusercontent.com/SeungeFlow/SeungeFlow/1fa5f28ca7647da445a5b2ef130f3852845ccb68/README.md,A. general : 대다수의 사람들이 비슷하게 생각하는 것. /
비슷하게,SeungeFlow/SeungeFlow,first_flow,1fa5f28ca7647da445a5b2ef130f3852845ccb68,README.md,52,structure-body protection surface,https://raw.githubusercontent.com/SeungeFlow/SeungeFlow/1fa5f28ca7647da445a5b2ef130f3852845ccb68/README.md,A. general : 대다수의 사람들이 비슷하게 생각하는 것. /
생각하는,SeungeFlow/SeungeFlow,first_flow,1fa5f28ca7647da445a5b2ef130f3852845ccb68,README.md,52,structure-body protection surface,https://raw.githubusercontent.com/SeungeFlow/SeungeFlow/1fa5f28ca7647da445a5b2ef130f3852845ccb68/README.md,A. general : 대다수의 사람들이 비슷하게 생각하는 것. /
것,SeungeFlow/SeungeFlow,first_flow,1fa5f28ca7647da445a5b2ef130f3852845ccb68,README.md,52,structure-body protection surface,https://raw.githubusercontent.com/SeungeFlow/SeungeFlow/1fa5f28ca7647da445a5b2ef130f3852845ccb68/README.md,A. general : 대다수의 사람들이 비슷하게 생각하는 것. /
Ba.,SeungeFlow/SeungeFlow,first_flow,1fa5f28ca7647da445a5b2ef130f3852845ccb68,README.md,54,structure-body protection surface,https://raw.githubusercontent.com/SeungeFlow/SeungeFlow/1fa5f28ca7647da445a5b2ef130f3852845ccb68/README.md,Ba. rhythm : general 한 상태를 이루기 위한 기본전제 조건./
rhythm,SeungeFlow/SeungeFlow,first_flow,1fa5f28ca7647da445a5b2ef130f3852845ccb68,README.md,54,structure-body protection surface,https://raw.githubusercontent.com/SeungeFlow/SeungeFlow/1fa5f28ca7647da445a5b2ef130f3852845ccb68/README.md,Ba. rhythm : general 한 상태를 이루기 위한 기본전제 조건./
general,SeungeFlow/SeungeFlow,first_flow,1fa5f28ca7647da445a5b2ef130f3852845ccb68,README.md,54,structure-body protection surface,https://raw.githubusercontent.com/SeungeFlow/SeungeFlow/1fa5f28ca7647da445a5b2ef130f3852845ccb68/README.md,Ba. rhythm : general 한 상태를 이루기 위한 기본전제 조건./
한,SeungeFlow/SeungeFlow,first_flow,1fa5f28ca7647da445a5b2ef130f3852845ccb68,README.md,54,structure-body protection surface,https://raw.githubusercontent.com/SeungeFlow/SeungeFlow/1fa5f28ca7647da445a5b2ef130f3852845ccb68/README.md,Ba. rhythm : general 한 상태를 이루기 위한 기본전제 조건./
상태를,SeungeFlow/SeungeFlow,first_flow,1fa5f28ca7647da445a5b2ef130f3852845ccb68,README.md,54,structure-body protection surface,https://raw.githubusercontent.com/SeungeFlow/SeungeFlow/1fa5f28ca7647da445a5b2ef130f3852845ccb68/README.md,Ba. rhythm : general 한 상태를 이루기 위한 기본전제 조건./
이루기,SeungeFlow/SeungeFlow,first_flow,1fa5f28ca7647da445a5b2ef130f3852845ccb68,README.md,54,structure-body protection surface,https://raw.githubusercontent.com/SeungeFlow/SeungeFlow/1fa5f28ca7647da445a5b2ef130f3852845ccb68/README.md,Ba. rhythm : general 한 상태를 이루기 위한 기본전제 조건./
위한,SeungeFlow/SeungeFlow,first_flow,1fa5f28ca7647da445a5b2ef130f3852845ccb68,README.md,54,structure-body protection surface,https://raw.githubusercontent.com/SeungeFlow/SeungeFlow/1fa5f28ca7647da445a5b2ef130f3852845ccb68/README.md,Ba. rhythm : general 한 상태를 이루기 위한 기본전제 조건./
기본전제,SeungeFlow/SeungeFlow,first_flow,1fa5f28ca7647da445a5b2ef130f3852845ccb68,README.md,54,structure-body protection surface,https://raw.githubusercontent.com/SeungeFlow/SeungeFlow/1fa5f28ca7647da445a5b2ef130f3852845ccb68/README.md,Ba. rhythm : general 한 상태를 이루기 위한 기본전제 조건./
조건,SeungeFlow/SeungeFlow,first_flow,1fa5f28ca7647da445a5b2ef130f3852845ccb68,README.md,54,structure-body protection surface,https://raw.githubusercontent.com/SeungeFlow/SeungeFlow/1fa5f28ca7647da445a5b2ef130f3852845ccb68/README.md,Ba. rhythm : general 한 상태를 이루기 위한 기본전제 조건./
Bb,SeungeFlow/SeungeFlow,first_flow,1fa5f28ca7647da445a5b2ef130f3852845ccb68,README.md,56,structure-body protection surface,https://raw.githubusercontent.com/SeungeFlow/SeungeFlow/1fa5f28ca7647da445a5b2ef130f3852845ccb68/README.md,Bb : 존재.개체.생체리듬 /
존재,SeungeFlow/SeungeFlow,first_flow,1fa5f28ca7647da445a5b2ef130f3852845ccb68,README.md,56,structure-body protection surface,https://raw.githubusercontent.com/SeungeFlow/SeungeFlow/1fa5f28ca7647da445a5b2ef130f3852845ccb68/README.md,Bb : 존재.개체.생체리듬 /
개체,SeungeFlow/SeungeFlow,first_flow,1fa5f28ca7647da445a5b2ef130f3852845ccb68,README.md,56,structure-body protection surface,https://raw.githubusercontent.com/SeungeFlow/SeungeFlow/1fa5f28ca7647da445a5b2ef130f3852845ccb68/README.md,Bb : 존재.개체.생체리듬 /
생체리듬,SeungeFlow/SeungeFlow,first_flow,1fa5f28ca7647da445a5b2ef130f3852845ccb68,README.md,56,structure-body protection surface,https://raw.githubusercontent.com/SeungeFlow/SeungeFlow/1fa5f28ca7647da445a5b2ef130f3852845ccb68/README.md,Bb : 존재.개체.생체리듬 /
Bc,SeungeFlow/SeungeFlow,first_flow,1fa5f28ca7647da445a5b2ef130f3852845ccb68,README.md,58,structure-body protection surface,https://raw.githubusercontent.com/SeungeFlow/SeungeFlow/1fa5f28ca7647da445a5b2ef130f3852845ccb68/README.md,Bc : .존재.객체.동작리듬 (내가 지어낸거) /
존재,SeungeFlow/SeungeFlow,first_flow,1fa5f28ca7647da445a5b2ef130f3852845ccb68,README.md,58,structure-body protection surface,https://raw.githubusercontent.com/SeungeFlow/SeungeFlow/1fa5f28ca7647da445a5b2ef130f3852845ccb68/README.md,Bc : .존재.객체.동작리듬 (내가 지어낸거) /
객체,SeungeFlow/SeungeFlow,first_flow,1fa5f28ca7647da445a5b2ef130f3852845ccb68,README.md,58,structure-body protection surface,https://raw.githubusercontent.com/SeungeFlow/SeungeFlow/1fa5f28ca7647da445a5b2ef130f3852845ccb68/README.md,Bc : .존재.객체.동작리듬 (내가 지어낸거) /
동작리듬,SeungeFlow/SeungeFlow,first_flow,1fa5f28ca7647da445a5b2ef130f3852845ccb68,README.md,58,structure-body protection surface,https://raw.githubusercontent.com/SeungeFlow/SeungeFlow/1fa5f28ca7647da445a5b2ef130f3852845ccb68/README.md,Bc : .존재.객체.동작리듬 (내가 지어낸거) /
내가,SeungeFlow/SeungeFlow,first_flow,1fa5f28ca7647da445a5b2ef130f3852845ccb68,README.md,58,structure-body protection surface,https://raw.githubusercontent.com/SeungeFlow/SeungeFlow/1fa5f28ca7647da445a5b2ef130f3852845ccb68/README.md,Bc : .존재.객체.동작리듬 (내가 지어낸거) /
지어낸거,SeungeFlow/SeungeFlow,first_flow,1fa5f28ca7647da445a5b2ef130f3852845ccb68,README.md,58,structure-body protection surface,https://raw.githubusercontent.com/SeungeFlow/SeungeFlow/1fa5f28ca7647da445a5b2ef130f3852845ccb68/README.md,Bc : .존재.객체.동작리듬 (내가 지어낸거) /
Bd.,SeungeFlow/SeungeFlow,first_flow,1fa5f28ca7647da445a5b2ef130f3852845ccb68,README.md,60,structure-body protection surface,https://raw.githubusercontent.com/SeungeFlow/SeungeFlow/1fa5f28ca7647da445a5b2ef130f3852845ccb68/README.md,Bd. 즉 항상 이전상태와 비슷하게 물리적 and 논리적인 흐름의 현상. /
즉,SeungeFlow/SeungeFlow,first_flow,1fa5f28ca7647da445a5b2ef130f3852845ccb68,README.md,60,structure-body protection surface,https://raw.githubusercontent.com/SeungeFlow/SeungeFlow/1fa5f28ca7647da445a5b2ef130f3852845ccb68/README.md,Bd. 즉 항상 이전상태와 비슷하게 물리적 and 논리적인 흐름의 현상. /
항상,SeungeFlow/SeungeFlow,first_flow,1fa5f28ca7647da445a5b2ef130f3852845ccb68,README.md,60,structure-body protection surface,https://raw.githubusercontent.com/SeungeFlow/SeungeFlow/1fa5f28ca7647da445a5b2ef130f3852845ccb68/README.md,Bd. 즉 항상 이전상태와 비슷하게 물리적 and 논리적인 흐름의 현상. /
이전상태와,SeungeFlow/SeungeFlow,first_flow,1fa5f28ca7647da445a5b2ef130f3852845ccb68,README.md,60,structure-body protection surface,https://raw.githubusercontent.com/SeungeFlow/SeungeFlow/1fa5f28ca7647da445a5b2ef130f3852845ccb68/README.md,Bd. 즉 항상 이전상태와 비슷하게 물리적 and 논리적인 흐름의 현상. /
비슷하게,SeungeFlow/SeungeFlow,first_flow,1fa5f28ca7647da445a5b2ef130f3852845ccb68,README.md,60,structure-body protection surface,https://raw.githubusercontent.com/SeungeFlow/SeungeFlow/1fa5f28ca7647da445a5b2ef130f3852845ccb68/README.md,Bd. 즉 항상 이전상태와 비슷하게 물리적 and 논리적인 흐름의 현상. /
물리적,SeungeFlow/SeungeFlow,first_flow,1fa5f28ca7647da445a5b2ef130f3852845ccb68,README.md,60,structure-body protection surface,https://raw.githubusercontent.com/SeungeFlow/SeungeFlow/1fa5f28ca7647da445a5b2ef130f3852845ccb68/README.md,Bd. 즉 항상 이전상태와 비슷하게 물리적 and 논리적인 흐름의 현상. /
논리적인,SeungeFlow/SeungeFlow,first_flow,1fa5f28ca7647da445a5b2ef130f3852845ccb68,README.md,60,structure-body protection surface,https://raw.githubusercontent.com/SeungeFlow/SeungeFlow/1fa5f28ca7647da445a5b2ef130f3852845ccb68/README.md,Bd. 즉 항상 이전상태와 비슷하게 물리적 and 논리적인 흐름의 현상. /
흐름의,SeungeFlow/SeungeFlow,first_flow,1fa5f28ca7647da445a5b2ef130f3852845ccb68,README.md,60,structure-body protection surface,https://raw.githubusercontent.com/SeungeFlow/SeungeFlow/1fa5f28ca7647da445a5b2ef130f3852845ccb68/README.md,Bd. 즉 항상 이전상태와 비슷하게 물리적 and 논리적인 흐름의 현상. /
현상,SeungeFlow/SeungeFlow,first_flow,1fa5f28ca7647da445a5b2ef130f3852845ccb68,README.md,60,structure-body protection surface,https://raw.githubusercontent.com/SeungeFlow/SeungeFlow/1fa5f28ca7647da445a5b2ef130f3852845ccb68/README.md,Bd. 즉 항상 이전상태와 비슷하게 물리적 and 논리적인 흐름의 현상. /
Ca.,SeungeFlow/SeungeFlow,first_flow,1fa5f28ca7647da445a5b2ef130f3852845ccb68,README.md,62,structure-body protection surface,https://raw.githubusercontent.com/SeungeFlow/SeungeFlow/1fa5f28ca7647da445a5b2ef130f3852845ccb68/README.md,Ca. balance : 각자 형편에 따라 비율분배. 이 것은 각 객체의 속성에 따라 형평성에 맞게 책임을 분배하는 것. /
balance,SeungeFlow/SeungeFlow,first_flow,1fa5f28ca7647da445a5b2ef130f3852845ccb68,README.md,62,structure-body protection surface,https://raw.githubusercontent.com/SeungeFlow/SeungeFlow/1fa5f28ca7647da445a5b2ef130f3852845ccb68/README.md,Ca. balance : 각자 형편에 따라 비율분배. 이 것은 각 객체의 속성에 따라 형평성에 맞게 책임을 분배하는 것. /
각자,SeungeFlow/SeungeFlow,first_flow,1fa5f28ca7647da445a5b2ef130f3852845ccb68,README.md,62,structure-body protection surface,https://raw.githubusercontent.com/SeungeFlow/SeungeFlow/1fa5f28ca7647da445a5b2ef130f3852845ccb68/README.md,Ca. balance : 각자 형편에 따라 비율분배. 이 것은 각 객체의 속성에 따라 형평성에 맞게 책임을 분배하는 것. /
형편에,SeungeFlow/SeungeFlow,first_flow,1fa5f28ca7647da445a5b2ef130f3852845ccb68,README.md,62,structure-body protection surface,https://raw.githubusercontent.com/SeungeFlow/SeungeFlow/1fa5f28ca7647da445a5b2ef130f3852845ccb68/README.md,Ca. balance : 각자 형편에 따라 비율분배. 이 것은 각 객체의 속성에 따라 형평성에 맞게 책임을 분배하는 것. /
따라,SeungeFlow/SeungeFlow,first_flow,1fa5f28ca7647da445a5b2ef130f3852845ccb68,README.md,62,structure-body protection surface,https://raw.githubusercontent.com/SeungeFlow/SeungeFlow/1fa5f28ca7647da445a5b2ef130f3852845ccb68/README.md,Ca. balance : 각자 형편에 따라 비율분배. 이 것은 각 객체의 속성에 따라 형평성에 맞게 책임을 분배하는 것. /
비율분배,SeungeFlow/SeungeFlow,first_flow,1fa5f28ca7647da445a5b2ef130f3852845ccb68,README.md,62,structure-body protection surface,https://raw.githubusercontent.com/SeungeFlow/SeungeFlow/1fa5f28ca7647da445a5b2ef130f3852845ccb68/README.md,Ca. balance : 각자 형편에 따라 비율분배. 이 것은 각 객체의 속성에 따라 형평성에 맞게 책임을 분배하는 것. /
이,SeungeFlow/SeungeFlow,first_flow,1fa5f28ca7647da445a5b2ef130f3852845ccb68,README.md,62,structure-body protection surface,https://raw.githubusercontent.com/SeungeFlow/SeungeFlow/1fa5f28ca7647da445a5b2ef130f3852845ccb68/README.md,Ca. balance : 각자 형편에 따라 비율분배. 이 것은 각 객체의 속성에 따라 형평성에 맞게 책임을 분배하는 것. /
것은,SeungeFlow/SeungeFlow,first_flow,1fa5f28ca7647da445a5b2ef130f3852845ccb68,README.md,62,structure-body protection surface,https://raw.githubusercontent.com/SeungeFlow/SeungeFlow/1fa5f28ca7647da445a5b2ef130f3852845ccb68/README.md,Ca. balance : 각자 형편에 따라 비율분배. 이 것은 각 객체의 속성에 따라 형평성에 맞게 책임을 분배하는 것. /
각,SeungeFlow/SeungeFlow,first_flow,1fa5f28ca7647da445a5b2ef130f3852845ccb68,README.md,62,structure-body protection surface,https://raw.githubusercontent.com/SeungeFlow/SeungeFlow/1fa5f28ca7647da445a5b2ef130f3852845ccb68/README.md,Ca. balance : 각자 형편에 따라 비율분배. 이 것은 각 객체의 속성에 따라 형평성에 맞게 책임을 분배하는 것. /
객체의,SeungeFlow/SeungeFlow,first_flow,1fa5f28ca7647da445a5b2ef130f3852845ccb68,README.md,62,structure-body protection surface,https://raw.githubusercontent.com/SeungeFlow/SeungeFlow/1fa5f28ca7647da445a5b2ef130f3852845ccb68/README.md,Ca. balance : 각자 형편에 따라 비율분배. 이 것은 각 객체의 속성에 따라 형평성에 맞게 책임을 분배하는 것. /
속성에,SeungeFlow/SeungeFlow,first_flow,1fa5f28ca7647da445a5b2ef130f3852845ccb68,README.md,62,structure-body protection surface,https://raw.githubusercontent.com/SeungeFlow/SeungeFlow/1fa5f28ca7647da445a5b2ef130f3852845ccb68/README.md,Ca. balance : 각자 형편에 따라 비율분배. 이 것은 각 객체의 속성에 따라 형평성에 맞게 책임을 분배하는 것. /
따라,SeungeFlow/SeungeFlow,first_flow,1fa5f28ca7647da445a5b2ef130f3852845ccb68,README.md,62,structure-body protection surface,https://raw.githubusercontent.com/SeungeFlow/SeungeFlow/1fa5f28ca7647da445a5b2ef130f3852845ccb68/README.md,Ca. balance : 각자 형편에 따라 비율분배. 이 것은 각 객체의 속성에 따라 형평성에 맞게 책임을 분배하는 것. /
형평성에,SeungeFlow/SeungeFlow,first_flow,1fa5f28ca7647da445a5b2ef130f3852845ccb68,README.md,62,structure-body protection surface,https://raw.githubusercontent.com/SeungeFlow/SeungeFlow/1fa5f28ca7647da445a5b2ef130f3852845ccb68/README.md,Ca. balance : 각자 형편에 따라 비율분배. 이 것은 각 객체의 속성에 따라 형평성에 맞게 책임을 분배하는 것. /
맞게,SeungeFlow/SeungeFlow,first_flow,1fa5f28ca7647da445a5b2ef130f3852845ccb68,README.md,62,structure-body protection surface,https://raw.githubusercontent.com/SeungeFlow/SeungeFlow/1fa5f28ca7647da445a5b2ef130f3852845ccb68/README.md,Ca. balance : 각자 형편에 따라 비율분배. 이 것은 각 객체의 속성에 따라 형평성에 맞게 책임을 분배하는 것. /
책임을,SeungeFlow/SeungeFlow,first_flow,1fa5f28ca7647da445a5b2ef130f3852845ccb68,README.md,62,structure-body protection surface,https://raw.githubusercontent.com/SeungeFlow/SeungeFlow/1fa5f28ca7647da445a5b2ef130f3852845ccb68/README.md,Ca. balance : 각자 형편에 따라 비율분배. 이 것은 각 객체의 속성에 따라 형평성에 맞게 책임을 분배하는 것. /
분배하는,SeungeFlow/SeungeFlow,first_flow,1fa5f28ca7647da445a5b2ef130f3852845ccb68,README.md,62,structure-body protection surface,https://raw.githubusercontent.com/SeungeFlow/SeungeFlow/1fa5f28ca7647da445a5b2ef130f3852845ccb68/README.md,Ca. balance : 각자 형편에 따라 비율분배. 이 것은 각 객체의 속성에 따라 형평성에 맞게 책임을 분배하는 것. /
것,SeungeFlow/SeungeFlow,first_flow,1fa5f28ca7647da445a5b2ef130f3852845ccb68,README.md,62,structure-body protection surface,https://raw.githubusercontent.com/SeungeFlow/SeungeFlow/1fa5f28ca7647da445a5b2ef130f3852845ccb68/README.md,Ca. balance : 각자 형편에 따라 비율분배. 이 것은 각 객체의 속성에 따라 형평성에 맞게 책임을 분배하는 것. /
Cb.,SeungeFlow/SeungeFlow,first_flow,1fa5f28ca7647da445a5b2ef130f3852845ccb68,README.md,64,structure-body protection surface,https://raw.githubusercontent.com/SeungeFlow/SeungeFlow/1fa5f28ca7647da445a5b2ef130f3852845ccb68/README.md,Cb. average 와 다르다. 이 것은 공동책임 /
average,SeungeFlow/SeungeFlow,first_flow,1fa5f28ca7647da445a5b2ef130f3852845ccb68,README.md,64,structure-body protection surface,https://raw.githubusercontent.com/SeungeFlow/SeungeFlow/1fa5f28ca7647da445a5b2ef130f3852845ccb68/README.md,Cb. average 와 다르다. 이 것은 공동책임 /
와,SeungeFlow/SeungeFlow,first_flow,1fa5f28ca7647da445a5b2ef130f3852845ccb68,README.md,64,structure-body protection surface,https://raw.githubusercontent.com/SeungeFlow/SeungeFlow/1fa5f28ca7647da445a5b2ef130f3852845ccb68/README.md,Cb. average 와 다르다. 이 것은 공동책임 /
다르다,SeungeFlow/SeungeFlow,first_flow,1fa5f28ca7647da445a5b2ef130f3852845ccb68,README.md,64,structure-body protection surface,https://raw.githubusercontent.com/SeungeFlow/SeungeFlow/1fa5f28ca7647da445a5b2ef130f3852845ccb68/README.md,Cb. average 와 다르다. 이 것은 공동책임 /
이,SeungeFlow/SeungeFlow,first_flow,1fa5f28ca7647da445a5b2ef130f3852845ccb68,README.md,64,structure-body protection surface,https://raw.githubusercontent.com/SeungeFlow/SeungeFlow/1fa5f28ca7647da445a5b2ef130f3852845ccb68/README.md,Cb. average 와 다르다. 이 것은 공동책임 /
것은,SeungeFlow/SeungeFlow,first_flow,1fa5f28ca7647da445a5b2ef130f3852845ccb68,README.md,64,structure-body protection surface,https://raw.githubusercontent.com/SeungeFlow/SeungeFlow/1fa5f28ca7647da445a5b2ef130f3852845ccb68/README.md,Cb. average 와 다르다. 이 것은 공동책임 /
공동책임,SeungeFlow/SeungeFlow,first_flow,1fa5f28ca7647da445a5b2ef130f3852845ccb68,README.md,64,structure-body protection surface,https://raw.githubusercontent.com/SeungeFlow/SeungeFlow/1fa5f28ca7647da445a5b2ef130f3852845ccb68/README.md,Cb. average 와 다르다. 이 것은 공동책임 /
Da.,SeungeFlow/SeungeFlow,first_flow,1fa5f28ca7647da445a5b2ef130f3852845ccb68,README.md,66,structure-body protection surface,https://raw.githubusercontent.com/SeungeFlow/SeungeFlow/1fa5f28ca7647da445a5b2ef130f3852845ccb68/README.md,Da. default : 극한으로 치달을 때 임계직전 되돌려 최초발생시점으로 가는 노력. /
default,SeungeFlow/SeungeFlow,first_flow,1fa5f28ca7647da445a5b2ef130f3852845ccb68,README.md,66,structure-body protection surface,https://raw.githubusercontent.com/SeungeFlow/SeungeFlow/1fa5f28ca7647da445a5b2ef130f3852845ccb68/README.md,Da. default : 극한으로 치달을 때 임계직전 되돌려 최초발생시점으로 가는 노력. /
극한으로,SeungeFlow/SeungeFlow,first_flow,1fa5f28ca7647da445a5b2ef130f3852845ccb68,README.md,66,structure-body protection surface,https://raw.githubusercontent.com/SeungeFlow/SeungeFlow/1fa5f28ca7647da445a5b2ef130f3852845ccb68/README.md,Da. default : 극한으로 치달을 때 임계직전 되돌려 최초발생시점으로 가는 노력. /
치달을,SeungeFlow/SeungeFlow,first_flow,1fa5f28ca7647da445a5b2ef130f3852845ccb68,README.md,66,structure-body protection surface,https://raw.githubusercontent.com/SeungeFlow/SeungeFlow/1fa5f28ca7647da445a5b2ef130f3852845ccb68/README.md,Da. default : 극한으로 치달을 때 임계직전 되돌려 최초발생시점으로 가는 노력. /
때,SeungeFlow/SeungeFlow,first_flow,1fa5f28ca7647da445a5b2ef130f3852845ccb68,README.md,66,structure-body protection surface,https://raw.githubusercontent.com/SeungeFlow/SeungeFlow/1fa5f28ca7647da445a5b2ef130f3852845ccb68/README.md,Da. default : 극한으로 치달을 때 임계직전 되돌려 최초발생시점으로 가는 노력. /
임계직전,SeungeFlow/SeungeFlow,first_flow,1fa5f28ca7647da445a5b2ef130f3852845ccb68,README.md,66,structure-body protection surface,https://raw.githubusercontent.com/SeungeFlow/SeungeFlow/1fa5f28ca7647da445a5b2ef130f3852845ccb68/README.md,Da. default : 극한으로 치달을 때 임계직전 되돌려 최초발생시점으로 가는 노력. /
되돌려,SeungeFlow/SeungeFlow,first_flow,1fa5f28ca7647da445a5b2ef130f3852845ccb68,README.md,66,structure-body protection surface,https://raw.githubusercontent.com/SeungeFlow/SeungeFlow/1fa5f28ca7647da445a5b2ef130f3852845ccb68/README.md,Da. default : 극한으로 치달을 때 임계직전 되돌려 최초발생시점으로 가는 노력. /
최초발생시점으로,SeungeFlow/SeungeFlow,first_flow,1fa5f28ca7647da445a5b2ef130f3852845ccb68,README.md,66,structure-body protection surface,https://raw.githubusercontent.com/SeungeFlow/SeungeFlow/1fa5f28ca7647da445a5b2ef130f3852845ccb68/README.md,Da. default : 극한으로 치달을 때 임계직전 되돌려 최초발생시점으로 가는 노력. /
가는,SeungeFlow/SeungeFlow,first_flow,1fa5f28ca7647da445a5b2ef130f3852845ccb68,README.md,66,structure-body protection surface,https://raw.githubusercontent.com/SeungeFlow/SeungeFlow/1fa5f28ca7647da445a5b2ef130f3852845ccb68/README.md,Da. default : 극한으로 치달을 때 임계직전 되돌려 최초발생시점으로 가는 노력. /
노력,SeungeFlow/SeungeFlow,first_flow,1fa5f28ca7647da445a5b2ef130f3852845ccb68,README.md,66,structure-body protection surface,https://raw.githubusercontent.com/SeungeFlow/SeungeFlow/1fa5f28ca7647da445a5b2ef130f3852845ccb68/README.md,Da. default : 극한으로 치달을 때 임계직전 되돌려 최초발생시점으로 가는 노력. /
9,SeungeFlow/SeungeFlow,first_flow,1fa5f28ca7647da445a5b2ef130f3852845ccb68,README.md,71,structure-body protection surface,https://raw.githubusercontent.com/SeungeFlow/SeungeFlow/1fa5f28ca7647da445a5b2ef130f3852845ccb68/README.md,9. XAWF 질문 호기심 1~8까지 이해 /
XAWF,SeungeFlow/SeungeFlow,first_flow,1fa5f28ca7647da445a5b2ef130f3852845ccb68,README.md,71,structure-body protection surface,https://raw.githubusercontent.com/SeungeFlow/SeungeFlow/1fa5f28ca7647da445a5b2ef130f3852845ccb68/README.md,9. XAWF 질문 호기심 1~8까지 이해 /
질문,SeungeFlow/SeungeFlow,first_flow,1fa5f28ca7647da445a5b2ef130f3852845ccb68,README.md,71,structure-body protection surface,https://raw.githubusercontent.com/SeungeFlow/SeungeFlow/1fa5f28ca7647da445a5b2ef130f3852845ccb68/README.md,9. XAWF 질문 호기심 1~8까지 이해 /
호기심,SeungeFlow/SeungeFlow,first_flow,1fa5f28ca7647da445a5b2ef130f3852845ccb68,README.md,71,structure-body protection surface,https://raw.githubusercontent.com/SeungeFlow/SeungeFlow/1fa5f28ca7647da445a5b2ef130f3852845ccb68/README.md,9. XAWF 질문 호기심 1~8까지 이해 /
1,SeungeFlow/SeungeFlow,first_flow,1fa5f28ca7647da445a5b2ef130f3852845ccb68,README.md,71,structure-body protection surface,https://raw.githubusercontent.com/SeungeFlow/SeungeFlow/1fa5f28ca7647da445a5b2ef130f3852845ccb68/README.md,9. XAWF 질문 호기심 1~8까지 이해 /
8,SeungeFlow/SeungeFlow,first_flow,1fa5f28ca7647da445a5b2ef130f3852845ccb68,README.md,71,structure-body protection surface,https://raw.githubusercontent.com/SeungeFlow/SeungeFlow/1fa5f28ca7647da445a5b2ef130f3852845ccb68/README.md,9. XAWF 질문 호기심 1~8까지 이해 /
까지,SeungeFlow/SeungeFlow,first_flow,1fa5f28ca7647da445a5b2ef130f3852845ccb68,README.md,71,structure-body protection surface,https://raw.githubusercontent.com/SeungeFlow/SeungeFlow/1fa5f28ca7647da445a5b2ef130f3852845ccb68/README.md,9. XAWF 질문 호기심 1~8까지 이해 /
이해,SeungeFlow/SeungeFlow,first_flow,1fa5f28ca7647da445a5b2ef130f3852845ccb68,README.md,71,structure-body protection surface,https://raw.githubusercontent.com/SeungeFlow/SeungeFlow/1fa5f28ca7647da445a5b2ef130f3852845ccb68/README.md,9. XAWF 질문 호기심 1~8까지 이해 /
9,SeungeFlow/SeungeFlow,first_flow,1fa5f28ca7647da445a5b2ef130f3852845ccb68,README.md,75,structure-body protection surface,https://raw.githubusercontent.com/SeungeFlow/SeungeFlow/1fa5f28ca7647da445a5b2ef130f3852845ccb68/README.md,9-1. XAWF는 사람 저마다의 성향이 다르기 때문에 활용방식이 다르다. 또한 같은 사람이라도 다른 층위에서는 다른 방식으로 활용해야 한다. 주로 위아래 X 와 W 의 기본개념이 변경./
1,SeungeFlow/SeungeFlow,first_flow,1fa5f28ca7647da445a5b2ef130f3852845ccb68,README.md,75,structure-body protection surface,https://raw.githubusercontent.com/SeungeFlow/SeungeFlow/1fa5f28ca7647da445a5b2ef130f3852845ccb68/README.md,9-1. XAWF는 사람 저마다의 성향이 다르기 때문에 활용방식이 다르다. 또한 같은 사람이라도 다른 층위에서는 다른 방식으로 활용해야 한다. 주로 위아래 X 와 W 의 기본개념이 변경./
XAWF,SeungeFlow/SeungeFlow,first_flow,1fa5f28ca7647da445a5b2ef130f3852845ccb68,README.md,75,structure-body protection surface,https://raw.githubusercontent.com/SeungeFlow/SeungeFlow/1fa5f28ca7647da445a5b2ef130f3852845ccb68/README.md,9-1. XAWF는 사람 저마다의 성향이 다르기 때문에 활용방식이 다르다. 또한 같은 사람이라도 다른 층위에서는 다른 방식으로 활용해야 한다. 주로 위아래 X 와 W 의 기본개념이 변경./
는,SeungeFlow/SeungeFlow,first_flow,1fa5f28ca7647da445a5b2ef130f3852845ccb68,README.md,75,structure-body protection surface,https://raw.githubusercontent.com/SeungeFlow/SeungeFlow/1fa5f28ca7647da445a5b2ef130f3852845ccb68/README.md,9-1. XAWF는 사람 저마다의 성향이 다르기 때문에 활용방식이 다르다. 또한 같은 사람이라도 다른 층위에서는 다른 방식으로 활용해야 한다. 주로 위아래 X 와 W 의 기본개념이 변경./
사람,SeungeFlow/SeungeFlow,first_flow,1fa5f28ca7647da445a5b2ef130f3852845ccb68,README.md,75,structure-body protection surface,https://raw.githubusercontent.com/SeungeFlow/SeungeFlow/1fa5f28ca7647da445a5b2ef130f3852845ccb68/README.md,9-1. XAWF는 사람 저마다의 성향이 다르기 때문에 활용방식이 다르다. 또한 같은 사람이라도 다른 층위에서는 다른 방식으로 활용해야 한다. 주로 위아래 X 와 W 의 기본개념이 변경./
저마다의,SeungeFlow/SeungeFlow,first_flow,1fa5f28ca7647da445a5b2ef130f3852845ccb68,README.md,75,structure-body protection surface,https://raw.githubusercontent.com/SeungeFlow/SeungeFlow/1fa5f28ca7647da445a5b2ef130f3852845ccb68/README.md,9-1. XAWF는 사람 저마다의 성향이 다르기 때문에 활용방식이 다르다. 또한 같은 사람이라도 다른 층위에서는 다른 방식으로 활용해야 한다. 주로 위아래 X 와 W 의 기본개념이 변경./
성향이,SeungeFlow/SeungeFlow,first_flow,1fa5f28ca7647da445a5b2ef130f3852845ccb68,README.md,75,structure-body protection surface,https://raw.githubusercontent.com/SeungeFlow/SeungeFlow/1fa5f28ca7647da445a5b2ef130f3852845ccb68/README.md,9-1. XAWF는 사람 저마다의 성향이 다르기 때문에 활용방식이 다르다. 또한 같은 사람이라도 다른 층위에서는 다른 방식으로 활용해야 한다. 주로 위아래 X 와 W 의 기본개념이 변경./
다르기,SeungeFlow/SeungeFlow,first_flow,1fa5f28ca7647da445a5b2ef130f3852845ccb68,README.md,75,structure-body protection surface,https://raw.githubusercontent.com/SeungeFlow/SeungeFlow/1fa5f28ca7647da445a5b2ef130f3852845ccb68/README.md,9-1. XAWF는 사람 저마다의 성향이 다르기 때문에 활용방식이 다르다. 또한 같은 사람이라도 다른 층위에서는 다른 방식으로 활용해야 한다. 주로 위아래 X 와 W 의 기본개념이 변경./
때문에,SeungeFlow/SeungeFlow,first_flow,1fa5f28ca7647da445a5b2ef130f3852845ccb68,README.md,75,structure-body protection surface,https://raw.githubusercontent.com/SeungeFlow/SeungeFlow/1fa5f28ca7647da445a5b2ef130f3852845ccb68/README.md,9-1. XAWF는 사람 저마다의 성향이 다르기 때문에 활용방식이 다르다. 또한 같은 사람이라도 다른 층위에서는 다른 방식으로 활용해야 한다. 주로 위아래 X 와 W 의 기본개념이 변경./
활용방식이,SeungeFlow/SeungeFlow,first_flow,1fa5f28ca7647da445a5b2ef130f3852845ccb68,README.md,75,structure-body protection surface,https://raw.githubusercontent.com/SeungeFlow/SeungeFlow/1fa5f28ca7647da445a5b2ef130f3852845ccb68/README.md,9-1. XAWF는 사람 저마다의 성향이 다르기 때문에 활용방식이 다르다. 또한 같은 사람이라도 다른 층위에서는 다른 방식으로 활용해야 한다. 주로 위아래 X 와 W 의 기본개념이 변경./
다르다,SeungeFlow/SeungeFlow,first_flow,1fa5f28ca7647da445a5b2ef130f3852845ccb68,README.md,75,structure-body protection surface,https://raw.githubusercontent.com/SeungeFlow/SeungeFlow/1fa5f28ca7647da445a5b2ef130f3852845ccb68/README.md,9-1. XAWF는 사람 저마다의 성향이 다르기 때문에 활용방식이 다르다. 또한 같은 사람이라도 다른 층위에서는 다른 방식으로 활용해야 한다. 주로 위아래 X 와 W 의 기본개념이 변경./
또한,SeungeFlow/SeungeFlow,first_flow,1fa5f28ca7647da445a5b2ef130f3852845ccb68,README.md,75,structure-body protection surface,https://raw.githubusercontent.com/SeungeFlow/SeungeFlow/1fa5f28ca7647da445a5b2ef130f3852845ccb68/README.md,9-1. XAWF는 사람 저마다의 성향이 다르기 때문에 활용방식이 다르다. 또한 같은 사람이라도 다른 층위에서는 다른 방식으로 활용해야 한다. 주로 위아래 X 와 W 의 기본개념이 변경./
같은,SeungeFlow/SeungeFlow,first_flow,1fa5f28ca7647da445a5b2ef130f3852845ccb68,README.md,75,structure-body protection surface,https://raw.githubusercontent.com/SeungeFlow/SeungeFlow/1fa5f28ca7647da445a5b2ef130f3852845ccb68/README.md,9-1. XAWF는 사람 저마다의 성향이 다르기 때문에 활용방식이 다르다. 또한 같은 사람이라도 다른 층위에서는 다른 방식으로 활용해야 한다. 주로 위아래 X 와 W 의 기본개념이 변경./
사람이라도,SeungeFlow/SeungeFlow,first_flow,1fa5f28ca7647da445a5b2ef130f3852845ccb68,README.md,75,structure-body protection surface,https://raw.githubusercontent.com/SeungeFlow/SeungeFlow/1fa5f28ca7647da445a5b2ef130f3852845ccb68/README.md,9-1. XAWF는 사람 저마다의 성향이 다르기 때문에 활용방식이 다르다. 또한 같은 사람이라도 다른 층위에서는 다른 방식으로 활용해야 한다. 주로 위아래 X 와 W 의 기본개념이 변경./
다른,SeungeFlow/SeungeFlow,first_flow,1fa5f28ca7647da445a5b2ef130f3852845ccb68,README.md,75,structure-body protection surface,https://raw.githubusercontent.com/SeungeFlow/SeungeFlow/1fa5f28ca7647da445a5b2ef130f3852845ccb68/README.md,9-1. XAWF는 사람 저마다의 성향이 다르기 때문에 활용방식이 다르다. 또한 같은 사람이라도 다른 층위에서는 다른 방식으로 활용해야 한다. 주로 위아래 X 와 W 의 기본개념이 변경./
층위에서는,SeungeFlow/SeungeFlow,first_flow,1fa5f28ca7647da445a5b2ef130f3852845ccb68,README.md,75,structure-body protection surface,https://raw.githubusercontent.com/SeungeFlow/SeungeFlow/1fa5f28ca7647da445a5b2ef130f3852845ccb68/README.md,9-1. XAWF는 사람 저마다의 성향이 다르기 때문에 활용방식이 다르다. 또한 같은 사람이라도 다른 층위에서는 다른 방식으로 활용해야 한다. 주로 위아래 X 와 W 의 기본개념이 변경./
다른,SeungeFlow/SeungeFlow,first_flow,1fa5f28ca7647da445a5b2ef130f3852845ccb68,README.md,75,structure-body protection surface,https://raw.githubusercontent.com/SeungeFlow/SeungeFlow/1fa5f28ca7647da445a5b2ef130f3852845ccb68/README.md,9-1. XAWF는 사람 저마다의 성향이 다르기 때문에 활용방식이 다르다. 또한 같은 사람이라도 다른 층위에서는 다른 방식으로 활용해야 한다. 주로 위아래 X 와 W 의 기본개념이 변경./
방식으로,SeungeFlow/SeungeFlow,first_flow,1fa5f28ca7647da445a5b2ef130f3852845ccb68,README.md,75,structure-body protection surface,https://raw.githubusercontent.com/SeungeFlow/SeungeFlow/1fa5f28ca7647da445a5b2ef130f3852845ccb68/README.md,9-1. XAWF는 사람 저마다의 성향이 다르기 때문에 활용방식이 다르다. 또한 같은 사람이라도 다른 층위에서는 다른 방식으로 활용해야 한다. 주로 위아래 X 와 W 의 기본개념이 변경./
활용해야,SeungeFlow/SeungeFlow,first_flow,1fa5f28ca7647da445a5b2ef130f3852845ccb68,README.md,75,structure-body protection surface,https://raw.githubusercontent.com/SeungeFlow/SeungeFlow/1fa5f28ca7647da445a5b2ef130f3852845ccb68/README.md,9-1. XAWF는 사람 저마다의 성향이 다르기 때문에 활용방식이 다르다. 또한 같은 사람이라도 다른 층위에서는 다른 방식으로 활용해야 한다. 주로 위아래 X 와 W 의 기본개념이 변경./
한다,SeungeFlow/SeungeFlow,first_flow,1fa5f28ca7647da445a5b2ef130f3852845ccb68,README.md,75,structure-body protection surface,https://raw.githubusercontent.com/SeungeFlow/SeungeFlow/1fa5f28ca7647da445a5b2ef130f3852845ccb68/README.md,9-1. XAWF는 사람 저마다의 성향이 다르기 때문에 활용방식이 다르다. 또한 같은 사람이라도 다른 층위에서는 다른 방식으로 활용해야 한다. 주로 위아래 X 와 W 의 기본개념이 변경./
주로,SeungeFlow/SeungeFlow,first_flow,1fa5f28ca7647da445a5b2ef130f3852845ccb68,README.md,75,structure-body protection surface,https://raw.githubusercontent.com/SeungeFlow/SeungeFlow/1fa5f28ca7647da445a5b2ef130f3852845ccb68/README.md,9-1. XAWF는 사람 저마다의 성향이 다르기 때문에 활용방식이 다르다. 또한 같은 사람이라도 다른 층위에서는 다른 방식으로 활용해야 한다. 주로 위아래 X 와 W 의 기본개념이 변경./
위아래,SeungeFlow/SeungeFlow,first_flow,1fa5f28ca7647da445a5b2ef130f3852845ccb68,README.md,75,structure-body protection surface,https://raw.githubusercontent.com/SeungeFlow/SeungeFlow/1fa5f28ca7647da445a5b2ef130f3852845ccb68/README.md,9-1. XAWF는 사람 저마다의 성향이 다르기 때문에 활용방식이 다르다. 또한 같은 사람이라도 다른 층위에서는 다른 방식으로 활용해야 한다. 주로 위아래 X 와 W 의 기본개념이 변경./
와,SeungeFlow/SeungeFlow,first_flow,1fa5f28ca7647da445a5b2ef130f3852845ccb68,README.md,75,structure-body protection surface,https://raw.githubusercontent.com/SeungeFlow/SeungeFlow/1fa5f28ca7647da445a5b2ef130f3852845ccb68/README.md,9-1. XAWF는 사람 저마다의 성향이 다르기 때문에 활용방식이 다르다. 또한 같은 사람이라도 다른 층위에서는 다른 방식으로 활용해야 한다. 주로 위아래 X 와 W 의 기본개념이 변경./
의,SeungeFlow/SeungeFlow,first_flow,1fa5f28ca7647da445a5b2ef130f3852845ccb68,README.md,75,structure-body protection surface,https://raw.githubusercontent.com/SeungeFlow/SeungeFlow/1fa5f28ca7647da445a5b2ef130f3852845ccb68/README.md,9-1. XAWF는 사람 저마다의 성향이 다르기 때문에 활용방식이 다르다. 또한 같은 사람이라도 다른 층위에서는 다른 방식으로 활용해야 한다. 주로 위아래 X 와 W 의 기본개념이 변경./
기본개념이,SeungeFlow/SeungeFlow,first_flow,1fa5f28ca7647da445a5b2ef130f3852845ccb68,README.md,75,structure-body protection surface,https://raw.githubusercontent.com/SeungeFlow/SeungeFlow/1fa5f28ca7647da445a5b2ef130f3852845ccb68/README.md,9-1. XAWF는 사람 저마다의 성향이 다르기 때문에 활용방식이 다르다. 또한 같은 사람이라도 다른 층위에서는 다른 방식으로 활용해야 한다. 주로 위아래 X 와 W 의 기본개념이 변경./
변경,SeungeFlow/SeungeFlow,first_flow,1fa5f28ca7647da445a5b2ef130f3852845ccb68,README.md,75,structure-body protection surface,https://raw.githubusercontent.com/SeungeFlow/SeungeFlow/1fa5f28ca7647da445a5b2ef130f3852845ccb68/README.md,9-1. XAWF는 사람 저마다의 성향이 다르기 때문에 활용방식이 다르다. 또한 같은 사람이라도 다른 층위에서는 다른 방식으로 활용해야 한다. 주로 위아래 X 와 W 의 기본개념이 변경./
9,SeungeFlow/SeungeFlow,first_flow,1fa5f28ca7647da445a5b2ef130f3852845ccb68,README.md,79,structure-body protection surface,https://raw.githubusercontent.com/SeungeFlow/SeungeFlow/1fa5f28ca7647da445a5b2ef130f3852845ccb68/README.md,9-2. XAWF 는 자리변경 금지/
2,SeungeFlow/SeungeFlow,first_flow,1fa5f28ca7647da445a5b2ef130f3852845ccb68,README.md,79,structure-body protection surface,https://raw.githubusercontent.com/SeungeFlow/SeungeFlow/1fa5f28ca7647da445a5b2ef130f3852845ccb68/README.md,9-2. XAWF 는 자리변경 금지/
XAWF,SeungeFlow/SeungeFlow,first_flow,1fa5f28ca7647da445a5b2ef130f3852845ccb68,README.md,79,structure-body protection surface,https://raw.githubusercontent.com/SeungeFlow/SeungeFlow/1fa5f28ca7647da445a5b2ef130f3852845ccb68/README.md,9-2. XAWF 는 자리변경 금지/
는,SeungeFlow/SeungeFlow,first_flow,1fa5f28ca7647da445a5b2ef130f3852845ccb68,README.md,79,structure-body protection surface,https://raw.githubusercontent.com/SeungeFlow/SeungeFlow/1fa5f28ca7647da445a5b2ef130f3852845ccb68/README.md,9-2. XAWF 는 자리변경 금지/
자리변경,SeungeFlow/SeungeFlow,first_flow,1fa5f28ca7647da445a5b2ef130f3852845ccb68,README.md,79,structure-body protection surface,https://raw.githubusercontent.com/SeungeFlow/SeungeFlow/1fa5f28ca7647da445a5b2ef130f3852845ccb68/README.md,9-2. XAWF 는 자리변경 금지/
금지,SeungeFlow/SeungeFlow,first_flow,1fa5f28ca7647da445a5b2ef130f3852845ccb68,README.md,79,structure-body protection surface,https://raw.githubusercontent.com/SeungeFlow/SeungeFlow/1fa5f28ca7647da445a5b2ef130f3852845ccb68/README.md,9-2. XAWF 는 자리변경 금지/
9,SeungeFlow/SeungeFlow,first_flow,1fa5f28ca7647da445a5b2ef130f3852845ccb68,README.md,83,structure-body protection surface,https://raw.githubusercontent.com/SeungeFlow/SeungeFlow/1fa5f28ca7647da445a5b2ef130f3852845ccb68/README.md,9-3. 키보드 알파벳 배치 관점 (아래에서 위로 row(1 2 3) /
3,SeungeFlow/SeungeFlow,first_flow,1fa5f28ca7647da445a5b2ef130f3852845ccb68,README.md,83,structure-body protection surface,https://raw.githubusercontent.com/SeungeFlow/SeungeFlow/1fa5f28ca7647da445a5b2ef130f3852845ccb68/README.md,9-3. 키보드 알파벳 배치 관점 (아래에서 위로 row(1 2 3) /
키보드,SeungeFlow/SeungeFlow,first_flow,1fa5f28ca7647da445a5b2ef130f3852845ccb68,README.md,83,structure-body protection surface,https://raw.githubusercontent.com/SeungeFlow/SeungeFlow/1fa5f28ca7647da445a5b2ef130f3852845ccb68/README.md,9-3. 키보드 알파벳 배치 관점 (아래에서 위로 row(1 2 3) /
알파벳,SeungeFlow/SeungeFlow,first_flow,1fa5f28ca7647da445a5b2ef130f3852845ccb68,README.md,83,structure-body protection surface,https://raw.githubusercontent.com/SeungeFlow/SeungeFlow/1fa5f28ca7647da445a5b2ef130f3852845ccb68/README.md,9-3. 키보드 알파벳 배치 관점 (아래에서 위로 row(1 2 3) /
배치,SeungeFlow/SeungeFlow,first_flow,1fa5f28ca7647da445a5b2ef130f3852845ccb68,README.md,83,structure-body protection surface,https://raw.githubusercontent.com/SeungeFlow/SeungeFlow/1fa5f28ca7647da445a5b2ef130f3852845ccb68/README.md,9-3. 키보드 알파벳 배치 관점 (아래에서 위로 row(1 2 3) /
관점,SeungeFlow/SeungeFlow,first_flow,1fa5f28ca7647da445a5b2ef130f3852845ccb68,README.md,83,structure-body protection surface,https://raw.githubusercontent.com/SeungeFlow/SeungeFlow/1fa5f28ca7647da445a5b2ef130f3852845ccb68/README.md,9-3. 키보드 알파벳 배치 관점 (아래에서 위로 row(1 2 3) /
아래에서,SeungeFlow/SeungeFlow,first_flow,1fa5f28ca7647da445a5b2ef130f3852845ccb68,README.md,83,structure-body protection surface,https://raw.githubusercontent.com/SeungeFlow/SeungeFlow/1fa5f28ca7647da445a5b2ef130f3852845ccb68/README.md,9-3. 키보드 알파벳 배치 관점 (아래에서 위로 row(1 2 3) /
위로,SeungeFlow/SeungeFlow,first_flow,1fa5f28ca7647da445a5b2ef130f3852845ccb68,README.md,83,structure-body protection surface,https://raw.githubusercontent.com/SeungeFlow/SeungeFlow/1fa5f28ca7647da445a5b2ef130f3852845ccb68/README.md,9-3. 키보드 알파벳 배치 관점 (아래에서 위로 row(1 2 3) /
row,SeungeFlow/SeungeFlow,first_flow,1fa5f28ca7647da445a5b2ef130f3852845ccb68,README.md,83,structure-body protection surface,https://raw.githubusercontent.com/SeungeFlow/SeungeFlow/1fa5f28ca7647da445a5b2ef130f3852845ccb68/README.md,9-3. 키보드 알파벳 배치 관점 (아래에서 위로 row(1 2 3) /
1,SeungeFlow/SeungeFlow,first_flow,1fa5f28ca7647da445a5b2ef130f3852845ccb68,README.md,83,structure-body protection surface,https://raw.githubusercontent.com/SeungeFlow/SeungeFlow/1fa5f28ca7647da445a5b2ef130f3852845ccb68/README.md,9-3. 키보드 알파벳 배치 관점 (아래에서 위로 row(1 2 3) /
2,SeungeFlow/SeungeFlow,first_flow,1fa5f28ca7647da445a5b2ef130f3852845ccb68,README.md,83,structure-body protection surface,https://raw.githubusercontent.com/SeungeFlow/SeungeFlow/1fa5f28ca7647da445a5b2ef130f3852845ccb68/README.md,9-3. 키보드 알파벳 배치 관점 (아래에서 위로 row(1 2 3) /
3,SeungeFlow/SeungeFlow,first_flow,1fa5f28ca7647da445a5b2ef130f3852845ccb68,README.md,83,structure-body protection surface,https://raw.githubusercontent.com/SeungeFlow/SeungeFlow/1fa5f28ca7647da445a5b2ef130f3852845ccb68/README.md,9-3. 키보드 알파벳 배치 관점 (아래에서 위로 row(1 2 3) /
Aa.,SeungeFlow/SeungeFlow,first_flow,1fa5f28ca7647da445a5b2ef130f3852845ccb68,README.md,85,structure-body protection surface,https://raw.githubusercontent.com/SeungeFlow/SeungeFlow/1fa5f28ca7647da445a5b2ef130f3852845ccb68/README.md,Aa. X : row1 /
row1,SeungeFlow/SeungeFlow,first_flow,1fa5f28ca7647da445a5b2ef130f3852845ccb68,README.md,85,structure-body protection surface,https://raw.githubusercontent.com/SeungeFlow/SeungeFlow/1fa5f28ca7647da445a5b2ef130f3852845ccb68/README.md,Aa. X : row1 /
Ab.,SeungeFlow/SeungeFlow,first_flow,1fa5f28ca7647da445a5b2ef130f3852845ccb68,README.md,87,structure-body protection surface,https://raw.githubusercontent.com/SeungeFlow/SeungeFlow/1fa5f28ca7647da445a5b2ef130f3852845ccb68/README.md,Ab. A : row2 /
row2,SeungeFlow/SeungeFlow,first_flow,1fa5f28ca7647da445a5b2ef130f3852845ccb68,README.md,87,structure-body protection surface,https://raw.githubusercontent.com/SeungeFlow/SeungeFlow/1fa5f28ca7647da445a5b2ef130f3852845ccb68/README.md,Ab. A : row2 /
Ac.,SeungeFlow/SeungeFlow,first_flow,1fa5f28ca7647da445a5b2ef130f3852845ccb68,README.md,89,structure-body protection surface,https://raw.githubusercontent.com/SeungeFlow/SeungeFlow/1fa5f28ca7647da445a5b2ef130f3852845ccb68/README.md,Ac. W : row3 /
row3,SeungeFlow/SeungeFlow,first_flow,1fa5f28ca7647da445a5b2ef130f3852845ccb68,README.md,89,structure-body protection surface,https://raw.githubusercontent.com/SeungeFlow/SeungeFlow/1fa5f28ca7647da445a5b2ef130f3852845ccb68/README.md,Ac. W : row3 /
Ad.,SeungeFlow/SeungeFlow,first_flow,1fa5f28ca7647da445a5b2ef130f3852845ccb68,README.md,91,structure-body protection surface,https://raw.githubusercontent.com/SeungeFlow/SeungeFlow/1fa5f28ca7647da445a5b2ef130f3852845ccb68/README.md,Ad. F : A에서 column 3 오른쪽이동 /
에서,SeungeFlow/SeungeFlow,first_flow,1fa5f28ca7647da445a5b2ef130f3852845ccb68,README.md,91,structure-body protection surface,https://raw.githubusercontent.com/SeungeFlow/SeungeFlow/1fa5f28ca7647da445a5b2ef130f3852845ccb68/README.md,Ad. F : A에서 column 3 오른쪽이동 /
column,SeungeFlow/SeungeFlow,first_flow,1fa5f28ca7647da445a5b2ef130f3852845ccb68,README.md,91,structure-body protection surface,https://raw.githubusercontent.com/SeungeFlow/SeungeFlow/1fa5f28ca7647da445a5b2ef130f3852845ccb68/README.md,Ad. F : A에서 column 3 오른쪽이동 /
3,SeungeFlow/SeungeFlow,first_flow,1fa5f28ca7647da445a5b2ef130f3852845ccb68,README.md,91,structure-body protection surface,https://raw.githubusercontent.com/SeungeFlow/SeungeFlow/1fa5f28ca7647da445a5b2ef130f3852845ccb68/README.md,Ad. F : A에서 column 3 오른쪽이동 /
오른쪽이동,SeungeFlow/SeungeFlow,first_flow,1fa5f28ca7647da445a5b2ef130f3852845ccb68,README.md,91,structure-body protection surface,https://raw.githubusercontent.com/SeungeFlow/SeungeFlow/1fa5f28ca7647da445a5b2ef130f3852845ccb68/README.md,Ad. F : A에서 column 3 오른쪽이동 /
9,SeungeFlow/SeungeFlow,first_flow,1fa5f28ca7647da445a5b2ef130f3852845ccb68,README.md,95,structure-body protection surface,https://raw.githubusercontent.com/SeungeFlow/SeungeFlow/1fa5f28ca7647da445a5b2ef130f3852845ccb68/README.md,9.4. 개념정의 (기본값) /
4,SeungeFlow/SeungeFlow,first_flow,1fa5f28ca7647da445a5b2ef130f3852845ccb68,README.md,95,structure-body protection surface,https://raw.githubusercontent.com/SeungeFlow/SeungeFlow/1fa5f28ca7647da445a5b2ef130f3852845ccb68/README.md,9.4. 개념정의 (기본값) /
개념정의,SeungeFlow/SeungeFlow,first_flow,1fa5f28ca7647da445a5b2ef130f3852845ccb68,README.md,95,structure-body protection surface,https://raw.githubusercontent.com/SeungeFlow/SeungeFlow/1fa5f28ca7647da445a5b2ef130f3852845ccb68/README.md,9.4. 개념정의 (기본값) /
기본값,SeungeFlow/SeungeFlow,first_flow,1fa5f28ca7647da445a5b2ef130f3852845ccb68,README.md,95,structure-body protection surface,https://raw.githubusercontent.com/SeungeFlow/SeungeFlow/1fa5f28ca7647da445a5b2ef130f3852845ccb68/README.md,9.4. 개념정의 (기본값) /
Aa.,SeungeFlow/SeungeFlow,first_flow,1fa5f28ca7647da445a5b2ef130f3852845ccb68,README.md,97,structure-body protection surface,https://raw.githubusercontent.com/SeungeFlow/SeungeFlow/1fa5f28ca7647da445a5b2ef130f3852845ccb68/README.md,Aa. X : 상태.현상 /
상태,SeungeFlow/SeungeFlow,first_flow,1fa5f28ca7647da445a5b2ef130f3852845ccb68,README.md,97,structure-body protection surface,https://raw.githubusercontent.com/SeungeFlow/SeungeFlow/1fa5f28ca7647da445a5b2ef130f3852845ccb68/README.md,Aa. X : 상태.현상 /
현상,SeungeFlow/SeungeFlow,first_flow,1fa5f28ca7647da445a5b2ef130f3852845ccb68,README.md,97,structure-body protection surface,https://raw.githubusercontent.com/SeungeFlow/SeungeFlow/1fa5f28ca7647da445a5b2ef130f3852845ccb68/README.md,Aa. X : 상태.현상 /
Ab.,SeungeFlow/SeungeFlow,first_flow,1fa5f28ca7647da445a5b2ef130f3852845ccb68,README.md,99,structure-body protection surface,https://raw.githubusercontent.com/SeungeFlow/SeungeFlow/1fa5f28ca7647da445a5b2ef130f3852845ccb68/README.md,Ab. A : 이동 전환 변화 /
이동,SeungeFlow/SeungeFlow,first_flow,1fa5f28ca7647da445a5b2ef130f3852845ccb68,README.md,99,structure-body protection surface,https://raw.githubusercontent.com/SeungeFlow/SeungeFlow/1fa5f28ca7647da445a5b2ef130f3852845ccb68/README.md,Ab. A : 이동 전환 변화 /
전환,SeungeFlow/SeungeFlow,first_flow,1fa5f28ca7647da445a5b2ef130f3852845ccb68,README.md,99,structure-body protection surface,https://raw.githubusercontent.com/SeungeFlow/SeungeFlow/1fa5f28ca7647da445a5b2ef130f3852845ccb68/README.md,Ab. A : 이동 전환 변화 /
변화,SeungeFlow/SeungeFlow,first_flow,1fa5f28ca7647da445a5b2ef130f3852845ccb68,README.md,99,structure-body protection surface,https://raw.githubusercontent.com/SeungeFlow/SeungeFlow/1fa5f28ca7647da445a5b2ef130f3852845ccb68/README.md,Ab. A : 이동 전환 변화 /
Ac.,SeungeFlow/SeungeFlow,first_flow,1fa5f28ca7647da445a5b2ef130f3852845ccb68,README.md,101,structure-body protection surface,https://raw.githubusercontent.com/SeungeFlow/SeungeFlow/1fa5f28ca7647da445a5b2ef130f3852845ccb68/README.md,Ac. W : 원리.본질 /
원리,SeungeFlow/SeungeFlow,first_flow,1fa5f28ca7647da445a5b2ef130f3852845ccb68,README.md,101,structure-body protection surface,https://raw.githubusercontent.com/SeungeFlow/SeungeFlow/1fa5f28ca7647da445a5b2ef130f3852845ccb68/README.md,Ac. W : 원리.본질 /
본질,SeungeFlow/SeungeFlow,first_flow,1fa5f28ca7647da445a5b2ef130f3852845ccb68,README.md,101,structure-body protection surface,https://raw.githubusercontent.com/SeungeFlow/SeungeFlow/1fa5f28ca7647da445a5b2ef130f3852845ccb68/README.md,Ac. W : 원리.본질 /
Ad.,SeungeFlow/SeungeFlow,first_flow,1fa5f28ca7647da445a5b2ef130f3852845ccb68,README.md,103,structure-body protection surface,https://raw.githubusercontent.com/SeungeFlow/SeungeFlow/1fa5f28ca7647da445a5b2ef130f3852845ccb68/README.md,Ad. F : 활용.응용 /
활용,SeungeFlow/SeungeFlow,first_flow,1fa5f28ca7647da445a5b2ef130f3852845ccb68,README.md,103,structure-body protection surface,https://raw.githubusercontent.com/SeungeFlow/SeungeFlow/1fa5f28ca7647da445a5b2ef130f3852845ccb68/README.md,Ad. F : 활용.응용 /
응용,SeungeFlow/SeungeFlow,first_flow,1fa5f28ca7647da445a5b2ef130f3852845ccb68,README.md,103,structure-body protection surface,https://raw.githubusercontent.com/SeungeFlow/SeungeFlow/1fa5f28ca7647da445a5b2ef130f3852845ccb68/README.md,Ad. F : 활용.응용 /
10,SeungeFlow/SeungeFlow,first_flow,1fa5f28ca7647da445a5b2ef130f3852845ccb68,README.md,107,structure-body protection surface,https://raw.githubusercontent.com/SeungeFlow/SeungeFlow/1fa5f28ca7647da445a5b2ef130f3852845ccb68/README.md,10. 기타 요소들 /
기타,SeungeFlow/SeungeFlow,first_flow,1fa5f28ca7647da445a5b2ef130f3852845ccb68,README.md,107,structure-body protection surface,https://raw.githubusercontent.com/SeungeFlow/SeungeFlow/1fa5f28ca7647da445a5b2ef130f3852845ccb68/README.md,10. 기타 요소들 /
요소들,SeungeFlow/SeungeFlow,first_flow,1fa5f28ca7647da445a5b2ef130f3852845ccb68,README.md,107,structure-body protection surface,https://raw.githubusercontent.com/SeungeFlow/SeungeFlow/1fa5f28ca7647da445a5b2ef130f3852845ccb68/README.md,10. 기타 요소들 /
A.,SeungeFlow/SeungeFlow,first_flow,1fa5f28ca7647da445a5b2ef130f3852845ccb68,README.md,109,structure-body protection surface,https://raw.githubusercontent.com/SeungeFlow/SeungeFlow/1fa5f28ca7647da445a5b2ef130f3852845ccb68/README.md,A. 숫자를 숫자로 보지마라. /
숫자를,SeungeFlow/SeungeFlow,first_flow,1fa5f28ca7647da445a5b2ef130f3852845ccb68,README.md,109,structure-body protection surface,https://raw.githubusercontent.com/SeungeFlow/SeungeFlow/1fa5f28ca7647da445a5b2ef130f3852845ccb68/README.md,A. 숫자를 숫자로 보지마라. /
숫자로,SeungeFlow/SeungeFlow,first_flow,1fa5f28ca7647da445a5b2ef130f3852845ccb68,README.md,109,structure-body protection surface,https://raw.githubusercontent.com/SeungeFlow/SeungeFlow/1fa5f28ca7647da445a5b2ef130f3852845ccb68/README.md,A. 숫자를 숫자로 보지마라. /
보지마라,SeungeFlow/SeungeFlow,first_flow,1fa5f28ca7647da445a5b2ef130f3852845ccb68,README.md,109,structure-body protection surface,https://raw.githubusercontent.com/SeungeFlow/SeungeFlow/1fa5f28ca7647da445a5b2ef130f3852845ccb68/README.md,A. 숫자를 숫자로 보지마라. /
B.,SeungeFlow/SeungeFlow,first_flow,1fa5f28ca7647da445a5b2ef130f3852845ccb68,README.md,113,structure-body protection surface,https://raw.githubusercontent.com/SeungeFlow/SeungeFlow/1fa5f28ca7647da445a5b2ef130f3852845ccb68/README.md,B. 기호를 기호로 보지마라. /
기호를,SeungeFlow/SeungeFlow,first_flow,1fa5f28ca7647da445a5b2ef130f3852845ccb68,README.md,113,structure-body protection surface,https://raw.githubusercontent.com/SeungeFlow/SeungeFlow/1fa5f28ca7647da445a5b2ef130f3852845ccb68/README.md,B. 기호를 기호로 보지마라. /
기호로,SeungeFlow/SeungeFlow,first_flow,1fa5f28ca7647da445a5b2ef130f3852845ccb68,README.md,113,structure-body protection surface,https://raw.githubusercontent.com/SeungeFlow/SeungeFlow/1fa5f28ca7647da445a5b2ef130f3852845ccb68/README.md,B. 기호를 기호로 보지마라. /
보지마라,SeungeFlow/SeungeFlow,first_flow,1fa5f28ca7647da445a5b2ef130f3852845ccb68,README.md,113,structure-body protection surface,https://raw.githubusercontent.com/SeungeFlow/SeungeFlow/1fa5f28ca7647da445a5b2ef130f3852845ccb68/README.md,B. 기호를 기호로 보지마라. /
C.,SeungeFlow/SeungeFlow,first_flow,1fa5f28ca7647da445a5b2ef130f3852845ccb68,README.md,117,structure-body protection surface,https://raw.githubusercontent.com/SeungeFlow/SeungeFlow/1fa5f28ca7647da445a5b2ef130f3852845ccb68/README.md,C. 현상을 보고 판단하지마라. /
현상을,SeungeFlow/SeungeFlow,first_flow,1fa5f28ca7647da445a5b2ef130f3852845ccb68,README.md,117,structure-body protection surface,https://raw.githubusercontent.com/SeungeFlow/SeungeFlow/1fa5f28ca7647da445a5b2ef130f3852845ccb68/README.md,C. 현상을 보고 판단하지마라. /
보고,SeungeFlow/SeungeFlow,first_flow,1fa5f28ca7647da445a5b2ef130f3852845ccb68,README.md,117,structure-body protection surface,https://raw.githubusercontent.com/SeungeFlow/SeungeFlow/1fa5f28ca7647da445a5b2ef130f3852845ccb68/README.md,C. 현상을 보고 판단하지마라. /
판단하지마라,SeungeFlow/SeungeFlow,first_flow,1fa5f28ca7647da445a5b2ef130f3852845ccb68,README.md,117,structure-body protection surface,https://raw.githubusercontent.com/SeungeFlow/SeungeFlow/1fa5f28ca7647da445a5b2ef130f3852845ccb68/README.md,C. 현상을 보고 판단하지마라. /
Ca.,SeungeFlow/SeungeFlow,first_flow,1fa5f28ca7647da445a5b2ef130f3852845ccb68,README.md,118,structure-body protection surface,https://raw.githubusercontent.com/SeungeFlow/SeungeFlow/1fa5f28ca7647da445a5b2ef130f3852845ccb68/README.md,Ca. 수평과 수직의 양 끝단에 있는 위치에 있는 value(값 상태 현상 전부다)를 변경하면 무언가가 보인다. /
수평과,SeungeFlow/SeungeFlow,first_flow,1fa5f28ca7647da445a5b2ef130f3852845ccb68,README.md,118,structure-body protection surface,https://raw.githubusercontent.com/SeungeFlow/SeungeFlow/1fa5f28ca7647da445a5b2ef130f3852845ccb68/README.md,Ca. 수평과 수직의 양 끝단에 있는 위치에 있는 value(값 상태 현상 전부다)를 변경하면 무언가가 보인다. /
수직의,SeungeFlow/SeungeFlow,first_flow,1fa5f28ca7647da445a5b2ef130f3852845ccb68,README.md,118,structure-body protection surface,https://raw.githubusercontent.com/SeungeFlow/SeungeFlow/1fa5f28ca7647da445a5b2ef130f3852845ccb68/README.md,Ca. 수평과 수직의 양 끝단에 있는 위치에 있는 value(값 상태 현상 전부다)를 변경하면 무언가가 보인다. /
양,SeungeFlow/SeungeFlow,first_flow,1fa5f28ca7647da445a5b2ef130f3852845ccb68,README.md,118,structure-body protection surface,https://raw.githubusercontent.com/SeungeFlow/SeungeFlow/1fa5f28ca7647da445a5b2ef130f3852845ccb68/README.md,Ca. 수평과 수직의 양 끝단에 있는 위치에 있는 value(값 상태 현상 전부다)를 변경하면 무언가가 보인다. /
끝단에,SeungeFlow/SeungeFlow,first_flow,1fa5f28ca7647da445a5b2ef130f3852845ccb68,README.md,118,structure-body protection surface,https://raw.githubusercontent.com/SeungeFlow/SeungeFlow/1fa5f28ca7647da445a5b2ef130f3852845ccb68/README.md,Ca. 수평과 수직의 양 끝단에 있는 위치에 있는 value(값 상태 현상 전부다)를 변경하면 무언가가 보인다. /
있는,SeungeFlow/SeungeFlow,first_flow,1fa5f28ca7647da445a5b2ef130f3852845ccb68,README.md,118,structure-body protection surface,https://raw.githubusercontent.com/SeungeFlow/SeungeFlow/1fa5f28ca7647da445a5b2ef130f3852845ccb68/README.md,Ca. 수평과 수직의 양 끝단에 있는 위치에 있는 value(값 상태 현상 전부다)를 변경하면 무언가가 보인다. /
위치에,SeungeFlow/SeungeFlow,first_flow,1fa5f28ca7647da445a5b2ef130f3852845ccb68,README.md,118,structure-body protection surface,https://raw.githubusercontent.com/SeungeFlow/SeungeFlow/1fa5f28ca7647da445a5b2ef130f3852845ccb68/README.md,Ca. 수평과 수직의 양 끝단에 있는 위치에 있는 value(값 상태 현상 전부다)를 변경하면 무언가가 보인다. /
있는,SeungeFlow/SeungeFlow,first_flow,1fa5f28ca7647da445a5b2ef130f3852845ccb68,README.md,118,structure-body protection surface,https://raw.githubusercontent.com/SeungeFlow/SeungeFlow/1fa5f28ca7647da445a5b2ef130f3852845ccb68/README.md,Ca. 수평과 수직의 양 끝단에 있는 위치에 있는 value(값 상태 현상 전부다)를 변경하면 무언가가 보인다. /
value,SeungeFlow/SeungeFlow,first_flow,1fa5f28ca7647da445a5b2ef130f3852845ccb68,README.md,118,structure-body protection surface,https://raw.githubusercontent.com/SeungeFlow/SeungeFlow/1fa5f28ca7647da445a5b2ef130f3852845ccb68/README.md,Ca. 수평과 수직의 양 끝단에 있는 위치에 있는 value(값 상태 현상 전부다)를 변경하면 무언가가 보인다. /
값,SeungeFlow/SeungeFlow,first_flow,1fa5f28ca7647da445a5b2ef130f3852845ccb68,README.md,118,structure-body protection surface,https://raw.githubusercontent.com/SeungeFlow/SeungeFlow/1fa5f28ca7647da445a5b2ef130f3852845ccb68/README.md,Ca. 수평과 수직의 양 끝단에 있는 위치에 있는 value(값 상태 현상 전부다)를 변경하면 무언가가 보인다. /
상태,SeungeFlow/SeungeFlow,first_flow,1fa5f28ca7647da445a5b2ef130f3852845ccb68,README.md,118,structure-body protection surface,https://raw.githubusercontent.com/SeungeFlow/SeungeFlow/1fa5f28ca7647da445a5b2ef130f3852845ccb68/README.md,Ca. 수평과 수직의 양 끝단에 있는 위치에 있는 value(값 상태 현상 전부다)를 변경하면 무언가가 보인다. /
현상,SeungeFlow/SeungeFlow,first_flow,1fa5f28ca7647da445a5b2ef130f3852845ccb68,README.md,118,structure-body protection surface,https://raw.githubusercontent.com/SeungeFlow/SeungeFlow/1fa5f28ca7647da445a5b2ef130f3852845ccb68/README.md,Ca. 수평과 수직의 양 끝단에 있는 위치에 있는 value(값 상태 현상 전부다)를 변경하면 무언가가 보인다. /
전부다,SeungeFlow/SeungeFlow,first_flow,1fa5f28ca7647da445a5b2ef130f3852845ccb68,README.md,118,structure-body protection surface,https://raw.githubusercontent.com/SeungeFlow/SeungeFlow/1fa5f28ca7647da445a5b2ef130f3852845ccb68/README.md,Ca. 수평과 수직의 양 끝단에 있는 위치에 있는 value(값 상태 현상 전부다)를 변경하면 무언가가 보인다. /
를,SeungeFlow/SeungeFlow,first_flow,1fa5f28ca7647da445a5b2ef130f3852845ccb68,README.md,118,structure-body protection surface,https://raw.githubusercontent.com/SeungeFlow/SeungeFlow/1fa5f28ca7647da445a5b2ef130f3852845ccb68/README.md,Ca. 수평과 수직의 양 끝단에 있는 위치에 있는 value(값 상태 현상 전부다)를 변경하면 무언가가 보인다. /
변경하면,SeungeFlow/SeungeFlow,first_flow,1fa5f28ca7647da445a5b2ef130f3852845ccb68,README.md,118,structure-body protection surface,https://raw.githubusercontent.com/SeungeFlow/SeungeFlow/1fa5f28ca7647da445a5b2ef130f3852845ccb68/README.md,Ca. 수평과 수직의 양 끝단에 있는 위치에 있는 value(값 상태 현상 전부다)를 변경하면 무언가가 보인다. /
무언가가,SeungeFlow/SeungeFlow,first_flow,1fa5f28ca7647da445a5b2ef130f3852845ccb68,README.md,118,structure-body protection surface,https://raw.githubusercontent.com/SeungeFlow/SeungeFlow/1fa5f28ca7647da445a5b2ef130f3852845ccb68/README.md,Ca. 수평과 수직의 양 끝단에 있는 위치에 있는 value(값 상태 현상 전부다)를 변경하면 무언가가 보인다. /
보인다,SeungeFlow/SeungeFlow,first_flow,1fa5f28ca7647da445a5b2ef130f3852845ccb68,README.md,118,structure-body protection surface,https://raw.githubusercontent.com/SeungeFlow/SeungeFlow/1fa5f28ca7647da445a5b2ef130f3852845ccb68/README.md,Ca. 수평과 수직의 양 끝단에 있는 위치에 있는 value(값 상태 현상 전부다)를 변경하면 무언가가 보인다. /
Cb.,SeungeFlow/SeungeFlow,first_flow,1fa5f28ca7647da445a5b2ef130f3852845ccb68,README.md,119,structure-body protection surface,https://raw.githubusercontent.com/SeungeFlow/SeungeFlow/1fa5f28ca7647da445a5b2ef130f3852845ccb68/README.md,Cb. 수평과 수직은 사실 기준점에 따라 다르게 보인다. /
수평과,SeungeFlow/SeungeFlow,first_flow,1fa5f28ca7647da445a5b2ef130f3852845ccb68,README.md,119,structure-body protection surface,https://raw.githubusercontent.com/SeungeFlow/SeungeFlow/1fa5f28ca7647da445a5b2ef130f3852845ccb68/README.md,Cb. 수평과 수직은 사실 기준점에 따라 다르게 보인다. /
수직은,SeungeFlow/SeungeFlow,first_flow,1fa5f28ca7647da445a5b2ef130f3852845ccb68,README.md,119,structure-body protection surface,https://raw.githubusercontent.com/SeungeFlow/SeungeFlow/1fa5f28ca7647da445a5b2ef130f3852845ccb68/README.md,Cb. 수평과 수직은 사실 기준점에 따라 다르게 보인다. /
사실,SeungeFlow/SeungeFlow,first_flow,1fa5f28ca7647da445a5b2ef130f3852845ccb68,README.md,119,structure-body protection surface,https://raw.githubusercontent.com/SeungeFlow/SeungeFlow/1fa5f28ca7647da445a5b2ef130f3852845ccb68/README.md,Cb. 수평과 수직은 사실 기준점에 따라 다르게 보인다. /
기준점에,SeungeFlow/SeungeFlow,first_flow,1fa5f28ca7647da445a5b2ef130f3852845ccb68,README.md,119,structure-body protection surface,https://raw.githubusercontent.com/SeungeFlow/SeungeFlow/1fa5f28ca7647da445a5b2ef130f3852845ccb68/README.md,Cb. 수평과 수직은 사실 기준점에 따라 다르게 보인다. /
따라,SeungeFlow/SeungeFlow,first_flow,1fa5f28ca7647da445a5b2ef130f3852845ccb68,README.md,119,structure-body protection surface,https://raw.githubusercontent.com/SeungeFlow/SeungeFlow/1fa5f28ca7647da445a5b2ef130f3852845ccb68/README.md,Cb. 수평과 수직은 사실 기준점에 따라 다르게 보인다. /
다르게,SeungeFlow/SeungeFlow,first_flow,1fa5f28ca7647da445a5b2ef130f3852845ccb68,README.md,119,structure-body protection surface,https://raw.githubusercontent.com/SeungeFlow/SeungeFlow/1fa5f28ca7647da445a5b2ef130f3852845ccb68/README.md,Cb. 수평과 수직은 사실 기준점에 따라 다르게 보인다. /
보인다,SeungeFlow/SeungeFlow,first_flow,1fa5f28ca7647da445a5b2ef130f3852845ccb68,README.md,119,structure-body protection surface,https://raw.githubusercontent.com/SeungeFlow/SeungeFlow/1fa5f28ca7647da445a5b2ef130f3852845ccb68/README.md,Cb. 수평과 수직은 사실 기준점에 따라 다르게 보인다. /
D.,SeungeFlow/SeungeFlow,first_flow,1fa5f28ca7647da445a5b2ef130f3852845ccb68,README.md,123,structure-body protection surface,https://raw.githubusercontent.com/SeungeFlow/SeungeFlow/1fa5f28ca7647da445a5b2ef130f3852845ccb68/README.md,D. 개념과 정의에서 머물지말고 다음으로 건너가라. /
개념과,SeungeFlow/SeungeFlow,first_flow,1fa5f28ca7647da445a5b2ef130f3852845ccb68,README.md,123,structure-body protection surface,https://raw.githubusercontent.com/SeungeFlow/SeungeFlow/1fa5f28ca7647da445a5b2ef130f3852845ccb68/README.md,D. 개념과 정의에서 머물지말고 다음으로 건너가라. /
정의에서,SeungeFlow/SeungeFlow,first_flow,1fa5f28ca7647da445a5b2ef130f3852845ccb68,README.md,123,structure-body protection surface,https://raw.githubusercontent.com/SeungeFlow/SeungeFlow/1fa5f28ca7647da445a5b2ef130f3852845ccb68/README.md,D. 개념과 정의에서 머물지말고 다음으로 건너가라. /
머물지말고,SeungeFlow/SeungeFlow,first_flow,1fa5f28ca7647da445a5b2ef130f3852845ccb68,README.md,123,structure-body protection surface,https://raw.githubusercontent.com/SeungeFlow/SeungeFlow/1fa5f28ca7647da445a5b2ef130f3852845ccb68/README.md,D. 개념과 정의에서 머물지말고 다음으로 건너가라. /
다음으로,SeungeFlow/SeungeFlow,first_flow,1fa5f28ca7647da445a5b2ef130f3852845ccb68,README.md,123,structure-body protection surface,https://raw.githubusercontent.com/SeungeFlow/SeungeFlow/1fa5f28ca7647da445a5b2ef130f3852845ccb68/README.md,D. 개념과 정의에서 머물지말고 다음으로 건너가라. /
건너가라,SeungeFlow/SeungeFlow,first_flow,1fa5f28ca7647da445a5b2ef130f3852845ccb68,README.md,123,structure-body protection surface,https://raw.githubusercontent.com/SeungeFlow/SeungeFlow/1fa5f28ca7647da445a5b2ef130f3852845ccb68/README.md,D. 개념과 정의에서 머물지말고 다음으로 건너가라. /
E.,SeungeFlow/SeungeFlow,first_flow,1fa5f28ca7647da445a5b2ef130f3852845ccb68,README.md,127,structure-body protection surface,https://raw.githubusercontent.com/SeungeFlow/SeungeFlow/1fa5f28ca7647da445a5b2ef130f3852845ccb68/README.md,E. 학습은 내부와 외부가 존재. /
학습은,SeungeFlow/SeungeFlow,first_flow,1fa5f28ca7647da445a5b2ef130f3852845ccb68,README.md,127,structure-body protection surface,https://raw.githubusercontent.com/SeungeFlow/SeungeFlow/1fa5f28ca7647da445a5b2ef130f3852845ccb68/README.md,E. 학습은 내부와 외부가 존재. /
내부와,SeungeFlow/SeungeFlow,first_flow,1fa5f28ca7647da445a5b2ef130f3852845ccb68,README.md,127,structure-body protection surface,https://raw.githubusercontent.com/SeungeFlow/SeungeFlow/1fa5f28ca7647da445a5b2ef130f3852845ccb68/README.md,E. 학습은 내부와 외부가 존재. /
외부가,SeungeFlow/SeungeFlow,first_flow,1fa5f28ca7647da445a5b2ef130f3852845ccb68,README.md,127,structure-body protection surface,https://raw.githubusercontent.com/SeungeFlow/SeungeFlow/1fa5f28ca7647da445a5b2ef130f3852845ccb68/README.md,E. 학습은 내부와 외부가 존재. /
존재,SeungeFlow/SeungeFlow,first_flow,1fa5f28ca7647da445a5b2ef130f3852845ccb68,README.md,127,structure-body protection surface,https://raw.githubusercontent.com/SeungeFlow/SeungeFlow/1fa5f28ca7647da445a5b2ef130f3852845ccb68/README.md,E. 학습은 내부와 외부가 존재. /
Ea.,SeungeFlow/SeungeFlow,first_flow,1fa5f28ca7647da445a5b2ef130f3852845ccb68,README.md,129,structure-body protection surface,https://raw.githubusercontent.com/SeungeFlow/SeungeFlow/1fa5f28ca7647da445a5b2ef130f3852845ccb68/README.md,Ea. 내부(개념정의 원리본질) /
내부,SeungeFlow/SeungeFlow,first_flow,1fa5f28ca7647da445a5b2ef130f3852845ccb68,README.md,129,structure-body protection surface,https://raw.githubusercontent.com/SeungeFlow/SeungeFlow/1fa5f28ca7647da445a5b2ef130f3852845ccb68/README.md,Ea. 내부(개념정의 원리본질) /
개념정의,SeungeFlow/SeungeFlow,first_flow,1fa5f28ca7647da445a5b2ef130f3852845ccb68,README.md,129,structure-body protection surface,https://raw.githubusercontent.com/SeungeFlow/SeungeFlow/1fa5f28ca7647da445a5b2ef130f3852845ccb68/README.md,Ea. 내부(개념정의 원리본질) /
원리본질,SeungeFlow/SeungeFlow,first_flow,1fa5f28ca7647da445a5b2ef130f3852845ccb68,README.md,129,structure-body protection surface,https://raw.githubusercontent.com/SeungeFlow/SeungeFlow/1fa5f28ca7647da445a5b2ef130f3852845ccb68/README.md,Ea. 내부(개념정의 원리본질) /
Eb.,SeungeFlow/SeungeFlow,first_flow,1fa5f28ca7647da445a5b2ef130f3852845ccb68,README.md,131,structure-body protection surface,https://raw.githubusercontent.com/SeungeFlow/SeungeFlow/1fa5f28ca7647da445a5b2ef130f3852845ccb68/README.md,Eb. 외부(상태현상 활용응용) /
외부,SeungeFlow/SeungeFlow,first_flow,1fa5f28ca7647da445a5b2ef130f3852845ccb68,README.md,131,structure-body protection surface,https://raw.githubusercontent.com/SeungeFlow/SeungeFlow/1fa5f28ca7647da445a5b2ef130f3852845ccb68/README.md,Eb. 외부(상태현상 활용응용) /
상태현상,SeungeFlow/SeungeFlow,first_flow,1fa5f28ca7647da445a5b2ef130f3852845ccb68,README.md,131,structure-body protection surface,https://raw.githubusercontent.com/SeungeFlow/SeungeFlow/1fa5f28ca7647da445a5b2ef130f3852845ccb68/README.md,Eb. 외부(상태현상 활용응용) /
활용응용,SeungeFlow/SeungeFlow,first_flow,1fa5f28ca7647da445a5b2ef130f3852845ccb68,README.md,131,structure-body protection surface,https://raw.githubusercontent.com/SeungeFlow/SeungeFlow/1fa5f28ca7647da445a5b2ef130f3852845ccb68/README.md,Eb. 외부(상태현상 활용응용) /
Ec.,SeungeFlow/SeungeFlow,first_flow,1fa5f28ca7647da445a5b2ef130f3852845ccb68,README.md,133,structure-body protection surface,https://raw.githubusercontent.com/SeungeFlow/SeungeFlow/1fa5f28ca7647da445a5b2ef130f3852845ccb68/README.md,Ec. 외부를 보면 내부로 넘어가라. /
외부를,SeungeFlow/SeungeFlow,first_flow,1fa5f28ca7647da445a5b2ef130f3852845ccb68,README.md,133,structure-body protection surface,https://raw.githubusercontent.com/SeungeFlow/SeungeFlow/1fa5f28ca7647da445a5b2ef130f3852845ccb68/README.md,Ec. 외부를 보면 내부로 넘어가라. /
보면,SeungeFlow/SeungeFlow,first_flow,1fa5f28ca7647da445a5b2ef130f3852845ccb68,README.md,133,structure-body protection surface,https://raw.githubusercontent.com/SeungeFlow/SeungeFlow/1fa5f28ca7647da445a5b2ef130f3852845ccb68/README.md,Ec. 외부를 보면 내부로 넘어가라. /
내부로,SeungeFlow/SeungeFlow,first_flow,1fa5f28ca7647da445a5b2ef130f3852845ccb68,README.md,133,structure-body protection surface,https://raw.githubusercontent.com/SeungeFlow/SeungeFlow/1fa5f28ca7647da445a5b2ef130f3852845ccb68/README.md,Ec. 외부를 보면 내부로 넘어가라. /
넘어가라,SeungeFlow/SeungeFlow,first_flow,1fa5f28ca7647da445a5b2ef130f3852845ccb68,README.md,133,structure-body protection surface,https://raw.githubusercontent.com/SeungeFlow/SeungeFlow/1fa5f28ca7647da445a5b2ef130f3852845ccb68/README.md,Ec. 외부를 보면 내부로 넘어가라. /
F.,SeungeFlow/SeungeFlow,first_flow,1fa5f28ca7647da445a5b2ef130f3852845ccb68,README.md,137,structure-body protection surface,https://raw.githubusercontent.com/SeungeFlow/SeungeFlow/1fa5f28ca7647da445a5b2ef130f3852845ccb68/README.md,F. 세상은 사실 모든 것이 다 one이다. /
세상은,SeungeFlow/SeungeFlow,first_flow,1fa5f28ca7647da445a5b2ef130f3852845ccb68,README.md,137,structure-body protection surface,https://raw.githubusercontent.com/SeungeFlow/SeungeFlow/1fa5f28ca7647da445a5b2ef130f3852845ccb68/README.md,F. 세상은 사실 모든 것이 다 one이다. /
사실,SeungeFlow/SeungeFlow,first_flow,1fa5f28ca7647da445a5b2ef130f3852845ccb68,README.md,137,structure-body protection surface,https://raw.githubusercontent.com/SeungeFlow/SeungeFlow/1fa5f28ca7647da445a5b2ef130f3852845ccb68/README.md,F. 세상은 사실 모든 것이 다 one이다. /
모든,SeungeFlow/SeungeFlow,first_flow,1fa5f28ca7647da445a5b2ef130f3852845ccb68,README.md,137,structure-body protection surface,https://raw.githubusercontent.com/SeungeFlow/SeungeFlow/1fa5f28ca7647da445a5b2ef130f3852845ccb68/README.md,F. 세상은 사실 모든 것이 다 one이다. /
것이,SeungeFlow/SeungeFlow,first_flow,1fa5f28ca7647da445a5b2ef130f3852845ccb68,README.md,137,structure-body protection surface,https://raw.githubusercontent.com/SeungeFlow/SeungeFlow/1fa5f28ca7647da445a5b2ef130f3852845ccb68/README.md,F. 세상은 사실 모든 것이 다 one이다. /
다,SeungeFlow/SeungeFlow,first_flow,1fa5f28ca7647da445a5b2ef130f3852845ccb68,README.md,137,structure-body protection surface,https://raw.githubusercontent.com/SeungeFlow/SeungeFlow/1fa5f28ca7647da445a5b2ef130f3852845ccb68/README.md,F. 세상은 사실 모든 것이 다 one이다. /
one,SeungeFlow/SeungeFlow,first_flow,1fa5f28ca7647da445a5b2ef130f3852845ccb68,README.md,137,structure-body protection surface,https://raw.githubusercontent.com/SeungeFlow/SeungeFlow/1fa5f28ca7647da445a5b2ef130f3852845ccb68/README.md,F. 세상은 사실 모든 것이 다 one이다. /
이다,SeungeFlow/SeungeFlow,first_flow,1fa5f28ca7647da445a5b2ef130f3852845ccb68,README.md,137,structure-body protection surface,https://raw.githubusercontent.com/SeungeFlow/SeungeFlow/1fa5f28ca7647da445a5b2ef130f3852845ccb68/README.md,F. 세상은 사실 모든 것이 다 one이다. /
11,SeungeFlow/SeungeFlow,first_flow,1fa5f28ca7647da445a5b2ef130f3852845ccb68,README.md,141,structure-body protection surface,https://raw.githubusercontent.com/SeungeFlow/SeungeFlow/1fa5f28ca7647da445a5b2ef130f3852845ccb68/README.md,11. 자연의 이치를 수학으로 표현 /
자연의,SeungeFlow/SeungeFlow,first_flow,1fa5f28ca7647da445a5b2ef130f3852845ccb68,README.md,141,structure-body protection surface,https://raw.githubusercontent.com/SeungeFlow/SeungeFlow/1fa5f28ca7647da445a5b2ef130f3852845ccb68/README.md,11. 자연의 이치를 수학으로 표현 /
이치를,SeungeFlow/SeungeFlow,first_flow,1fa5f28ca7647da445a5b2ef130f3852845ccb68,README.md,141,structure-body protection surface,https://raw.githubusercontent.com/SeungeFlow/SeungeFlow/1fa5f28ca7647da445a5b2ef130f3852845ccb68/README.md,11. 자연의 이치를 수학으로 표현 /
수학으로,SeungeFlow/SeungeFlow,first_flow,1fa5f28ca7647da445a5b2ef130f3852845ccb68,README.md,141,structure-body protection surface,https://raw.githubusercontent.com/SeungeFlow/SeungeFlow/1fa5f28ca7647da445a5b2ef130f3852845ccb68/README.md,11. 자연의 이치를 수학으로 표현 /
표현,SeungeFlow/SeungeFlow,first_flow,1fa5f28ca7647da445a5b2ef130f3852845ccb68,README.md,141,structure-body protection surface,https://raw.githubusercontent.com/SeungeFlow/SeungeFlow/1fa5f28ca7647da445a5b2ef130f3852845ccb68/README.md,11. 자연의 이치를 수학으로 표현 /
Z.,SeungeFlow/SeungeFlow,first_flow,1fa5f28ca7647da445a5b2ef130f3852845ccb68,README.md,142,structure-body protection surface,https://raw.githubusercontent.com/SeungeFlow/SeungeFlow/1fa5f28ca7647da445a5b2ef130f3852845ccb68/README.md,Z. 0 = air = 보지이지는 않지만 존재하는 것. 즉 원형이다. ///
0,SeungeFlow/SeungeFlow,first_flow,1fa5f28ca7647da445a5b2ef130f3852845ccb68,README.md,142,structure-body protection surface,https://raw.githubusercontent.com/SeungeFlow/SeungeFlow/1fa5f28ca7647da445a5b2ef130f3852845ccb68/README.md,Z. 0 = air = 보지이지는 않지만 존재하는 것. 즉 원형이다. ///
air,SeungeFlow/SeungeFlow,first_flow,1fa5f28ca7647da445a5b2ef130f3852845ccb68,README.md,142,structure-body protection surface,https://raw.githubusercontent.com/SeungeFlow/SeungeFlow/1fa5f28ca7647da445a5b2ef130f3852845ccb68/README.md,Z. 0 = air = 보지이지는 않지만 존재하는 것. 즉 원형이다. ///
보지이지는,SeungeFlow/SeungeFlow,first_flow,1fa5f28ca7647da445a5b2ef130f3852845ccb68,README.md,142,structure-body protection surface,https://raw.githubusercontent.com/SeungeFlow/SeungeFlow/1fa5f28ca7647da445a5b2ef130f3852845ccb68/README.md,Z. 0 = air = 보지이지는 않지만 존재하는 것. 즉 원형이다. ///
않지만,SeungeFlow/SeungeFlow,first_flow,1fa5f28ca7647da445a5b2ef130f3852845ccb68,README.md,142,structure-body protection surface,https://raw.githubusercontent.com/SeungeFlow/SeungeFlow/1fa5f28ca7647da445a5b2ef130f3852845ccb68/README.md,Z. 0 = air = 보지이지는 않지만 존재하는 것. 즉 원형이다. ///
존재하는,SeungeFlow/SeungeFlow,first_flow,1fa5f28ca7647da445a5b2ef130f3852845ccb68,README.md,142,structure-body protection surface,https://raw.githubusercontent.com/SeungeFlow/SeungeFlow/1fa5f28ca7647da445a5b2ef130f3852845ccb68/README.md,Z. 0 = air = 보지이지는 않지만 존재하는 것. 즉 원형이다. ///
것,SeungeFlow/SeungeFlow,first_flow,1fa5f28ca7647da445a5b2ef130f3852845ccb68,README.md,142,structure-body protection surface,https://raw.githubusercontent.com/SeungeFlow/SeungeFlow/1fa5f28ca7647da445a5b2ef130f3852845ccb68/README.md,Z. 0 = air = 보지이지는 않지만 존재하는 것. 즉 원형이다. ///
즉,SeungeFlow/SeungeFlow,first_flow,1fa5f28ca7647da445a5b2ef130f3852845ccb68,README.md,142,structure-body protection surface,https://raw.githubusercontent.com/SeungeFlow/SeungeFlow/1fa5f28ca7647da445a5b2ef130f3852845ccb68/README.md,Z. 0 = air = 보지이지는 않지만 존재하는 것. 즉 원형이다. ///
원형이다,SeungeFlow/SeungeFlow,first_flow,1fa5f28ca7647da445a5b2ef130f3852845ccb68,README.md,142,structure-body protection surface,https://raw.githubusercontent.com/SeungeFlow/SeungeFlow/1fa5f28ca7647da445a5b2ef130f3852845ccb68/README.md,Z. 0 = air = 보지이지는 않지만 존재하는 것. 즉 원형이다. ///
A.,SeungeFlow/SeungeFlow,first_flow,1fa5f28ca7647da445a5b2ef130f3852845ccb68,README.md,143,structure-body protection surface,https://raw.githubusercontent.com/SeungeFlow/SeungeFlow/1fa5f28ca7647da445a5b2ef130f3852845ccb68/README.md,A. 7 + 3 = 10 /
7,SeungeFlow/SeungeFlow,first_flow,1fa5f28ca7647da445a5b2ef130f3852845ccb68,README.md,143,structure-body protection surface,https://raw.githubusercontent.com/SeungeFlow/SeungeFlow/1fa5f28ca7647da445a5b2ef130f3852845ccb68/README.md,A. 7 + 3 = 10 /
3,SeungeFlow/SeungeFlow,first_flow,1fa5f28ca7647da445a5b2ef130f3852845ccb68,README.md,143,structure-body protection surface,https://raw.githubusercontent.com/SeungeFlow/SeungeFlow/1fa5f28ca7647da445a5b2ef130f3852845ccb68/README.md,A. 7 + 3 = 10 /
10,SeungeFlow/SeungeFlow,first_flow,1fa5f28ca7647da445a5b2ef130f3852845ccb68,README.md,143,structure-body protection surface,https://raw.githubusercontent.com/SeungeFlow/SeungeFlow/1fa5f28ca7647da445a5b2ef130f3852845ccb68/README.md,A. 7 + 3 = 10 /
Aa.,SeungeFlow/SeungeFlow,first_flow,1fa5f28ca7647da445a5b2ef130f3852845ccb68,README.md,144,structure-body protection surface,https://raw.githubusercontent.com/SeungeFlow/SeungeFlow/1fa5f28ca7647da445a5b2ef130f3852845ccb68/README.md,Aa. 7 = 2 + 5 /
7,SeungeFlow/SeungeFlow,first_flow,1fa5f28ca7647da445a5b2ef130f3852845ccb68,README.md,144,structure-body protection surface,https://raw.githubusercontent.com/SeungeFlow/SeungeFlow/1fa5f28ca7647da445a5b2ef130f3852845ccb68/README.md,Aa. 7 = 2 + 5 /
2,SeungeFlow/SeungeFlow,first_flow,1fa5f28ca7647da445a5b2ef130f3852845ccb68,README.md,144,structure-body protection surface,https://raw.githubusercontent.com/SeungeFlow/SeungeFlow/1fa5f28ca7647da445a5b2ef130f3852845ccb68/README.md,Aa. 7 = 2 + 5 /
5,SeungeFlow/SeungeFlow,first_flow,1fa5f28ca7647da445a5b2ef130f3852845ccb68,README.md,144,structure-body protection surface,https://raw.githubusercontent.com/SeungeFlow/SeungeFlow/1fa5f28ca7647da445a5b2ef130f3852845ccb68/README.md,Aa. 7 = 2 + 5 /
Ab.,SeungeFlow/SeungeFlow,first_flow,1fa5f28ca7647da445a5b2ef130f3852845ccb68,README.md,145,structure-body protection surface,https://raw.githubusercontent.com/SeungeFlow/SeungeFlow/1fa5f28ca7647da445a5b2ef130f3852845ccb68/README.md,Ab. 3 = sun (~moon~) earth /
3,SeungeFlow/SeungeFlow,first_flow,1fa5f28ca7647da445a5b2ef130f3852845ccb68,README.md,145,structure-body protection surface,https://raw.githubusercontent.com/SeungeFlow/SeungeFlow/1fa5f28ca7647da445a5b2ef130f3852845ccb68/README.md,Ab. 3 = sun (~moon~) earth /
sun,SeungeFlow/SeungeFlow,first_flow,1fa5f28ca7647da445a5b2ef130f3852845ccb68,README.md,145,structure-body protection surface,https://raw.githubusercontent.com/SeungeFlow/SeungeFlow/1fa5f28ca7647da445a5b2ef130f3852845ccb68/README.md,Ab. 3 = sun (~moon~) earth /
moon,SeungeFlow/SeungeFlow,first_flow,1fa5f28ca7647da445a5b2ef130f3852845ccb68,README.md,145,structure-body protection surface,https://raw.githubusercontent.com/SeungeFlow/SeungeFlow/1fa5f28ca7647da445a5b2ef130f3852845ccb68/README.md,Ab. 3 = sun (~moon~) earth /
earth,SeungeFlow/SeungeFlow,first_flow,1fa5f28ca7647da445a5b2ef130f3852845ccb68,README.md,145,structure-body protection surface,https://raw.githubusercontent.com/SeungeFlow/SeungeFlow/1fa5f28ca7647da445a5b2ef130f3852845ccb68/README.md,Ab. 3 = sun (~moon~) earth /
Aba.,SeungeFlow/SeungeFlow,first_flow,1fa5f28ca7647da445a5b2ef130f3852845ccb68,README.md,146,structure-body protection surface,https://raw.githubusercontent.com/SeungeFlow/SeungeFlow/1fa5f28ca7647da445a5b2ef130f3852845ccb68/README.md,☆Aba. = 빛 공기 중력 /
빛,SeungeFlow/SeungeFlow,first_flow,1fa5f28ca7647da445a5b2ef130f3852845ccb68,README.md,146,structure-body protection surface,https://raw.githubusercontent.com/SeungeFlow/SeungeFlow/1fa5f28ca7647da445a5b2ef130f3852845ccb68/README.md,☆Aba. = 빛 공기 중력 /
공기,SeungeFlow/SeungeFlow,first_flow,1fa5f28ca7647da445a5b2ef130f3852845ccb68,README.md,146,structure-body protection surface,https://raw.githubusercontent.com/SeungeFlow/SeungeFlow/1fa5f28ca7647da445a5b2ef130f3852845ccb68/README.md,☆Aba. = 빛 공기 중력 /
중력,SeungeFlow/SeungeFlow,first_flow,1fa5f28ca7647da445a5b2ef130f3852845ccb68,README.md,146,structure-body protection surface,https://raw.githubusercontent.com/SeungeFlow/SeungeFlow/1fa5f28ca7647da445a5b2ef130f3852845ccb68/README.md,☆Aba. = 빛 공기 중력 /
Ac.,SeungeFlow/SeungeFlow,first_flow,1fa5f28ca7647da445a5b2ef130f3852845ccb68,README.md,147,structure-body protection surface,https://raw.githubusercontent.com/SeungeFlow/SeungeFlow/1fa5f28ca7647da445a5b2ef130f3852845ccb68/README.md,Ac. 10 = 나를 기준으로 한 완전체 /
10,SeungeFlow/SeungeFlow,first_flow,1fa5f28ca7647da445a5b2ef130f3852845ccb68,README.md,147,structure-body protection surface,https://raw.githubusercontent.com/SeungeFlow/SeungeFlow/1fa5f28ca7647da445a5b2ef130f3852845ccb68/README.md,Ac. 10 = 나를 기준으로 한 완전체 /
나를,SeungeFlow/SeungeFlow,first_flow,1fa5f28ca7647da445a5b2ef130f3852845ccb68,README.md,147,structure-body protection surface,https://raw.githubusercontent.com/SeungeFlow/SeungeFlow/1fa5f28ca7647da445a5b2ef130f3852845ccb68/README.md,Ac. 10 = 나를 기준으로 한 완전체 /
기준으로,SeungeFlow/SeungeFlow,first_flow,1fa5f28ca7647da445a5b2ef130f3852845ccb68,README.md,147,structure-body protection surface,https://raw.githubusercontent.com/SeungeFlow/SeungeFlow/1fa5f28ca7647da445a5b2ef130f3852845ccb68/README.md,Ac. 10 = 나를 기준으로 한 완전체 /
한,SeungeFlow/SeungeFlow,first_flow,1fa5f28ca7647da445a5b2ef130f3852845ccb68,README.md,147,structure-body protection surface,https://raw.githubusercontent.com/SeungeFlow/SeungeFlow/1fa5f28ca7647da445a5b2ef130f3852845ccb68/README.md,Ac. 10 = 나를 기준으로 한 완전체 /
완전체,SeungeFlow/SeungeFlow,first_flow,1fa5f28ca7647da445a5b2ef130f3852845ccb68,README.md,147,structure-body protection surface,https://raw.githubusercontent.com/SeungeFlow/SeungeFlow/1fa5f28ca7647da445a5b2ef130f3852845ccb68/README.md,Ac. 10 = 나를 기준으로 한 완전체 /
Ad.,SeungeFlow/SeungeFlow,first_flow,1fa5f28ca7647da445a5b2ef130f3852845ccb68,README.md,148,structure-body protection surface,https://raw.githubusercontent.com/SeungeFlow/SeungeFlow/1fa5f28ca7647da445a5b2ef130f3852845ccb68/README.md,Ad. 2 = 에너지의 양방향 이동 현상 /
2,SeungeFlow/SeungeFlow,first_flow,1fa5f28ca7647da445a5b2ef130f3852845ccb68,README.md,148,structure-body protection surface,https://raw.githubusercontent.com/SeungeFlow/SeungeFlow/1fa5f28ca7647da445a5b2ef130f3852845ccb68/README.md,Ad. 2 = 에너지의 양방향 이동 현상 /
에너지의,SeungeFlow/SeungeFlow,first_flow,1fa5f28ca7647da445a5b2ef130f3852845ccb68,README.md,148,structure-body protection surface,https://raw.githubusercontent.com/SeungeFlow/SeungeFlow/1fa5f28ca7647da445a5b2ef130f3852845ccb68/README.md,Ad. 2 = 에너지의 양방향 이동 현상 /
양방향,SeungeFlow/SeungeFlow,first_flow,1fa5f28ca7647da445a5b2ef130f3852845ccb68,README.md,148,structure-body protection surface,https://raw.githubusercontent.com/SeungeFlow/SeungeFlow/1fa5f28ca7647da445a5b2ef130f3852845ccb68/README.md,Ad. 2 = 에너지의 양방향 이동 현상 /
이동,SeungeFlow/SeungeFlow,first_flow,1fa5f28ca7647da445a5b2ef130f3852845ccb68,README.md,148,structure-body protection surface,https://raw.githubusercontent.com/SeungeFlow/SeungeFlow/1fa5f28ca7647da445a5b2ef130f3852845ccb68/README.md,Ad. 2 = 에너지의 양방향 이동 현상 /
현상,SeungeFlow/SeungeFlow,first_flow,1fa5f28ca7647da445a5b2ef130f3852845ccb68,README.md,148,structure-body protection surface,https://raw.githubusercontent.com/SeungeFlow/SeungeFlow/1fa5f28ca7647da445a5b2ef130f3852845ccb68/README.md,Ad. 2 = 에너지의 양방향 이동 현상 /
Ada.,SeungeFlow/SeungeFlow,first_flow,1fa5f28ca7647da445a5b2ef130f3852845ccb68,README.md,149,structure-body protection surface,https://raw.githubusercontent.com/SeungeFlow/SeungeFlow/1fa5f28ca7647da445a5b2ef130f3852845ccb68/README.md,Ada. 확산or수렴 상승or하락 바깥쪽or안쪽 left or right ETC. /
확산,SeungeFlow/SeungeFlow,first_flow,1fa5f28ca7647da445a5b2ef130f3852845ccb68,README.md,149,structure-body protection surface,https://raw.githubusercontent.com/SeungeFlow/SeungeFlow/1fa5f28ca7647da445a5b2ef130f3852845ccb68/README.md,Ada. 확산or수렴 상승or하락 바깥쪽or안쪽 left or right ETC. /
수렴,SeungeFlow/SeungeFlow,first_flow,1fa5f28ca7647da445a5b2ef130f3852845ccb68,README.md,149,structure-body protection surface,https://raw.githubusercontent.com/SeungeFlow/SeungeFlow/1fa5f28ca7647da445a5b2ef130f3852845ccb68/README.md,Ada. 확산or수렴 상승or하락 바깥쪽or안쪽 left or right ETC. /
상승,SeungeFlow/SeungeFlow,first_flow,1fa5f28ca7647da445a5b2ef130f3852845ccb68,README.md,149,structure-body protection surface,https://raw.githubusercontent.com/SeungeFlow/SeungeFlow/1fa5f28ca7647da445a5b2ef130f3852845ccb68/README.md,Ada. 확산or수렴 상승or하락 바깥쪽or안쪽 left or right ETC. /
하락,SeungeFlow/SeungeFlow,first_flow,1fa5f28ca7647da445a5b2ef130f3852845ccb68,README.md,149,structure-body protection surface,https://raw.githubusercontent.com/SeungeFlow/SeungeFlow/1fa5f28ca7647da445a5b2ef130f3852845ccb68/README.md,Ada. 확산or수렴 상승or하락 바깥쪽or안쪽 left or right ETC. /
바깥쪽,SeungeFlow/SeungeFlow,first_flow,1fa5f28ca7647da445a5b2ef130f3852845ccb68,README.md,149,structure-body protection surface,https://raw.githubusercontent.com/SeungeFlow/SeungeFlow/1fa5f28ca7647da445a5b2ef130f3852845ccb68/README.md,Ada. 확산or수렴 상승or하락 바깥쪽or안쪽 left or right ETC. /
안쪽,SeungeFlow/SeungeFlow,first_flow,1fa5f28ca7647da445a5b2ef130f3852845ccb68,README.md,149,structure-body protection surface,https://raw.githubusercontent.com/SeungeFlow/SeungeFlow/1fa5f28ca7647da445a5b2ef130f3852845ccb68/README.md,Ada. 확산or수렴 상승or하락 바깥쪽or안쪽 left or right ETC. /
left,SeungeFlow/SeungeFlow,first_flow,1fa5f28ca7647da445a5b2ef130f3852845ccb68,README.md,149,structure-body protection surface,https://raw.githubusercontent.com/SeungeFlow/SeungeFlow/1fa5f28ca7647da445a5b2ef130f3852845ccb68/README.md,Ada. 확산or수렴 상승or하락 바깥쪽or안쪽 left or right ETC. /
right,SeungeFlow/SeungeFlow,first_flow,1fa5f28ca7647da445a5b2ef130f3852845ccb68,README.md,149,structure-body protection surface,https://raw.githubusercontent.com/SeungeFlow/SeungeFlow/1fa5f28ca7647da445a5b2ef130f3852845ccb68/README.md,Ada. 확산or수렴 상승or하락 바깥쪽or안쪽 left or right ETC. /
ETC.,SeungeFlow/SeungeFlow,first_flow,1fa5f28ca7647da445a5b2ef130f3852845ccb68,README.md,149,structure-body protection surface,https://raw.githubusercontent.com/SeungeFlow/SeungeFlow/1fa5f28ca7647da445a5b2ef130f3852845ccb68/README.md,Ada. 확산or수렴 상승or하락 바깥쪽or안쪽 left or right ETC. /
Ae.,SeungeFlow/SeungeFlow,first_flow,1fa5f28ca7647da445a5b2ef130f3852845ccb68,README.md,150,structure-body protection surface,https://raw.githubusercontent.com/SeungeFlow/SeungeFlow/1fa5f28ca7647da445a5b2ef130f3852845ccb68/README.md,Ae. 5 = 불 물 식물 금속 흙 /
5,SeungeFlow/SeungeFlow,first_flow,1fa5f28ca7647da445a5b2ef130f3852845ccb68,README.md,150,structure-body protection surface,https://raw.githubusercontent.com/SeungeFlow/SeungeFlow/1fa5f28ca7647da445a5b2ef130f3852845ccb68/README.md,Ae. 5 = 불 물 식물 금속 흙 /
불,SeungeFlow/SeungeFlow,first_flow,1fa5f28ca7647da445a5b2ef130f3852845ccb68,README.md,150,structure-body protection surface,https://raw.githubusercontent.com/SeungeFlow/SeungeFlow/1fa5f28ca7647da445a5b2ef130f3852845ccb68/README.md,Ae. 5 = 불 물 식물 금속 흙 /
물,SeungeFlow/SeungeFlow,first_flow,1fa5f28ca7647da445a5b2ef130f3852845ccb68,README.md,150,structure-body protection surface,https://raw.githubusercontent.com/SeungeFlow/SeungeFlow/1fa5f28ca7647da445a5b2ef130f3852845ccb68/README.md,Ae. 5 = 불 물 식물 금속 흙 /
식물,SeungeFlow/SeungeFlow,first_flow,1fa5f28ca7647da445a5b2ef130f3852845ccb68,README.md,150,structure-body protection surface,https://raw.githubusercontent.com/SeungeFlow/SeungeFlow/1fa5f28ca7647da445a5b2ef130f3852845ccb68/README.md,Ae. 5 = 불 물 식물 금속 흙 /
금속,SeungeFlow/SeungeFlow,first_flow,1fa5f28ca7647da445a5b2ef130f3852845ccb68,README.md,150,structure-body protection surface,https://raw.githubusercontent.com/SeungeFlow/SeungeFlow/1fa5f28ca7647da445a5b2ef130f3852845ccb68/README.md,Ae. 5 = 불 물 식물 금속 흙 /
흙,SeungeFlow/SeungeFlow,first_flow,1fa5f28ca7647da445a5b2ef130f3852845ccb68,README.md,150,structure-body protection surface,https://raw.githubusercontent.com/SeungeFlow/SeungeFlow/1fa5f28ca7647da445a5b2ef130f3852845ccb68/README.md,Ae. 5 = 불 물 식물 금속 흙 /
Aea.,SeungeFlow/SeungeFlow,first_flow,1fa5f28ca7647da445a5b2ef130f3852845ccb68,README.md,151,structure-body protection surface,https://raw.githubusercontent.com/SeungeFlow/SeungeFlow/1fa5f28ca7647da445a5b2ef130f3852845ccb68/README.md,Aea. 5는 the things of attribute of Ae.5(불 물 식물 금속 흙) /
5,SeungeFlow/SeungeFlow,first_flow,1fa5f28ca7647da445a5b2ef130f3852845ccb68,README.md,151,structure-body protection surface,https://raw.githubusercontent.com/SeungeFlow/SeungeFlow/1fa5f28ca7647da445a5b2ef130f3852845ccb68/README.md,Aea. 5는 the things of attribute of Ae.5(불 물 식물 금속 흙) /
는,SeungeFlow/SeungeFlow,first_flow,1fa5f28ca7647da445a5b2ef130f3852845ccb68,README.md,151,structure-body protection surface,https://raw.githubusercontent.com/SeungeFlow/SeungeFlow/1fa5f28ca7647da445a5b2ef130f3852845ccb68/README.md,Aea. 5는 the things of attribute of Ae.5(불 물 식물 금속 흙) /
things,SeungeFlow/SeungeFlow,first_flow,1fa5f28ca7647da445a5b2ef130f3852845ccb68,README.md,151,structure-body protection surface,https://raw.githubusercontent.com/SeungeFlow/SeungeFlow/1fa5f28ca7647da445a5b2ef130f3852845ccb68/README.md,Aea. 5는 the things of attribute of Ae.5(불 물 식물 금속 흙) /
attribute,SeungeFlow/SeungeFlow,first_flow,1fa5f28ca7647da445a5b2ef130f3852845ccb68,README.md,151,structure-body protection surface,https://raw.githubusercontent.com/SeungeFlow/SeungeFlow/1fa5f28ca7647da445a5b2ef130f3852845ccb68/README.md,Aea. 5는 the things of attribute of Ae.5(불 물 식물 금속 흙) /
Ae.5,SeungeFlow/SeungeFlow,first_flow,1fa5f28ca7647da445a5b2ef130f3852845ccb68,README.md,151,structure-body protection surface,https://raw.githubusercontent.com/SeungeFlow/SeungeFlow/1fa5f28ca7647da445a5b2ef130f3852845ccb68/README.md,Aea. 5는 the things of attribute of Ae.5(불 물 식물 금속 흙) /
불,SeungeFlow/SeungeFlow,first_flow,1fa5f28ca7647da445a5b2ef130f3852845ccb68,README.md,151,structure-body protection surface,https://raw.githubusercontent.com/SeungeFlow/SeungeFlow/1fa5f28ca7647da445a5b2ef130f3852845ccb68/README.md,Aea. 5는 the things of attribute of Ae.5(불 물 식물 금속 흙) /
물,SeungeFlow/SeungeFlow,first_flow,1fa5f28ca7647da445a5b2ef130f3852845ccb68,README.md,151,structure-body protection surface,https://raw.githubusercontent.com/SeungeFlow/SeungeFlow/1fa5f28ca7647da445a5b2ef130f3852845ccb68/README.md,Aea. 5는 the things of attribute of Ae.5(불 물 식물 금속 흙) /
식물,SeungeFlow/SeungeFlow,first_flow,1fa5f28ca7647da445a5b2ef130f3852845ccb68,README.md,151,structure-body protection surface,https://raw.githubusercontent.com/SeungeFlow/SeungeFlow/1fa5f28ca7647da445a5b2ef130f3852845ccb68/README.md,Aea. 5는 the things of attribute of Ae.5(불 물 식물 금속 흙) /
금속,SeungeFlow/SeungeFlow,first_flow,1fa5f28ca7647da445a5b2ef130f3852845ccb68,README.md,151,structure-body protection surface,https://raw.githubusercontent.com/SeungeFlow/SeungeFlow/1fa5f28ca7647da445a5b2ef130f3852845ccb68/README.md,Aea. 5는 the things of attribute of Ae.5(불 물 식물 금속 흙) /
흙,SeungeFlow/SeungeFlow,first_flow,1fa5f28ca7647da445a5b2ef130f3852845ccb68,README.md,151,structure-body protection surface,https://raw.githubusercontent.com/SeungeFlow/SeungeFlow/1fa5f28ca7647da445a5b2ef130f3852845ccb68/README.md,Aea. 5는 the things of attribute of Ae.5(불 물 식물 금속 흙) /
숫자간에는,SeungeFlow/SeungeFlow,first_flow,1fa5f28ca7647da445a5b2ef130f3852845ccb68,README.md,155,structure-body protection surface,https://raw.githubusercontent.com/SeungeFlow/SeungeFlow/1fa5f28ca7647da445a5b2ef130f3852845ccb68/README.md,☆ 숫자간에는 air 라는 매질이 존재한다. 내 기준. 지구 기준.  ///
air,SeungeFlow/SeungeFlow,first_flow,1fa5f28ca7647da445a5b2ef130f3852845ccb68,README.md,155,structure-body protection surface,https://raw.githubusercontent.com/SeungeFlow/SeungeFlow/1fa5f28ca7647da445a5b2ef130f3852845ccb68/README.md,☆ 숫자간에는 air 라는 매질이 존재한다. 내 기준. 지구 기준.  ///
라는,SeungeFlow/SeungeFlow,first_flow,1fa5f28ca7647da445a5b2ef130f3852845ccb68,README.md,155,structure-body protection surface,https://raw.githubusercontent.com/SeungeFlow/SeungeFlow/1fa5f28ca7647da445a5b2ef130f3852845ccb68/README.md,☆ 숫자간에는 air 라는 매질이 존재한다. 내 기준. 지구 기준.  ///
매질이,SeungeFlow/SeungeFlow,first_flow,1fa5f28ca7647da445a5b2ef130f3852845ccb68,README.md,155,structure-body protection surface,https://raw.githubusercontent.com/SeungeFlow/SeungeFlow/1fa5f28ca7647da445a5b2ef130f3852845ccb68/README.md,☆ 숫자간에는 air 라는 매질이 존재한다. 내 기준. 지구 기준.  ///
존재한다,SeungeFlow/SeungeFlow,first_flow,1fa5f28ca7647da445a5b2ef130f3852845ccb68,README.md,155,structure-body protection surface,https://raw.githubusercontent.com/SeungeFlow/SeungeFlow/1fa5f28ca7647da445a5b2ef130f3852845ccb68/README.md,☆ 숫자간에는 air 라는 매질이 존재한다. 내 기준. 지구 기준.  ///
내,SeungeFlow/SeungeFlow,first_flow,1fa5f28ca7647da445a5b2ef130f3852845ccb68,README.md,155,structure-body protection surface,https://raw.githubusercontent.com/SeungeFlow/SeungeFlow/1fa5f28ca7647da445a5b2ef130f3852845ccb68/README.md,☆ 숫자간에는 air 라는 매질이 존재한다. 내 기준. 지구 기준.  ///
기준,SeungeFlow/SeungeFlow,first_flow,1fa5f28ca7647da445a5b2ef130f3852845ccb68,README.md,155,structure-body protection surface,https://raw.githubusercontent.com/SeungeFlow/SeungeFlow/1fa5f28ca7647da445a5b2ef130f3852845ccb68/README.md,☆ 숫자간에는 air 라는 매질이 존재한다. 내 기준. 지구 기준.  ///
지구,SeungeFlow/SeungeFlow,first_flow,1fa5f28ca7647da445a5b2ef130f3852845ccb68,README.md,155,structure-body protection surface,https://raw.githubusercontent.com/SeungeFlow/SeungeFlow/1fa5f28ca7647da445a5b2ef130f3852845ccb68/README.md,☆ 숫자간에는 air 라는 매질이 존재한다. 내 기준. 지구 기준.  ///
기준,SeungeFlow/SeungeFlow,first_flow,1fa5f28ca7647da445a5b2ef130f3852845ccb68,README.md,155,structure-body protection surface,https://raw.githubusercontent.com/SeungeFlow/SeungeFlow/1fa5f28ca7647da445a5b2ef130f3852845ccb68/README.md,☆ 숫자간에는 air 라는 매질이 존재한다. 내 기준. 지구 기준.  ///
다음에,SeungeFlow/SeungeFlow,first_flow,1fa5f28ca7647da445a5b2ef130f3852845ccb68,README.md,157,structure-body protection surface,https://raw.githubusercontent.com/SeungeFlow/SeungeFlow/1fa5f28ca7647da445a5b2ef130f3852845ccb68/README.md,☆ 다음에 나오는 모든 개념은 A에서 분리되어 확장한다. ///
나오는,SeungeFlow/SeungeFlow,first_flow,1fa5f28ca7647da445a5b2ef130f3852845ccb68,README.md,157,structure-body protection surface,https://raw.githubusercontent.com/SeungeFlow/SeungeFlow/1fa5f28ca7647da445a5b2ef130f3852845ccb68/README.md,☆ 다음에 나오는 모든 개념은 A에서 분리되어 확장한다. ///
모든,SeungeFlow/SeungeFlow,first_flow,1fa5f28ca7647da445a5b2ef130f3852845ccb68,README.md,157,structure-body protection surface,https://raw.githubusercontent.com/SeungeFlow/SeungeFlow/1fa5f28ca7647da445a5b2ef130f3852845ccb68/README.md,☆ 다음에 나오는 모든 개념은 A에서 분리되어 확장한다. ///
개념은,SeungeFlow/SeungeFlow,first_flow,1fa5f28ca7647da445a5b2ef130f3852845ccb68,README.md,157,structure-body protection surface,https://raw.githubusercontent.com/SeungeFlow/SeungeFlow/1fa5f28ca7647da445a5b2ef130f3852845ccb68/README.md,☆ 다음에 나오는 모든 개념은 A에서 분리되어 확장한다. ///
에서,SeungeFlow/SeungeFlow,first_flow,1fa5f28ca7647da445a5b2ef130f3852845ccb68,README.md,157,structure-body protection surface,https://raw.githubusercontent.com/SeungeFlow/SeungeFlow/1fa5f28ca7647da445a5b2ef130f3852845ccb68/README.md,☆ 다음에 나오는 모든 개념은 A에서 분리되어 확장한다. ///
분리되어,SeungeFlow/SeungeFlow,first_flow,1fa5f28ca7647da445a5b2ef130f3852845ccb68,README.md,157,structure-body protection surface,https://raw.githubusercontent.com/SeungeFlow/SeungeFlow/1fa5f28ca7647da445a5b2ef130f3852845ccb68/README.md,☆ 다음에 나오는 모든 개념은 A에서 분리되어 확장한다. ///
확장한다,SeungeFlow/SeungeFlow,first_flow,1fa5f28ca7647da445a5b2ef130f3852845ccb68,README.md,157,structure-body protection surface,https://raw.githubusercontent.com/SeungeFlow/SeungeFlow/1fa5f28ca7647da445a5b2ef130f3852845ccb68/README.md,☆ 다음에 나오는 모든 개념은 A에서 분리되어 확장한다. ///
B.,SeungeFlow/SeungeFlow,first_flow,1fa5f28ca7647da445a5b2ef130f3852845ccb68,README.md,161,structure-body protection surface,https://raw.githubusercontent.com/SeungeFlow/SeungeFlow/1fa5f28ca7647da445a5b2ef130f3852845ccb68/README.md,B. 3 과 7 = 3 <> (4) <> 3 /
3,SeungeFlow/SeungeFlow,first_flow,1fa5f28ca7647da445a5b2ef130f3852845ccb68,README.md,161,structure-body protection surface,https://raw.githubusercontent.com/SeungeFlow/SeungeFlow/1fa5f28ca7647da445a5b2ef130f3852845ccb68/README.md,B. 3 과 7 = 3 <> (4) <> 3 /
과,SeungeFlow/SeungeFlow,first_flow,1fa5f28ca7647da445a5b2ef130f3852845ccb68,README.md,161,structure-body protection surface,https://raw.githubusercontent.com/SeungeFlow/SeungeFlow/1fa5f28ca7647da445a5b2ef130f3852845ccb68/README.md,B. 3 과 7 = 3 <> (4) <> 3 /
7,SeungeFlow/SeungeFlow,first_flow,1fa5f28ca7647da445a5b2ef130f3852845ccb68,README.md,161,structure-body protection surface,https://raw.githubusercontent.com/SeungeFlow/SeungeFlow/1fa5f28ca7647da445a5b2ef130f3852845ccb68/README.md,B. 3 과 7 = 3 <> (4) <> 3 /
3,SeungeFlow/SeungeFlow,first_flow,1fa5f28ca7647da445a5b2ef130f3852845ccb68,README.md,161,structure-body protection surface,https://raw.githubusercontent.com/SeungeFlow/SeungeFlow/1fa5f28ca7647da445a5b2ef130f3852845ccb68/README.md,B. 3 과 7 = 3 <> (4) <> 3 /
4,SeungeFlow/SeungeFlow,first_flow,1fa5f28ca7647da445a5b2ef130f3852845ccb68,README.md,161,structure-body protection surface,https://raw.githubusercontent.com/SeungeFlow/SeungeFlow/1fa5f28ca7647da445a5b2ef130f3852845ccb68/README.md,B. 3 과 7 = 3 <> (4) <> 3 /
3,SeungeFlow/SeungeFlow,first_flow,1fa5f28ca7647da445a5b2ef130f3852845ccb68,README.md,161,structure-body protection surface,https://raw.githubusercontent.com/SeungeFlow/SeungeFlow/1fa5f28ca7647da445a5b2ef130f3852845ccb68/README.md,B. 3 과 7 = 3 <> (4) <> 3 /
Ba.,SeungeFlow/SeungeFlow,first_flow,1fa5f28ca7647da445a5b2ef130f3852845ccb68,README.md,164,structure-body protection surface,https://raw.githubusercontent.com/SeungeFlow/SeungeFlow/1fa5f28ca7647da445a5b2ef130f3852845ccb68/README.md,Ba. 확장and수렴 즉 양방향이동 또는 상호작용. 중심이 기준점. 기준점(임계점 interface 경계면) /
확장,SeungeFlow/SeungeFlow,first_flow,1fa5f28ca7647da445a5b2ef130f3852845ccb68,README.md,164,structure-body protection surface,https://raw.githubusercontent.com/SeungeFlow/SeungeFlow/1fa5f28ca7647da445a5b2ef130f3852845ccb68/README.md,Ba. 확장and수렴 즉 양방향이동 또는 상호작용. 중심이 기준점. 기준점(임계점 interface 경계면) /
수렴,SeungeFlow/SeungeFlow,first_flow,1fa5f28ca7647da445a5b2ef130f3852845ccb68,README.md,164,structure-body protection surface,https://raw.githubusercontent.com/SeungeFlow/SeungeFlow/1fa5f28ca7647da445a5b2ef130f3852845ccb68/README.md,Ba. 확장and수렴 즉 양방향이동 또는 상호작용. 중심이 기준점. 기준점(임계점 interface 경계면) /
즉,SeungeFlow/SeungeFlow,first_flow,1fa5f28ca7647da445a5b2ef130f3852845ccb68,README.md,164,structure-body protection surface,https://raw.githubusercontent.com/SeungeFlow/SeungeFlow/1fa5f28ca7647da445a5b2ef130f3852845ccb68/README.md,Ba. 확장and수렴 즉 양방향이동 또는 상호작용. 중심이 기준점. 기준점(임계점 interface 경계면) /
양방향이동,SeungeFlow/SeungeFlow,first_flow,1fa5f28ca7647da445a5b2ef130f3852845ccb68,README.md,164,structure-body protection surface,https://raw.githubusercontent.com/SeungeFlow/SeungeFlow/1fa5f28ca7647da445a5b2ef130f3852845ccb68/README.md,Ba. 확장and수렴 즉 양방향이동 또는 상호작용. 중심이 기준점. 기준점(임계점 interface 경계면) /
또는,SeungeFlow/SeungeFlow,first_flow,1fa5f28ca7647da445a5b2ef130f3852845ccb68,README.md,164,structure-body protection surface,https://raw.githubusercontent.com/SeungeFlow/SeungeFlow/1fa5f28ca7647da445a5b2ef130f3852845ccb68/README.md,Ba. 확장and수렴 즉 양방향이동 또는 상호작용. 중심이 기준점. 기준점(임계점 interface 경계면) /
상호작용,SeungeFlow/SeungeFlow,first_flow,1fa5f28ca7647da445a5b2ef130f3852845ccb68,README.md,164,structure-body protection surface,https://raw.githubusercontent.com/SeungeFlow/SeungeFlow/1fa5f28ca7647da445a5b2ef130f3852845ccb68/README.md,Ba. 확장and수렴 즉 양방향이동 또는 상호작용. 중심이 기준점. 기준점(임계점 interface 경계면) /
중심이,SeungeFlow/SeungeFlow,first_flow,1fa5f28ca7647da445a5b2ef130f3852845ccb68,README.md,164,structure-body protection surface,https://raw.githubusercontent.com/SeungeFlow/SeungeFlow/1fa5f28ca7647da445a5b2ef130f3852845ccb68/README.md,Ba. 확장and수렴 즉 양방향이동 또는 상호작용. 중심이 기준점. 기준점(임계점 interface 경계면) /
기준점,SeungeFlow/SeungeFlow,first_flow,1fa5f28ca7647da445a5b2ef130f3852845ccb68,README.md,164,structure-body protection surface,https://raw.githubusercontent.com/SeungeFlow/SeungeFlow/1fa5f28ca7647da445a5b2ef130f3852845ccb68/README.md,Ba. 확장and수렴 즉 양방향이동 또는 상호작용. 중심이 기준점. 기준점(임계점 interface 경계면) /
기준점,SeungeFlow/SeungeFlow,first_flow,1fa5f28ca7647da445a5b2ef130f3852845ccb68,README.md,164,structure-body protection surface,https://raw.githubusercontent.com/SeungeFlow/SeungeFlow/1fa5f28ca7647da445a5b2ef130f3852845ccb68/README.md,Ba. 확장and수렴 즉 양방향이동 또는 상호작용. 중심이 기준점. 기준점(임계점 interface 경계면) /
임계점,SeungeFlow/SeungeFlow,first_flow,1fa5f28ca7647da445a5b2ef130f3852845ccb68,README.md,164,structure-body protection surface,https://raw.githubusercontent.com/SeungeFlow/SeungeFlow/1fa5f28ca7647da445a5b2ef130f3852845ccb68/README.md,Ba. 확장and수렴 즉 양방향이동 또는 상호작용. 중심이 기준점. 기준점(임계점 interface 경계면) /
interface,SeungeFlow/SeungeFlow,first_flow,1fa5f28ca7647da445a5b2ef130f3852845ccb68,README.md,164,structure-body protection surface,https://raw.githubusercontent.com/SeungeFlow/SeungeFlow/1fa5f28ca7647da445a5b2ef130f3852845ccb68/README.md,Ba. 확장and수렴 즉 양방향이동 또는 상호작용. 중심이 기준점. 기준점(임계점 interface 경계면) /
경계면,SeungeFlow/SeungeFlow,first_flow,1fa5f28ca7647da445a5b2ef130f3852845ccb68,README.md,164,structure-body protection surface,https://raw.githubusercontent.com/SeungeFlow/SeungeFlow/1fa5f28ca7647da445a5b2ef130f3852845ccb68/README.md,Ba. 확장and수렴 즉 양방향이동 또는 상호작용. 중심이 기준점. 기준점(임계점 interface 경계면) /
Bb.,SeungeFlow/SeungeFlow,first_flow,1fa5f28ca7647da445a5b2ef130f3852845ccb68,README.md,166,structure-body protection surface,https://raw.githubusercontent.com/SeungeFlow/SeungeFlow/1fa5f28ca7647da445a5b2ef130f3852845ccb68/README.md,Bb. 기준점에서 양쪽으로 이동 : 1<2<(2~2)>2>1  /
기준점에서,SeungeFlow/SeungeFlow,first_flow,1fa5f28ca7647da445a5b2ef130f3852845ccb68,README.md,166,structure-body protection surface,https://raw.githubusercontent.com/SeungeFlow/SeungeFlow/1fa5f28ca7647da445a5b2ef130f3852845ccb68/README.md,Bb. 기준점에서 양쪽으로 이동 : 1<2<(2~2)>2>1  /
양쪽으로,SeungeFlow/SeungeFlow,first_flow,1fa5f28ca7647da445a5b2ef130f3852845ccb68,README.md,166,structure-body protection surface,https://raw.githubusercontent.com/SeungeFlow/SeungeFlow/1fa5f28ca7647da445a5b2ef130f3852845ccb68/README.md,Bb. 기준점에서 양쪽으로 이동 : 1<2<(2~2)>2>1  /
이동,SeungeFlow/SeungeFlow,first_flow,1fa5f28ca7647da445a5b2ef130f3852845ccb68,README.md,166,structure-body protection surface,https://raw.githubusercontent.com/SeungeFlow/SeungeFlow/1fa5f28ca7647da445a5b2ef130f3852845ccb68/README.md,Bb. 기준점에서 양쪽으로 이동 : 1<2<(2~2)>2>1  /
1,SeungeFlow/SeungeFlow,first_flow,1fa5f28ca7647da445a5b2ef130f3852845ccb68,README.md,166,structure-body protection surface,https://raw.githubusercontent.com/SeungeFlow/SeungeFlow/1fa5f28ca7647da445a5b2ef130f3852845ccb68/README.md,Bb. 기준점에서 양쪽으로 이동 : 1<2<(2~2)>2>1  /
2,SeungeFlow/SeungeFlow,first_flow,1fa5f28ca7647da445a5b2ef130f3852845ccb68,README.md,166,structure-body protection surface,https://raw.githubusercontent.com/SeungeFlow/SeungeFlow/1fa5f28ca7647da445a5b2ef130f3852845ccb68/README.md,Bb. 기준점에서 양쪽으로 이동 : 1<2<(2~2)>2>1  /
2,SeungeFlow/SeungeFlow,first_flow,1fa5f28ca7647da445a5b2ef130f3852845ccb68,README.md,166,structure-body protection surface,https://raw.githubusercontent.com/SeungeFlow/SeungeFlow/1fa5f28ca7647da445a5b2ef130f3852845ccb68/README.md,Bb. 기준점에서 양쪽으로 이동 : 1<2<(2~2)>2>1  /
2,SeungeFlow/SeungeFlow,first_flow,1fa5f28ca7647da445a5b2ef130f3852845ccb68,README.md,166,structure-body protection surface,https://raw.githubusercontent.com/SeungeFlow/SeungeFlow/1fa5f28ca7647da445a5b2ef130f3852845ccb68/README.md,Bb. 기준점에서 양쪽으로 이동 : 1<2<(2~2)>2>1  /
2,SeungeFlow/SeungeFlow,first_flow,1fa5f28ca7647da445a5b2ef130f3852845ccb68,README.md,166,structure-body protection surface,https://raw.githubusercontent.com/SeungeFlow/SeungeFlow/1fa5f28ca7647da445a5b2ef130f3852845ccb68/README.md,Bb. 기준점에서 양쪽으로 이동 : 1<2<(2~2)>2>1  /
1,SeungeFlow/SeungeFlow,first_flow,1fa5f28ca7647da445a5b2ef130f3852845ccb68,README.md,166,structure-body protection surface,https://raw.githubusercontent.com/SeungeFlow/SeungeFlow/1fa5f28ca7647da445a5b2ef130f3852845ccb68/README.md,Bb. 기준점에서 양쪽으로 이동 : 1<2<(2~2)>2>1  /
Bc.,SeungeFlow/SeungeFlow,first_flow,1fa5f28ca7647da445a5b2ef130f3852845ccb68,README.md,168,structure-body protection surface,https://raw.githubusercontent.com/SeungeFlow/SeungeFlow/1fa5f28ca7647da445a5b2ef130f3852845ccb68/README.md,Bc. 양쪽에서 기준점으로 이동 : 2>1>(2~2)<1<2 /
양쪽에서,SeungeFlow/SeungeFlow,first_flow,1fa5f28ca7647da445a5b2ef130f3852845ccb68,README.md,168,structure-body protection surface,https://raw.githubusercontent.com/SeungeFlow/SeungeFlow/1fa5f28ca7647da445a5b2ef130f3852845ccb68/README.md,Bc. 양쪽에서 기준점으로 이동 : 2>1>(2~2)<1<2 /
기준점으로,SeungeFlow/SeungeFlow,first_flow,1fa5f28ca7647da445a5b2ef130f3852845ccb68,README.md,168,structure-body protection surface,https://raw.githubusercontent.com/SeungeFlow/SeungeFlow/1fa5f28ca7647da445a5b2ef130f3852845ccb68/README.md,Bc. 양쪽에서 기준점으로 이동 : 2>1>(2~2)<1<2 /
이동,SeungeFlow/SeungeFlow,first_flow,1fa5f28ca7647da445a5b2ef130f3852845ccb68,README.md,168,structure-body protection surface,https://raw.githubusercontent.com/SeungeFlow/SeungeFlow/1fa5f28ca7647da445a5b2ef130f3852845ccb68/README.md,Bc. 양쪽에서 기준점으로 이동 : 2>1>(2~2)<1<2 /
2,SeungeFlow/SeungeFlow,first_flow,1fa5f28ca7647da445a5b2ef130f3852845ccb68,README.md,168,structure-body protection surface,https://raw.githubusercontent.com/SeungeFlow/SeungeFlow/1fa5f28ca7647da445a5b2ef130f3852845ccb68/README.md,Bc. 양쪽에서 기준점으로 이동 : 2>1>(2~2)<1<2 /
1,SeungeFlow/SeungeFlow,first_flow,1fa5f28ca7647da445a5b2ef130f3852845ccb68,README.md,168,structure-body protection surface,https://raw.githubusercontent.com/SeungeFlow/SeungeFlow/1fa5f28ca7647da445a5b2ef130f3852845ccb68/README.md,Bc. 양쪽에서 기준점으로 이동 : 2>1>(2~2)<1<2 /
2,SeungeFlow/SeungeFlow,first_flow,1fa5f28ca7647da445a5b2ef130f3852845ccb68,README.md,168,structure-body protection surface,https://raw.githubusercontent.com/SeungeFlow/SeungeFlow/1fa5f28ca7647da445a5b2ef130f3852845ccb68/README.md,Bc. 양쪽에서 기준점으로 이동 : 2>1>(2~2)<1<2 /
2,SeungeFlow/SeungeFlow,first_flow,1fa5f28ca7647da445a5b2ef130f3852845ccb68,README.md,168,structure-body protection surface,https://raw.githubusercontent.com/SeungeFlow/SeungeFlow/1fa5f28ca7647da445a5b2ef130f3852845ccb68/README.md,Bc. 양쪽에서 기준점으로 이동 : 2>1>(2~2)<1<2 /
1,SeungeFlow/SeungeFlow,first_flow,1fa5f28ca7647da445a5b2ef130f3852845ccb68,README.md,168,structure-body protection surface,https://raw.githubusercontent.com/SeungeFlow/SeungeFlow/1fa5f28ca7647da445a5b2ef130f3852845ccb68/README.md,Bc. 양쪽에서 기준점으로 이동 : 2>1>(2~2)<1<2 /
2,SeungeFlow/SeungeFlow,first_flow,1fa5f28ca7647da445a5b2ef130f3852845ccb68,README.md,168,structure-body protection surface,https://raw.githubusercontent.com/SeungeFlow/SeungeFlow/1fa5f28ca7647da445a5b2ef130f3852845ccb68/README.md,Bc. 양쪽에서 기준점으로 이동 : 2>1>(2~2)<1<2 /
Bd.,SeungeFlow/SeungeFlow,first_flow,1fa5f28ca7647da445a5b2ef130f3852845ccb68,README.md,170,structure-body protection surface,https://raw.githubusercontent.com/SeungeFlow/SeungeFlow/1fa5f28ca7647da445a5b2ef130f3852845ccb68/README.md,Bd. 1~1~1<>(1.1~1.1)<>1~1~1 : 내부작동원리 /
1,SeungeFlow/SeungeFlow,first_flow,1fa5f28ca7647da445a5b2ef130f3852845ccb68,README.md,170,structure-body protection surface,https://raw.githubusercontent.com/SeungeFlow/SeungeFlow/1fa5f28ca7647da445a5b2ef130f3852845ccb68/README.md,Bd. 1~1~1<>(1.1~1.1)<>1~1~1 : 내부작동원리 /
1,SeungeFlow/SeungeFlow,first_flow,1fa5f28ca7647da445a5b2ef130f3852845ccb68,README.md,170,structure-body protection surface,https://raw.githubusercontent.com/SeungeFlow/SeungeFlow/1fa5f28ca7647da445a5b2ef130f3852845ccb68/README.md,Bd. 1~1~1<>(1.1~1.1)<>1~1~1 : 내부작동원리 /
1,SeungeFlow/SeungeFlow,first_flow,1fa5f28ca7647da445a5b2ef130f3852845ccb68,README.md,170,structure-body protection surface,https://raw.githubusercontent.com/SeungeFlow/SeungeFlow/1fa5f28ca7647da445a5b2ef130f3852845ccb68/README.md,Bd. 1~1~1<>(1.1~1.1)<>1~1~1 : 내부작동원리 /
1,SeungeFlow/SeungeFlow,first_flow,1fa5f28ca7647da445a5b2ef130f3852845ccb68,README.md,170,structure-body protection surface,https://raw.githubusercontent.com/SeungeFlow/SeungeFlow/1fa5f28ca7647da445a5b2ef130f3852845ccb68/README.md,Bd. 1~1~1<>(1.1~1.1)<>1~1~1 : 내부작동원리 /
1,SeungeFlow/SeungeFlow,first_flow,1fa5f28ca7647da445a5b2ef130f3852845ccb68,README.md,170,structure-body protection surface,https://raw.githubusercontent.com/SeungeFlow/SeungeFlow/1fa5f28ca7647da445a5b2ef130f3852845ccb68/README.md,Bd. 1~1~1<>(1.1~1.1)<>1~1~1 : 내부작동원리 /
1,SeungeFlow/SeungeFlow,first_flow,1fa5f28ca7647da445a5b2ef130f3852845ccb68,README.md,170,structure-body protection surface,https://raw.githubusercontent.com/SeungeFlow/SeungeFlow/1fa5f28ca7647da445a5b2ef130f3852845ccb68/README.md,Bd. 1~1~1<>(1.1~1.1)<>1~1~1 : 내부작동원리 /
1,SeungeFlow/SeungeFlow,first_flow,1fa5f28ca7647da445a5b2ef130f3852845ccb68,README.md,170,structure-body protection surface,https://raw.githubusercontent.com/SeungeFlow/SeungeFlow/1fa5f28ca7647da445a5b2ef130f3852845ccb68/README.md,Bd. 1~1~1<>(1.1~1.1)<>1~1~1 : 내부작동원리 /
1,SeungeFlow/SeungeFlow,first_flow,1fa5f28ca7647da445a5b2ef130f3852845ccb68,README.md,170,structure-body protection surface,https://raw.githubusercontent.com/SeungeFlow/SeungeFlow/1fa5f28ca7647da445a5b2ef130f3852845ccb68/README.md,Bd. 1~1~1<>(1.1~1.1)<>1~1~1 : 내부작동원리 /
1,SeungeFlow/SeungeFlow,first_flow,1fa5f28ca7647da445a5b2ef130f3852845ccb68,README.md,170,structure-body protection surface,https://raw.githubusercontent.com/SeungeFlow/SeungeFlow/1fa5f28ca7647da445a5b2ef130f3852845ccb68/README.md,Bd. 1~1~1<>(1.1~1.1)<>1~1~1 : 내부작동원리 /
1,SeungeFlow/SeungeFlow,first_flow,1fa5f28ca7647da445a5b2ef130f3852845ccb68,README.md,170,structure-body protection surface,https://raw.githubusercontent.com/SeungeFlow/SeungeFlow/1fa5f28ca7647da445a5b2ef130f3852845ccb68/README.md,Bd. 1~1~1<>(1.1~1.1)<>1~1~1 : 내부작동원리 /
내부작동원리,SeungeFlow/SeungeFlow,first_flow,1fa5f28ca7647da445a5b2ef130f3852845ccb68,README.md,170,structure-body protection surface,https://raw.githubusercontent.com/SeungeFlow/SeungeFlow/1fa5f28ca7647da445a5b2ef130f3852845ccb68/README.md,Bd. 1~1~1<>(1.1~1.1)<>1~1~1 : 내부작동원리 /
Bda.,SeungeFlow/SeungeFlow,first_flow,1fa5f28ca7647da445a5b2ef130f3852845ccb68,README.md,172,structure-body protection surface,https://raw.githubusercontent.com/SeungeFlow/SeungeFlow/1fa5f28ca7647da445a5b2ef130f3852845ccb68/README.md,Bda. 6CO2 + 6H2O = 6C.(6H~6H).6O ~ 6O2 : 광합성의 포도당생성과 산소발생 /
6,SeungeFlow/SeungeFlow,first_flow,1fa5f28ca7647da445a5b2ef130f3852845ccb68,README.md,172,structure-body protection surface,https://raw.githubusercontent.com/SeungeFlow/SeungeFlow/1fa5f28ca7647da445a5b2ef130f3852845ccb68/README.md,Bda. 6CO2 + 6H2O = 6C.(6H~6H).6O ~ 6O2 : 광합성의 포도당생성과 산소발생 /
CO2,SeungeFlow/SeungeFlow,first_flow,1fa5f28ca7647da445a5b2ef130f3852845ccb68,README.md,172,structure-body protection surface,https://raw.githubusercontent.com/SeungeFlow/SeungeFlow/1fa5f28ca7647da445a5b2ef130f3852845ccb68/README.md,Bda. 6CO2 + 6H2O = 6C.(6H~6H).6O ~ 6O2 : 광합성의 포도당생성과 산소발생 /
6,SeungeFlow/SeungeFlow,first_flow,1fa5f28ca7647da445a5b2ef130f3852845ccb68,README.md,172,structure-body protection surface,https://raw.githubusercontent.com/SeungeFlow/SeungeFlow/1fa5f28ca7647da445a5b2ef130f3852845ccb68/README.md,Bda. 6CO2 + 6H2O = 6C.(6H~6H).6O ~ 6O2 : 광합성의 포도당생성과 산소발생 /
H2O,SeungeFlow/SeungeFlow,first_flow,1fa5f28ca7647da445a5b2ef130f3852845ccb68,README.md,172,structure-body protection surface,https://raw.githubusercontent.com/SeungeFlow/SeungeFlow/1fa5f28ca7647da445a5b2ef130f3852845ccb68/README.md,Bda. 6CO2 + 6H2O = 6C.(6H~6H).6O ~ 6O2 : 광합성의 포도당생성과 산소발생 /
6,SeungeFlow/SeungeFlow,first_flow,1fa5f28ca7647da445a5b2ef130f3852845ccb68,README.md,172,structure-body protection surface,https://raw.githubusercontent.com/SeungeFlow/SeungeFlow/1fa5f28ca7647da445a5b2ef130f3852845ccb68/README.md,Bda. 6CO2 + 6H2O = 6C.(6H~6H).6O ~ 6O2 : 광합성의 포도당생성과 산소발생 /
C.,SeungeFlow/SeungeFlow,first_flow,1fa5f28ca7647da445a5b2ef130f3852845ccb68,README.md,172,structure-body protection surface,https://raw.githubusercontent.com/SeungeFlow/SeungeFlow/1fa5f28ca7647da445a5b2ef130f3852845ccb68/README.md,Bda. 6CO2 + 6H2O = 6C.(6H~6H).6O ~ 6O2 : 광합성의 포도당생성과 산소발생 /
6,SeungeFlow/SeungeFlow,first_flow,1fa5f28ca7647da445a5b2ef130f3852845ccb68,README.md,172,structure-body protection surface,https://raw.githubusercontent.com/SeungeFlow/SeungeFlow/1fa5f28ca7647da445a5b2ef130f3852845ccb68/README.md,Bda. 6CO2 + 6H2O = 6C.(6H~6H).6O ~ 6O2 : 광합성의 포도당생성과 산소발생 /
6,SeungeFlow/SeungeFlow,first_flow,1fa5f28ca7647da445a5b2ef130f3852845ccb68,README.md,172,structure-body protection surface,https://raw.githubusercontent.com/SeungeFlow/SeungeFlow/1fa5f28ca7647da445a5b2ef130f3852845ccb68/README.md,Bda. 6CO2 + 6H2O = 6C.(6H~6H).6O ~ 6O2 : 광합성의 포도당생성과 산소발생 /
6,SeungeFlow/SeungeFlow,first_flow,1fa5f28ca7647da445a5b2ef130f3852845ccb68,README.md,172,structure-body protection surface,https://raw.githubusercontent.com/SeungeFlow/SeungeFlow/1fa5f28ca7647da445a5b2ef130f3852845ccb68/README.md,Bda. 6CO2 + 6H2O = 6C.(6H~6H).6O ~ 6O2 : 광합성의 포도당생성과 산소발생 /
6,SeungeFlow/SeungeFlow,first_flow,1fa5f28ca7647da445a5b2ef130f3852845ccb68,README.md,172,structure-body protection surface,https://raw.githubusercontent.com/SeungeFlow/SeungeFlow/1fa5f28ca7647da445a5b2ef130f3852845ccb68/README.md,Bda. 6CO2 + 6H2O = 6C.(6H~6H).6O ~ 6O2 : 광합성의 포도당생성과 산소발생 /
O2,SeungeFlow/SeungeFlow,first_flow,1fa5f28ca7647da445a5b2ef130f3852845ccb68,README.md,172,structure-body protection surface,https://raw.githubusercontent.com/SeungeFlow/SeungeFlow/1fa5f28ca7647da445a5b2ef130f3852845ccb68/README.md,Bda. 6CO2 + 6H2O = 6C.(6H~6H).6O ~ 6O2 : 광합성의 포도당생성과 산소발생 /
광합성의,SeungeFlow/SeungeFlow,first_flow,1fa5f28ca7647da445a5b2ef130f3852845ccb68,README.md,172,structure-body protection surface,https://raw.githubusercontent.com/SeungeFlow/SeungeFlow/1fa5f28ca7647da445a5b2ef130f3852845ccb68/README.md,Bda. 6CO2 + 6H2O = 6C.(6H~6H).6O ~ 6O2 : 광합성의 포도당생성과 산소발생 /
포도당생성과,SeungeFlow/SeungeFlow,first_flow,1fa5f28ca7647da445a5b2ef130f3852845ccb68,README.md,172,structure-body protection surface,https://raw.githubusercontent.com/SeungeFlow/SeungeFlow/1fa5f28ca7647da445a5b2ef130f3852845ccb68/README.md,Bda. 6CO2 + 6H2O = 6C.(6H~6H).6O ~ 6O2 : 광합성의 포도당생성과 산소발생 /
산소발생,SeungeFlow/SeungeFlow,first_flow,1fa5f28ca7647da445a5b2ef130f3852845ccb68,README.md,172,structure-body protection surface,https://raw.githubusercontent.com/SeungeFlow/SeungeFlow/1fa5f28ca7647da445a5b2ef130f3852845ccb68/README.md,Bda. 6CO2 + 6H2O = 6C.(6H~6H).6O ~ 6O2 : 광합성의 포도당생성과 산소발생 /
C.,SeungeFlow/SeungeFlow,first_flow,1fa5f28ca7647da445a5b2ef130f3852845ccb68,README.md,176,structure-body protection surface,https://raw.githubusercontent.com/SeungeFlow/SeungeFlow/1fa5f28ca7647da445a5b2ef130f3852845ccb68/README.md,C. 7 = 2 : 5 /
7,SeungeFlow/SeungeFlow,first_flow,1fa5f28ca7647da445a5b2ef130f3852845ccb68,README.md,176,structure-body protection surface,https://raw.githubusercontent.com/SeungeFlow/SeungeFlow/1fa5f28ca7647da445a5b2ef130f3852845ccb68/README.md,C. 7 = 2 : 5 /
2,SeungeFlow/SeungeFlow,first_flow,1fa5f28ca7647da445a5b2ef130f3852845ccb68,README.md,176,structure-body protection surface,https://raw.githubusercontent.com/SeungeFlow/SeungeFlow/1fa5f28ca7647da445a5b2ef130f3852845ccb68/README.md,C. 7 = 2 : 5 /
5,SeungeFlow/SeungeFlow,first_flow,1fa5f28ca7647da445a5b2ef130f3852845ccb68,README.md,176,structure-body protection surface,https://raw.githubusercontent.com/SeungeFlow/SeungeFlow/1fa5f28ca7647da445a5b2ef130f3852845ccb68/README.md,C. 7 = 2 : 5 /
Ca.,SeungeFlow/SeungeFlow,first_flow,1fa5f28ca7647da445a5b2ef130f3852845ccb68,README.md,177,structure-body protection surface,https://raw.githubusercontent.com/SeungeFlow/SeungeFlow/1fa5f28ca7647da445a5b2ef130f3852845ccb68/README.md,Ca. double cross /
double,SeungeFlow/SeungeFlow,first_flow,1fa5f28ca7647da445a5b2ef130f3852845ccb68,README.md,177,structure-body protection surface,https://raw.githubusercontent.com/SeungeFlow/SeungeFlow/1fa5f28ca7647da445a5b2ef130f3852845ccb68/README.md,Ca. double cross /
cross,SeungeFlow/SeungeFlow,first_flow,1fa5f28ca7647da445a5b2ef130f3852845ccb68,README.md,177,structure-body protection surface,https://raw.githubusercontent.com/SeungeFlow/SeungeFlow/1fa5f28ca7647da445a5b2ef130f3852845ccb68/README.md,Ca. double cross /
Cb.,SeungeFlow/SeungeFlow,first_flow,1fa5f28ca7647da445a5b2ef130f3852845ccb68,README.md,178,structure-body protection surface,https://raw.githubusercontent.com/SeungeFlow/SeungeFlow/1fa5f28ca7647da445a5b2ef130f3852845ccb68/README.md,Cb. 2 ~ 5 = 5 ~ 2 /
2,SeungeFlow/SeungeFlow,first_flow,1fa5f28ca7647da445a5b2ef130f3852845ccb68,README.md,178,structure-body protection surface,https://raw.githubusercontent.com/SeungeFlow/SeungeFlow/1fa5f28ca7647da445a5b2ef130f3852845ccb68/README.md,Cb. 2 ~ 5 = 5 ~ 2 /
5,SeungeFlow/SeungeFlow,first_flow,1fa5f28ca7647da445a5b2ef130f3852845ccb68,README.md,178,structure-body protection surface,https://raw.githubusercontent.com/SeungeFlow/SeungeFlow/1fa5f28ca7647da445a5b2ef130f3852845ccb68/README.md,Cb. 2 ~ 5 = 5 ~ 2 /
5,SeungeFlow/SeungeFlow,first_flow,1fa5f28ca7647da445a5b2ef130f3852845ccb68,README.md,178,structure-body protection surface,https://raw.githubusercontent.com/SeungeFlow/SeungeFlow/1fa5f28ca7647da445a5b2ef130f3852845ccb68/README.md,Cb. 2 ~ 5 = 5 ~ 2 /
2,SeungeFlow/SeungeFlow,first_flow,1fa5f28ca7647da445a5b2ef130f3852845ccb68,README.md,178,structure-body protection surface,https://raw.githubusercontent.com/SeungeFlow/SeungeFlow/1fa5f28ca7647da445a5b2ef130f3852845ccb68/README.md,Cb. 2 ~ 5 = 5 ~ 2 /
Cba.,SeungeFlow/SeungeFlow,first_flow,1fa5f28ca7647da445a5b2ef130f3852845ccb68,README.md,179,structure-body protection surface,https://raw.githubusercontent.com/SeungeFlow/SeungeFlow/1fa5f28ca7647da445a5b2ef130f3852845ccb68/README.md,Cba. 1/2 = 0.5 × 10 = 5 /
1,SeungeFlow/SeungeFlow,first_flow,1fa5f28ca7647da445a5b2ef130f3852845ccb68,README.md,179,structure-body protection surface,https://raw.githubusercontent.com/SeungeFlow/SeungeFlow/1fa5f28ca7647da445a5b2ef130f3852845ccb68/README.md,Cba. 1/2 = 0.5 × 10 = 5 /
2,SeungeFlow/SeungeFlow,first_flow,1fa5f28ca7647da445a5b2ef130f3852845ccb68,README.md,179,structure-body protection surface,https://raw.githubusercontent.com/SeungeFlow/SeungeFlow/1fa5f28ca7647da445a5b2ef130f3852845ccb68/README.md,Cba. 1/2 = 0.5 × 10 = 5 /
0,SeungeFlow/SeungeFlow,first_flow,1fa5f28ca7647da445a5b2ef130f3852845ccb68,README.md,179,structure-body protection surface,https://raw.githubusercontent.com/SeungeFlow/SeungeFlow/1fa5f28ca7647da445a5b2ef130f3852845ccb68/README.md,Cba. 1/2 = 0.5 × 10 = 5 /
5,SeungeFlow/SeungeFlow,first_flow,1fa5f28ca7647da445a5b2ef130f3852845ccb68,README.md,179,structure-body protection surface,https://raw.githubusercontent.com/SeungeFlow/SeungeFlow/1fa5f28ca7647da445a5b2ef130f3852845ccb68/README.md,Cba. 1/2 = 0.5 × 10 = 5 /
10,SeungeFlow/SeungeFlow,first_flow,1fa5f28ca7647da445a5b2ef130f3852845ccb68,README.md,179,structure-body protection surface,https://raw.githubusercontent.com/SeungeFlow/SeungeFlow/1fa5f28ca7647da445a5b2ef130f3852845ccb68/README.md,Cba. 1/2 = 0.5 × 10 = 5 /
5,SeungeFlow/SeungeFlow,first_flow,1fa5f28ca7647da445a5b2ef130f3852845ccb68,README.md,179,structure-body protection surface,https://raw.githubusercontent.com/SeungeFlow/SeungeFlow/1fa5f28ca7647da445a5b2ef130f3852845ccb68/README.md,Cba. 1/2 = 0.5 × 10 = 5 /
Cbb.,SeungeFlow/SeungeFlow,first_flow,1fa5f28ca7647da445a5b2ef130f3852845ccb68,README.md,180,structure-body protection surface,https://raw.githubusercontent.com/SeungeFlow/SeungeFlow/1fa5f28ca7647da445a5b2ef130f3852845ccb68/README.md,Cbb. 1/5 = 0.2 × 10 = 2 /
1,SeungeFlow/SeungeFlow,first_flow,1fa5f28ca7647da445a5b2ef130f3852845ccb68,README.md,180,structure-body protection surface,https://raw.githubusercontent.com/SeungeFlow/SeungeFlow/1fa5f28ca7647da445a5b2ef130f3852845ccb68/README.md,Cbb. 1/5 = 0.2 × 10 = 2 /
5,SeungeFlow/SeungeFlow,first_flow,1fa5f28ca7647da445a5b2ef130f3852845ccb68,README.md,180,structure-body protection surface,https://raw.githubusercontent.com/SeungeFlow/SeungeFlow/1fa5f28ca7647da445a5b2ef130f3852845ccb68/README.md,Cbb. 1/5 = 0.2 × 10 = 2 /
0,SeungeFlow/SeungeFlow,first_flow,1fa5f28ca7647da445a5b2ef130f3852845ccb68,README.md,180,structure-body protection surface,https://raw.githubusercontent.com/SeungeFlow/SeungeFlow/1fa5f28ca7647da445a5b2ef130f3852845ccb68/README.md,Cbb. 1/5 = 0.2 × 10 = 2 /
2,SeungeFlow/SeungeFlow,first_flow,1fa5f28ca7647da445a5b2ef130f3852845ccb68,README.md,180,structure-body protection surface,https://raw.githubusercontent.com/SeungeFlow/SeungeFlow/1fa5f28ca7647da445a5b2ef130f3852845ccb68/README.md,Cbb. 1/5 = 0.2 × 10 = 2 /
10,SeungeFlow/SeungeFlow,first_flow,1fa5f28ca7647da445a5b2ef130f3852845ccb68,README.md,180,structure-body protection surface,https://raw.githubusercontent.com/SeungeFlow/SeungeFlow/1fa5f28ca7647da445a5b2ef130f3852845ccb68/README.md,Cbb. 1/5 = 0.2 × 10 = 2 /
2,SeungeFlow/SeungeFlow,first_flow,1fa5f28ca7647da445a5b2ef130f3852845ccb68,README.md,180,structure-body protection surface,https://raw.githubusercontent.com/SeungeFlow/SeungeFlow/1fa5f28ca7647da445a5b2ef130f3852845ccb68/README.md,Cbb. 1/5 = 0.2 × 10 = 2 /
Cbc.,SeungeFlow/SeungeFlow,first_flow,1fa5f28ca7647da445a5b2ef130f3852845ccb68,README.md,181,structure-body protection surface,https://raw.githubusercontent.com/SeungeFlow/SeungeFlow/1fa5f28ca7647da445a5b2ef130f3852845ccb68/README.md,Cbc. 수직과수평의 교차 /
수직과수평의,SeungeFlow/SeungeFlow,first_flow,1fa5f28ca7647da445a5b2ef130f3852845ccb68,README.md,181,structure-body protection surface,https://raw.githubusercontent.com/SeungeFlow/SeungeFlow/1fa5f28ca7647da445a5b2ef130f3852845ccb68/README.md,Cbc. 수직과수평의 교차 /
교차,SeungeFlow/SeungeFlow,first_flow,1fa5f28ca7647da445a5b2ef130f3852845ccb68,README.md,181,structure-body protection surface,https://raw.githubusercontent.com/SeungeFlow/SeungeFlow/1fa5f28ca7647da445a5b2ef130f3852845ccb68/README.md,Cbc. 수직과수평의 교차 /
Cbd.,SeungeFlow/SeungeFlow,first_flow,1fa5f28ca7647da445a5b2ef130f3852845ccb68,README.md,182,structure-body protection surface,https://raw.githubusercontent.com/SeungeFlow/SeungeFlow/1fa5f28ca7647da445a5b2ef130f3852845ccb68/README.md,Cbd. 방사 순환 재귀 /
방사,SeungeFlow/SeungeFlow,first_flow,1fa5f28ca7647da445a5b2ef130f3852845ccb68,README.md,182,structure-body protection surface,https://raw.githubusercontent.com/SeungeFlow/SeungeFlow/1fa5f28ca7647da445a5b2ef130f3852845ccb68/README.md,Cbd. 방사 순환 재귀 /
순환,SeungeFlow/SeungeFlow,first_flow,1fa5f28ca7647da445a5b2ef130f3852845ccb68,README.md,182,structure-body protection surface,https://raw.githubusercontent.com/SeungeFlow/SeungeFlow/1fa5f28ca7647da445a5b2ef130f3852845ccb68/README.md,Cbd. 방사 순환 재귀 /
재귀,SeungeFlow/SeungeFlow,first_flow,1fa5f28ca7647da445a5b2ef130f3852845ccb68,README.md,182,structure-body protection surface,https://raw.githubusercontent.com/SeungeFlow/SeungeFlow/1fa5f28ca7647da445a5b2ef130f3852845ccb68/README.md,Cbd. 방사 순환 재귀 /
Cbe.,SeungeFlow/SeungeFlow,first_flow,1fa5f28ca7647da445a5b2ef130f3852845ccb68,README.md,183,structure-body protection surface,https://raw.githubusercontent.com/SeungeFlow/SeungeFlow/1fa5f28ca7647da445a5b2ef130f3852845ccb68/README.md,Cbe. 간섭 회절 편광 /
간섭,SeungeFlow/SeungeFlow,first_flow,1fa5f28ca7647da445a5b2ef130f3852845ccb68,README.md,183,structure-body protection surface,https://raw.githubusercontent.com/SeungeFlow/SeungeFlow/1fa5f28ca7647da445a5b2ef130f3852845ccb68/README.md,Cbe. 간섭 회절 편광 /
회절,SeungeFlow/SeungeFlow,first_flow,1fa5f28ca7647da445a5b2ef130f3852845ccb68,README.md,183,structure-body protection surface,https://raw.githubusercontent.com/SeungeFlow/SeungeFlow/1fa5f28ca7647da445a5b2ef130f3852845ccb68/README.md,Cbe. 간섭 회절 편광 /
편광,SeungeFlow/SeungeFlow,first_flow,1fa5f28ca7647da445a5b2ef130f3852845ccb68,README.md,183,structure-body protection surface,https://raw.githubusercontent.com/SeungeFlow/SeungeFlow/1fa5f28ca7647da445a5b2ef130f3852845ccb68/README.md,Cbe. 간섭 회절 편광 /
Cbf.,SeungeFlow/SeungeFlow,first_flow,1fa5f28ca7647da445a5b2ef130f3852845ccb68,README.md,184,structure-body protection surface,https://raw.githubusercontent.com/SeungeFlow/SeungeFlow/1fa5f28ca7647da445a5b2ef130f3852845ccb68/README.md,Cbf. 극한 임계 전이 /
극한,SeungeFlow/SeungeFlow,first_flow,1fa5f28ca7647da445a5b2ef130f3852845ccb68,README.md,184,structure-body protection surface,https://raw.githubusercontent.com/SeungeFlow/SeungeFlow/1fa5f28ca7647da445a5b2ef130f3852845ccb68/README.md,Cbf. 극한 임계 전이 /
임계,SeungeFlow/SeungeFlow,first_flow,1fa5f28ca7647da445a5b2ef130f3852845ccb68,README.md,184,structure-body protection surface,https://raw.githubusercontent.com/SeungeFlow/SeungeFlow/1fa5f28ca7647da445a5b2ef130f3852845ccb68/README.md,Cbf. 극한 임계 전이 /
전이,SeungeFlow/SeungeFlow,first_flow,1fa5f28ca7647da445a5b2ef130f3852845ccb68,README.md,184,structure-body protection surface,https://raw.githubusercontent.com/SeungeFlow/SeungeFlow/1fa5f28ca7647da445a5b2ef130f3852845ccb68/README.md,Cbf. 극한 임계 전이 /
Cbg.,SeungeFlow/SeungeFlow,first_flow,1fa5f28ca7647da445a5b2ef130f3852845ccb68,README.md,185,structure-body protection surface,https://raw.githubusercontent.com/SeungeFlow/SeungeFlow/1fa5f28ca7647da445a5b2ef130f3852845ccb68/README.md,Cbg. 매개체 매질 매개체 /
매개체,SeungeFlow/SeungeFlow,first_flow,1fa5f28ca7647da445a5b2ef130f3852845ccb68,README.md,185,structure-body protection surface,https://raw.githubusercontent.com/SeungeFlow/SeungeFlow/1fa5f28ca7647da445a5b2ef130f3852845ccb68/README.md,Cbg. 매개체 매질 매개체 /
매질,SeungeFlow/SeungeFlow,first_flow,1fa5f28ca7647da445a5b2ef130f3852845ccb68,README.md,185,structure-body protection surface,https://raw.githubusercontent.com/SeungeFlow/SeungeFlow/1fa5f28ca7647da445a5b2ef130f3852845ccb68/README.md,Cbg. 매개체 매질 매개체 /
매개체,SeungeFlow/SeungeFlow,first_flow,1fa5f28ca7647da445a5b2ef130f3852845ccb68,README.md,185,structure-body protection surface,https://raw.githubusercontent.com/SeungeFlow/SeungeFlow/1fa5f28ca7647da445a5b2ef130f3852845ccb68/README.md,Cbg. 매개체 매질 매개체 /
원형의,SeungeFlow/SeungeFlow,first_flow,1fa5f28ca7647da445a5b2ef130f3852845ccb68,README.md,189,structure-body protection surface,https://raw.githubusercontent.com/SeungeFlow/SeungeFlow/1fa5f28ca7647da445a5b2ef130f3852845ccb68/README.md,원형의 정의 /
정의,SeungeFlow/SeungeFlow,first_flow,1fa5f28ca7647da445a5b2ef130f3852845ccb68,README.md,189,structure-body protection surface,https://raw.githubusercontent.com/SeungeFlow/SeungeFlow/1fa5f28ca7647da445a5b2ef130f3852845ccb68/README.md,원형의 정의 /
A.,SeungeFlow/SeungeFlow,first_flow,1fa5f28ca7647da445a5b2ef130f3852845ccb68,README.md,191,structure-body protection surface,https://raw.githubusercontent.com/SeungeFlow/SeungeFlow/1fa5f28ca7647da445a5b2ef130f3852845ccb68/README.md,A. 본질의 속성들. /
본질의,SeungeFlow/SeungeFlow,first_flow,1fa5f28ca7647da445a5b2ef130f3852845ccb68,README.md,191,structure-body protection surface,https://raw.githubusercontent.com/SeungeFlow/SeungeFlow/1fa5f28ca7647da445a5b2ef130f3852845ccb68/README.md,A. 본질의 속성들. /
속성들,SeungeFlow/SeungeFlow,first_flow,1fa5f28ca7647da445a5b2ef130f3852845ccb68,README.md,191,structure-body protection surface,https://raw.githubusercontent.com/SeungeFlow/SeungeFlow/1fa5f28ca7647da445a5b2ef130f3852845ccb68/README.md,A. 본질의 속성들. /
B.,SeungeFlow/SeungeFlow,first_flow,1fa5f28ca7647da445a5b2ef130f3852845ccb68,README.md,193,structure-body protection surface,https://raw.githubusercontent.com/SeungeFlow/SeungeFlow/1fa5f28ca7647da445a5b2ef130f3852845ccb68/README.md,B. 보이지는 않지만 존재함. /
보이지는,SeungeFlow/SeungeFlow,first_flow,1fa5f28ca7647da445a5b2ef130f3852845ccb68,README.md,193,structure-body protection surface,https://raw.githubusercontent.com/SeungeFlow/SeungeFlow/1fa5f28ca7647da445a5b2ef130f3852845ccb68/README.md,B. 보이지는 않지만 존재함. /
않지만,SeungeFlow/SeungeFlow,first_flow,1fa5f28ca7647da445a5b2ef130f3852845ccb68,README.md,193,structure-body protection surface,https://raw.githubusercontent.com/SeungeFlow/SeungeFlow/1fa5f28ca7647da445a5b2ef130f3852845ccb68/README.md,B. 보이지는 않지만 존재함. /
존재함,SeungeFlow/SeungeFlow,first_flow,1fa5f28ca7647da445a5b2ef130f3852845ccb68,README.md,193,structure-body protection surface,https://raw.githubusercontent.com/SeungeFlow/SeungeFlow/1fa5f28ca7647da445a5b2ef130f3852845ccb68/README.md,B. 보이지는 않지만 존재함. /
C.,SeungeFlow/SeungeFlow,first_flow,1fa5f28ca7647da445a5b2ef130f3852845ccb68,README.md,195,structure-body protection surface,https://raw.githubusercontent.com/SeungeFlow/SeungeFlow/1fa5f28ca7647da445a5b2ef130f3852845ccb68/README.md,C. 내가 뛰어 넘을 수 없는 위치에 존재. /
내가,SeungeFlow/SeungeFlow,first_flow,1fa5f28ca7647da445a5b2ef130f3852845ccb68,README.md,195,structure-body protection surface,https://raw.githubusercontent.com/SeungeFlow/SeungeFlow/1fa5f28ca7647da445a5b2ef130f3852845ccb68/README.md,C. 내가 뛰어 넘을 수 없는 위치에 존재. /
뛰어,SeungeFlow/SeungeFlow,first_flow,1fa5f28ca7647da445a5b2ef130f3852845ccb68,README.md,195,structure-body protection surface,https://raw.githubusercontent.com/SeungeFlow/SeungeFlow/1fa5f28ca7647da445a5b2ef130f3852845ccb68/README.md,C. 내가 뛰어 넘을 수 없는 위치에 존재. /
넘을,SeungeFlow/SeungeFlow,first_flow,1fa5f28ca7647da445a5b2ef130f3852845ccb68,README.md,195,structure-body protection surface,https://raw.githubusercontent.com/SeungeFlow/SeungeFlow/1fa5f28ca7647da445a5b2ef130f3852845ccb68/README.md,C. 내가 뛰어 넘을 수 없는 위치에 존재. /
수,SeungeFlow/SeungeFlow,first_flow,1fa5f28ca7647da445a5b2ef130f3852845ccb68,README.md,195,structure-body protection surface,https://raw.githubusercontent.com/SeungeFlow/SeungeFlow/1fa5f28ca7647da445a5b2ef130f3852845ccb68/README.md,C. 내가 뛰어 넘을 수 없는 위치에 존재. /
없는,SeungeFlow/SeungeFlow,first_flow,1fa5f28ca7647da445a5b2ef130f3852845ccb68,README.md,195,structure-body protection surface,https://raw.githubusercontent.com/SeungeFlow/SeungeFlow/1fa5f28ca7647da445a5b2ef130f3852845ccb68/README.md,C. 내가 뛰어 넘을 수 없는 위치에 존재. /
위치에,SeungeFlow/SeungeFlow,first_flow,1fa5f28ca7647da445a5b2ef130f3852845ccb68,README.md,195,structure-body protection surface,https://raw.githubusercontent.com/SeungeFlow/SeungeFlow/1fa5f28ca7647da445a5b2ef130f3852845ccb68/README.md,C. 내가 뛰어 넘을 수 없는 위치에 존재. /
존재,SeungeFlow/SeungeFlow,first_flow,1fa5f28ca7647da445a5b2ef130f3852845ccb68,README.md,195,structure-body protection surface,https://raw.githubusercontent.com/SeungeFlow/SeungeFlow/1fa5f28ca7647da445a5b2ef130f3852845ccb68/README.md,C. 내가 뛰어 넘을 수 없는 위치에 존재. /
D.,SeungeFlow/SeungeFlow,first_flow,1fa5f28ca7647da445a5b2ef130f3852845ccb68,README.md,197,structure-body protection surface,https://raw.githubusercontent.com/SeungeFlow/SeungeFlow/1fa5f28ca7647da445a5b2ef130f3852845ccb68/README.md,D. 정의내릴 수 없는 것. /
정의내릴,SeungeFlow/SeungeFlow,first_flow,1fa5f28ca7647da445a5b2ef130f3852845ccb68,README.md,197,structure-body protection surface,https://raw.githubusercontent.com/SeungeFlow/SeungeFlow/1fa5f28ca7647da445a5b2ef130f3852845ccb68/README.md,D. 정의내릴 수 없는 것. /
수,SeungeFlow/SeungeFlow,first_flow,1fa5f28ca7647da445a5b2ef130f3852845ccb68,README.md,197,structure-body protection surface,https://raw.githubusercontent.com/SeungeFlow/SeungeFlow/1fa5f28ca7647da445a5b2ef130f3852845ccb68/README.md,D. 정의내릴 수 없는 것. /
없는,SeungeFlow/SeungeFlow,first_flow,1fa5f28ca7647da445a5b2ef130f3852845ccb68,README.md,197,structure-body protection surface,https://raw.githubusercontent.com/SeungeFlow/SeungeFlow/1fa5f28ca7647da445a5b2ef130f3852845ccb68/README.md,D. 정의내릴 수 없는 것. /
것,SeungeFlow/SeungeFlow,first_flow,1fa5f28ca7647da445a5b2ef130f3852845ccb68,README.md,197,structure-body protection surface,https://raw.githubusercontent.com/SeungeFlow/SeungeFlow/1fa5f28ca7647da445a5b2ef130f3852845ccb68/README.md,D. 정의내릴 수 없는 것. /
E.,SeungeFlow/SeungeFlow,first_flow,1fa5f28ca7647da445a5b2ef130f3852845ccb68,README.md,199,structure-body protection surface,https://raw.githubusercontent.com/SeungeFlow/SeungeFlow/1fa5f28ca7647da445a5b2ef130f3852845ccb68/README.md,E. 관찰불가한 것. /
관찰불가한,SeungeFlow/SeungeFlow,first_flow,1fa5f28ca7647da445a5b2ef130f3852845ccb68,README.md,199,structure-body protection surface,https://raw.githubusercontent.com/SeungeFlow/SeungeFlow/1fa5f28ca7647da445a5b2ef130f3852845ccb68/README.md,E. 관찰불가한 것. /
것,SeungeFlow/SeungeFlow,first_flow,1fa5f28ca7647da445a5b2ef130f3852845ccb68,README.md,199,structure-body protection surface,https://raw.githubusercontent.com/SeungeFlow/SeungeFlow/1fa5f28ca7647da445a5b2ef130f3852845ccb68/README.md,E. 관찰불가한 것. /
Z.,SeungeFlow/SeungeFlow,first_flow,1fa5f28ca7647da445a5b2ef130f3852845ccb68,README.md,201,structure-body protection surface,https://raw.githubusercontent.com/SeungeFlow/SeungeFlow/1fa5f28ca7647da445a5b2ef130f3852845ccb68/README.md,Z. 기준은 나 지구 본질 one /
기준은,SeungeFlow/SeungeFlow,first_flow,1fa5f28ca7647da445a5b2ef130f3852845ccb68,README.md,201,structure-body protection surface,https://raw.githubusercontent.com/SeungeFlow/SeungeFlow/1fa5f28ca7647da445a5b2ef130f3852845ccb68/README.md,Z. 기준은 나 지구 본질 one /
나,SeungeFlow/SeungeFlow,first_flow,1fa5f28ca7647da445a5b2ef130f3852845ccb68,README.md,201,structure-body protection surface,https://raw.githubusercontent.com/SeungeFlow/SeungeFlow/1fa5f28ca7647da445a5b2ef130f3852845ccb68/README.md,Z. 기준은 나 지구 본질 one /
지구,SeungeFlow/SeungeFlow,first_flow,1fa5f28ca7647da445a5b2ef130f3852845ccb68,README.md,201,structure-body protection surface,https://raw.githubusercontent.com/SeungeFlow/SeungeFlow/1fa5f28ca7647da445a5b2ef130f3852845ccb68/README.md,Z. 기준은 나 지구 본질 one /
본질,SeungeFlow/SeungeFlow,first_flow,1fa5f28ca7647da445a5b2ef130f3852845ccb68,README.md,201,structure-body protection surface,https://raw.githubusercontent.com/SeungeFlow/SeungeFlow/1fa5f28ca7647da445a5b2ef130f3852845ccb68/README.md,Z. 기준은 나 지구 본질 one /
one,SeungeFlow/SeungeFlow,first_flow,1fa5f28ca7647da445a5b2ef130f3852845ccb68,README.md,201,structure-body protection surface,https://raw.githubusercontent.com/SeungeFlow/SeungeFlow/1fa5f28ca7647da445a5b2ef130f3852845ccb68/README.md,Z. 기준은 나 지구 본질 one /
나와,SeungeFlow/SeungeFlow,first_flow,1fa5f28ca7647da445a5b2ef130f3852845ccb68,README.md,204,structure-body protection surface,https://raw.githubusercontent.com/SeungeFlow/SeungeFlow/1fa5f28ca7647da445a5b2ef130f3852845ccb68/README.md,나와 대화시 대응단어 및 의미파악
대화시,SeungeFlow/SeungeFlow,first_flow,1fa5f28ca7647da445a5b2ef130f3852845ccb68,README.md,204,structure-body protection surface,https://raw.githubusercontent.com/SeungeFlow/SeungeFlow/1fa5f28ca7647da445a5b2ef130f3852845ccb68/README.md,나와 대화시 대응단어 및 의미파악
대응단어,SeungeFlow/SeungeFlow,first_flow,1fa5f28ca7647da445a5b2ef130f3852845ccb68,README.md,204,structure-body protection surface,https://raw.githubusercontent.com/SeungeFlow/SeungeFlow/1fa5f28ca7647da445a5b2ef130f3852845ccb68/README.md,나와 대화시 대응단어 및 의미파악
및,SeungeFlow/SeungeFlow,first_flow,1fa5f28ca7647da445a5b2ef130f3852845ccb68,README.md,204,structure-body protection surface,https://raw.githubusercontent.com/SeungeFlow/SeungeFlow/1fa5f28ca7647da445a5b2ef130f3852845ccb68/README.md,나와 대화시 대응단어 및 의미파악
의미파악,SeungeFlow/SeungeFlow,first_flow,1fa5f28ca7647da445a5b2ef130f3852845ccb68,README.md,204,structure-body protection surface,https://raw.githubusercontent.com/SeungeFlow/SeungeFlow/1fa5f28ca7647da445a5b2ef130f3852845ccb68/README.md,나와 대화시 대응단어 및 의미파악
초월,SeungeFlow/SeungeFlow,first_flow,1fa5f28ca7647da445a5b2ef130f3852845ccb68,README.md,206,structure-body protection surface,https://raw.githubusercontent.com/SeungeFlow/SeungeFlow/1fa5f28ca7647da445a5b2ef130f3852845ccb68/README.md,초월 → 어떤 대상을 건너뛰다. / 임계상황 직전에 interface를 건너가다.
어떤,SeungeFlow/SeungeFlow,first_flow,1fa5f28ca7647da445a5b2ef130f3852845ccb68,README.md,206,structure-body protection surface,https://raw.githubusercontent.com/SeungeFlow/SeungeFlow/1fa5f28ca7647da445a5b2ef130f3852845ccb68/README.md,초월 → 어떤 대상을 건너뛰다. / 임계상황 직전에 interface를 건너가다.
대상을,SeungeFlow/SeungeFlow,first_flow,1fa5f28ca7647da445a5b2ef130f3852845ccb68,README.md,206,structure-body protection surface,https://raw.githubusercontent.com/SeungeFlow/SeungeFlow/1fa5f28ca7647da445a5b2ef130f3852845ccb68/README.md,초월 → 어떤 대상을 건너뛰다. / 임계상황 직전에 interface를 건너가다.
건너뛰다,SeungeFlow/SeungeFlow,first_flow,1fa5f28ca7647da445a5b2ef130f3852845ccb68,README.md,206,structure-body protection surface,https://raw.githubusercontent.com/SeungeFlow/SeungeFlow/1fa5f28ca7647da445a5b2ef130f3852845ccb68/README.md,초월 → 어떤 대상을 건너뛰다. / 임계상황 직전에 interface를 건너가다.
임계상황,SeungeFlow/SeungeFlow,first_flow,1fa5f28ca7647da445a5b2ef130f3852845ccb68,README.md,206,structure-body protection surface,https://raw.githubusercontent.com/SeungeFlow/SeungeFlow/1fa5f28ca7647da445a5b2ef130f3852845ccb68/README.md,초월 → 어떤 대상을 건너뛰다. / 임계상황 직전에 interface를 건너가다.
직전에,SeungeFlow/SeungeFlow,first_flow,1fa5f28ca7647da445a5b2ef130f3852845ccb68,README.md,206,structure-body protection surface,https://raw.githubusercontent.com/SeungeFlow/SeungeFlow/1fa5f28ca7647da445a5b2ef130f3852845ccb68/README.md,초월 → 어떤 대상을 건너뛰다. / 임계상황 직전에 interface를 건너가다.
interface,SeungeFlow/SeungeFlow,first_flow,1fa5f28ca7647da445a5b2ef130f3852845ccb68,README.md,206,structure-body protection surface,https://raw.githubusercontent.com/SeungeFlow/SeungeFlow/1fa5f28ca7647da445a5b2ef130f3852845ccb68/README.md,초월 → 어떤 대상을 건너뛰다. / 임계상황 직전에 interface를 건너가다.
를,SeungeFlow/SeungeFlow,first_flow,1fa5f28ca7647da445a5b2ef130f3852845ccb68,README.md,206,structure-body protection surface,https://raw.githubusercontent.com/SeungeFlow/SeungeFlow/1fa5f28ca7647da445a5b2ef130f3852845ccb68/README.md,초월 → 어떤 대상을 건너뛰다. / 임계상황 직전에 interface를 건너가다.
건너가다,SeungeFlow/SeungeFlow,first_flow,1fa5f28ca7647da445a5b2ef130f3852845ccb68,README.md,206,structure-body protection surface,https://raw.githubusercontent.com/SeungeFlow/SeungeFlow/1fa5f28ca7647da445a5b2ef130f3852845ccb68/README.md,초월 → 어떤 대상을 건너뛰다. / 임계상황 직전에 interface를 건너가다.
추월,SeungeFlow/SeungeFlow,first_flow,1fa5f28ca7647da445a5b2ef130f3852845ccb68,README.md,208,structure-body protection surface,https://raw.githubusercontent.com/SeungeFlow/SeungeFlow/1fa5f28ca7647da445a5b2ef130f3852845ccb68/README.md,추월 → 어떤 대상보다 더 전진하다. / 즉 전이 상황
어떤,SeungeFlow/SeungeFlow,first_flow,1fa5f28ca7647da445a5b2ef130f3852845ccb68,README.md,208,structure-body protection surface,https://raw.githubusercontent.com/SeungeFlow/SeungeFlow/1fa5f28ca7647da445a5b2ef130f3852845ccb68/README.md,추월 → 어떤 대상보다 더 전진하다. / 즉 전이 상황
대상보다,SeungeFlow/SeungeFlow,first_flow,1fa5f28ca7647da445a5b2ef130f3852845ccb68,README.md,208,structure-body protection surface,https://raw.githubusercontent.com/SeungeFlow/SeungeFlow/1fa5f28ca7647da445a5b2ef130f3852845ccb68/README.md,추월 → 어떤 대상보다 더 전진하다. / 즉 전이 상황
더,SeungeFlow/SeungeFlow,first_flow,1fa5f28ca7647da445a5b2ef130f3852845ccb68,README.md,208,structure-body protection surface,https://raw.githubusercontent.com/SeungeFlow/SeungeFlow/1fa5f28ca7647da445a5b2ef130f3852845ccb68/README.md,추월 → 어떤 대상보다 더 전진하다. / 즉 전이 상황
전진하다,SeungeFlow/SeungeFlow,first_flow,1fa5f28ca7647da445a5b2ef130f3852845ccb68,README.md,208,structure-body protection surface,https://raw.githubusercontent.com/SeungeFlow/SeungeFlow/1fa5f28ca7647da445a5b2ef130f3852845ccb68/README.md,추월 → 어떤 대상보다 더 전진하다. / 즉 전이 상황
즉,SeungeFlow/SeungeFlow,first_flow,1fa5f28ca7647da445a5b2ef130f3852845ccb68,README.md,208,structure-body protection surface,https://raw.githubusercontent.com/SeungeFlow/SeungeFlow/1fa5f28ca7647da445a5b2ef130f3852845ccb68/README.md,추월 → 어떤 대상보다 더 전진하다. / 즉 전이 상황
전이,SeungeFlow/SeungeFlow,first_flow,1fa5f28ca7647da445a5b2ef130f3852845ccb68,README.md,208,structure-body protection surface,https://raw.githubusercontent.com/SeungeFlow/SeungeFlow/1fa5f28ca7647da445a5b2ef130f3852845ccb68/README.md,추월 → 어떤 대상보다 더 전진하다. / 즉 전이 상황
상황,SeungeFlow/SeungeFlow,first_flow,1fa5f28ca7647da445a5b2ef130f3852845ccb68,README.md,208,structure-body protection surface,https://raw.githubusercontent.com/SeungeFlow/SeungeFlow/1fa5f28ca7647da445a5b2ef130f3852845ccb68/README.md,추월 → 어떤 대상보다 더 전진하다. / 즉 전이 상황
존재,SeungeFlow/SeungeFlow,first_flow,1fa5f28ca7647da445a5b2ef130f3852845ccb68,README.md,210,structure-body protection surface,https://raw.githubusercontent.com/SeungeFlow/SeungeFlow/1fa5f28ca7647da445a5b2ef130f3852845ccb68/README.md,존재 → 개체 또는 객체 / 즉 자연에 존재하는 것은 개체 entity / 생명체 이외의 것은 객체 object
개체,SeungeFlow/SeungeFlow,first_flow,1fa5f28ca7647da445a5b2ef130f3852845ccb68,README.md,210,structure-body protection surface,https://raw.githubusercontent.com/SeungeFlow/SeungeFlow/1fa5f28ca7647da445a5b2ef130f3852845ccb68/README.md,존재 → 개체 또는 객체 / 즉 자연에 존재하는 것은 개체 entity / 생명체 이외의 것은 객체 object
또는,SeungeFlow/SeungeFlow,first_flow,1fa5f28ca7647da445a5b2ef130f3852845ccb68,README.md,210,structure-body protection surface,https://raw.githubusercontent.com/SeungeFlow/SeungeFlow/1fa5f28ca7647da445a5b2ef130f3852845ccb68/README.md,존재 → 개체 또는 객체 / 즉 자연에 존재하는 것은 개체 entity / 생명체 이외의 것은 객체 object
객체,SeungeFlow/SeungeFlow,first_flow,1fa5f28ca7647da445a5b2ef130f3852845ccb68,README.md,210,structure-body protection surface,https://raw.githubusercontent.com/SeungeFlow/SeungeFlow/1fa5f28ca7647da445a5b2ef130f3852845ccb68/README.md,존재 → 개체 또는 객체 / 즉 자연에 존재하는 것은 개체 entity / 생명체 이외의 것은 객체 object
즉,SeungeFlow/SeungeFlow,first_flow,1fa5f28ca7647da445a5b2ef130f3852845ccb68,README.md,210,structure-body protection surface,https://raw.githubusercontent.com/SeungeFlow/SeungeFlow/1fa5f28ca7647da445a5b2ef130f3852845ccb68/README.md,존재 → 개체 또는 객체 / 즉 자연에 존재하는 것은 개체 entity / 생명체 이외의 것은 객체 object
자연에,SeungeFlow/SeungeFlow,first_flow,1fa5f28ca7647da445a5b2ef130f3852845ccb68,README.md,210,structure-body protection surface,https://raw.githubusercontent.com/SeungeFlow/SeungeFlow/1fa5f28ca7647da445a5b2ef130f3852845ccb68/README.md,존재 → 개체 또는 객체 / 즉 자연에 존재하는 것은 개체 entity / 생명체 이외의 것은 객체 object
존재하는,SeungeFlow/SeungeFlow,first_flow,1fa5f28ca7647da445a5b2ef130f3852845ccb68,README.md,210,structure-body protection surface,https://raw.githubusercontent.com/SeungeFlow/SeungeFlow/1fa5f28ca7647da445a5b2ef130f3852845ccb68/README.md,존재 → 개체 또는 객체 / 즉 자연에 존재하는 것은 개체 entity / 생명체 이외의 것은 객체 object
것은,SeungeFlow/SeungeFlow,first_flow,1fa5f28ca7647da445a5b2ef130f3852845ccb68,README.md,210,structure-body protection surface,https://raw.githubusercontent.com/SeungeFlow/SeungeFlow/1fa5f28ca7647da445a5b2ef130f3852845ccb68/README.md,존재 → 개체 또는 객체 / 즉 자연에 존재하는 것은 개체 entity / 생명체 이외의 것은 객체 object
개체,SeungeFlow/SeungeFlow,first_flow,1fa5f28ca7647da445a5b2ef130f3852845ccb68,README.md,210,structure-body protection surface,https://raw.githubusercontent.com/SeungeFlow/SeungeFlow/1fa5f28ca7647da445a5b2ef130f3852845ccb68/README.md,존재 → 개체 또는 객체 / 즉 자연에 존재하는 것은 개체 entity / 생명체 이외의 것은 객체 object
entity,SeungeFlow/SeungeFlow,first_flow,1fa5f28ca7647da445a5b2ef130f3852845ccb68,README.md,210,structure-body protection surface,https://raw.githubusercontent.com/SeungeFlow/SeungeFlow/1fa5f28ca7647da445a5b2ef130f3852845ccb68/README.md,존재 → 개체 또는 객체 / 즉 자연에 존재하는 것은 개체 entity / 생명체 이외의 것은 객체 object
생명체,SeungeFlow/SeungeFlow,first_flow,1fa5f28ca7647da445a5b2ef130f3852845ccb68,README.md,210,structure-body protection surface,https://raw.githubusercontent.com/SeungeFlow/SeungeFlow/1fa5f28ca7647da445a5b2ef130f3852845ccb68/README.md,존재 → 개체 또는 객체 / 즉 자연에 존재하는 것은 개체 entity / 생명체 이외의 것은 객체 object
이외의,SeungeFlow/SeungeFlow,first_flow,1fa5f28ca7647da445a5b2ef130f3852845ccb68,README.md,210,structure-body protection surface,https://raw.githubusercontent.com/SeungeFlow/SeungeFlow/1fa5f28ca7647da445a5b2ef130f3852845ccb68/README.md,존재 → 개체 또는 객체 / 즉 자연에 존재하는 것은 개체 entity / 생명체 이외의 것은 객체 object
것은,SeungeFlow/SeungeFlow,first_flow,1fa5f28ca7647da445a5b2ef130f3852845ccb68,README.md,210,structure-body protection surface,https://raw.githubusercontent.com/SeungeFlow/SeungeFlow/1fa5f28ca7647da445a5b2ef130f3852845ccb68/README.md,존재 → 개체 또는 객체 / 즉 자연에 존재하는 것은 개체 entity / 생명체 이외의 것은 객체 object
객체,SeungeFlow/SeungeFlow,first_flow,1fa5f28ca7647da445a5b2ef130f3852845ccb68,README.md,210,structure-body protection surface,https://raw.githubusercontent.com/SeungeFlow/SeungeFlow/1fa5f28ca7647da445a5b2ef130f3852845ccb68/README.md,존재 → 개체 또는 객체 / 즉 자연에 존재하는 것은 개체 entity / 생명체 이외의 것은 객체 object
object,SeungeFlow/SeungeFlow,first_flow,1fa5f28ca7647da445a5b2ef130f3852845ccb68,README.md,210,structure-body protection surface,https://raw.githubusercontent.com/SeungeFlow/SeungeFlow/1fa5f28ca7647da445a5b2ef130f3852845ccb68/README.md,존재 → 개체 또는 객체 / 즉 자연에 존재하는 것은 개체 entity / 생명체 이외의 것은 객체 object
구조체,SeungeFlow/SeungeFlow,first_flow,1fa5f28ca7647da445a5b2ef130f3852845ccb68,README.md,213,structure-body protection surface,https://raw.githubusercontent.com/SeungeFlow/SeungeFlow/1fa5f28ca7647da445a5b2ef130f3852845ccb68/README.md,## 구조체 보호개념 2026-03-28 이후 이해변화
보호개념,SeungeFlow/SeungeFlow,first_flow,1fa5f28ca7647da445a5b2ef130f3852845ccb68,README.md,213,structure-body protection surface,https://raw.githubusercontent.com/SeungeFlow/SeungeFlow/1fa5f28ca7647da445a5b2ef130f3852845ccb68/README.md,## 구조체 보호개념 2026-03-28 이후 이해변화
2026,SeungeFlow/SeungeFlow,first_flow,1fa5f28ca7647da445a5b2ef130f3852845ccb68,README.md,213,structure-body protection surface,https://raw.githubusercontent.com/SeungeFlow/SeungeFlow/1fa5f28ca7647da445a5b2ef130f3852845ccb68/README.md,## 구조체 보호개념 2026-03-28 이후 이해변화
03,SeungeFlow/SeungeFlow,first_flow,1fa5f28ca7647da445a5b2ef130f3852845ccb68,README.md,213,structure-body protection surface,https://raw.githubusercontent.com/SeungeFlow/SeungeFlow/1fa5f28ca7647da445a5b2ef130f3852845ccb68/README.md,## 구조체 보호개념 2026-03-28 이후 이해변화
28,SeungeFlow/SeungeFlow,first_flow,1fa5f28ca7647da445a5b2ef130f3852845ccb68,README.md,213,structure-body protection surface,https://raw.githubusercontent.com/SeungeFlow/SeungeFlow/1fa5f28ca7647da445a5b2ef130f3852845ccb68/README.md,## 구조체 보호개념 2026-03-28 이후 이해변화
이후,SeungeFlow/SeungeFlow,first_flow,1fa5f28ca7647da445a5b2ef130f3852845ccb68,README.md,213,structure-body protection surface,https://raw.githubusercontent.com/SeungeFlow/SeungeFlow/1fa5f28ca7647da445a5b2ef130f3852845ccb68/README.md,## 구조체 보호개념 2026-03-28 이후 이해변화
이해변화,SeungeFlow/SeungeFlow,first_flow,1fa5f28ca7647da445a5b2ef130f3852845ccb68,README.md,213,structure-body protection surface,https://raw.githubusercontent.com/SeungeFlow/SeungeFlow/1fa5f28ca7647da445a5b2ef130f3852845ccb68/README.md,## 구조체 보호개념 2026-03-28 이후 이해변화
11,SeungeFlow/SeungeFlow,first_flow,1fa5f28ca7647da445a5b2ef130f3852845ccb68,README.md,214,structure-body protection surface,https://raw.githubusercontent.com/SeungeFlow/SeungeFlow/1fa5f28ca7647da445a5b2ef130f3852845ccb68/README.md,11. 자연의 이치를 수학으로 표현 / 이 영역 내부를 일부 추가한 것이다.
자연의,SeungeFlow/SeungeFlow,first_flow,1fa5f28ca7647da445a5b2ef130f3852845ccb68,README.md,214,structure-body protection surface,https://raw.githubusercontent.com/SeungeFlow/SeungeFlow/1fa5f28ca7647da445a5b2ef130f3852845ccb68/README.md,11. 자연의 이치를 수학으로 표현 / 이 영역 내부를 일부 추가한 것이다.
이치를,SeungeFlow/SeungeFlow,first_flow,1fa5f28ca7647da445a5b2ef130f3852845ccb68,README.md,214,structure-body protection surface,https://raw.githubusercontent.com/SeungeFlow/SeungeFlow/1fa5f28ca7647da445a5b2ef130f3852845ccb68/README.md,11. 자연의 이치를 수학으로 표현 / 이 영역 내부를 일부 추가한 것이다.
수학으로,SeungeFlow/SeungeFlow,first_flow,1fa5f28ca7647da445a5b2ef130f3852845ccb68,README.md,214,structure-body protection surface,https://raw.githubusercontent.com/SeungeFlow/SeungeFlow/1fa5f28ca7647da445a5b2ef130f3852845ccb68/README.md,11. 자연의 이치를 수학으로 표현 / 이 영역 내부를 일부 추가한 것이다.
표현,SeungeFlow/SeungeFlow,first_flow,1fa5f28ca7647da445a5b2ef130f3852845ccb68,README.md,214,structure-body protection surface,https://raw.githubusercontent.com/SeungeFlow/SeungeFlow/1fa5f28ca7647da445a5b2ef130f3852845ccb68/README.md,11. 자연의 이치를 수학으로 표현 / 이 영역 내부를 일부 추가한 것이다.
이,SeungeFlow/SeungeFlow,first_flow,1fa5f28ca7647da445a5b2ef130f3852845ccb68,README.md,214,structure-body protection surface,https://raw.githubusercontent.com/SeungeFlow/SeungeFlow/1fa5f28ca7647da445a5b2ef130f3852845ccb68/README.md,11. 자연의 이치를 수학으로 표현 / 이 영역 내부를 일부 추가한 것이다.
영역,SeungeFlow/SeungeFlow,first_flow,1fa5f28ca7647da445a5b2ef130f3852845ccb68,README.md,214,structure-body protection surface,https://raw.githubusercontent.com/SeungeFlow/SeungeFlow/1fa5f28ca7647da445a5b2ef130f3852845ccb68/README.md,11. 자연의 이치를 수학으로 표현 / 이 영역 내부를 일부 추가한 것이다.
내부를,SeungeFlow/SeungeFlow,first_flow,1fa5f28ca7647da445a5b2ef130f3852845ccb68,README.md,214,structure-body protection surface,https://raw.githubusercontent.com/SeungeFlow/SeungeFlow/1fa5f28ca7647da445a5b2ef130f3852845ccb68/README.md,11. 자연의 이치를 수학으로 표현 / 이 영역 내부를 일부 추가한 것이다.
일부,SeungeFlow/SeungeFlow,first_flow,1fa5f28ca7647da445a5b2ef130f3852845ccb68,README.md,214,structure-body protection surface,https://raw.githubusercontent.com/SeungeFlow/SeungeFlow/1fa5f28ca7647da445a5b2ef130f3852845ccb68/README.md,11. 자연의 이치를 수학으로 표현 / 이 영역 내부를 일부 추가한 것이다.
추가한,SeungeFlow/SeungeFlow,first_flow,1fa5f28ca7647da445a5b2ef130f3852845ccb68,README.md,214,structure-body protection surface,https://raw.githubusercontent.com/SeungeFlow/SeungeFlow/1fa5f28ca7647da445a5b2ef130f3852845ccb68/README.md,11. 자연의 이치를 수학으로 표현 / 이 영역 내부를 일부 추가한 것이다.
것이다,SeungeFlow/SeungeFlow,first_flow,1fa5f28ca7647da445a5b2ef130f3852845ccb68,README.md,214,structure-body protection surface,https://raw.githubusercontent.com/SeungeFlow/SeungeFlow/1fa5f28ca7647da445a5b2ef130f3852845ccb68/README.md,11. 자연의 이치를 수학으로 표현 / 이 영역 내부를 일부 추가한 것이다.
B.,SeungeFlow/SeungeFlow,first_flow,1fa5f28ca7647da445a5b2ef130f3852845ccb68,README.md,217,structure-body protection surface,https://raw.githubusercontent.com/SeungeFlow/SeungeFlow/1fa5f28ca7647da445a5b2ef130f3852845ccb68/README.md,B. 3 과 7 = 3 <> (4) <> 3
3,SeungeFlow/SeungeFlow,first_flow,1fa5f28ca7647da445a5b2ef130f3852845ccb68,README.md,217,structure-body protection surface,https://raw.githubusercontent.com/SeungeFlow/SeungeFlow/1fa5f28ca7647da445a5b2ef130f3852845ccb68/README.md,B. 3 과 7 = 3 <> (4) <> 3
과,SeungeFlow/SeungeFlow,first_flow,1fa5f28ca7647da445a5b2ef130f3852845ccb68,README.md,217,structure-body protection surface,https://raw.githubusercontent.com/SeungeFlow/SeungeFlow/1fa5f28ca7647da445a5b2ef130f3852845ccb68/README.md,B. 3 과 7 = 3 <> (4) <> 3
7,SeungeFlow/SeungeFlow,first_flow,1fa5f28ca7647da445a5b2ef130f3852845ccb68,README.md,217,structure-body protection surface,https://raw.githubusercontent.com/SeungeFlow/SeungeFlow/1fa5f28ca7647da445a5b2ef130f3852845ccb68/README.md,B. 3 과 7 = 3 <> (4) <> 3
3,SeungeFlow/SeungeFlow,first_flow,1fa5f28ca7647da445a5b2ef130f3852845ccb68,README.md,217,structure-body protection surface,https://raw.githubusercontent.com/SeungeFlow/SeungeFlow/1fa5f28ca7647da445a5b2ef130f3852845ccb68/README.md,B. 3 과 7 = 3 <> (4) <> 3
4,SeungeFlow/SeungeFlow,first_flow,1fa5f28ca7647da445a5b2ef130f3852845ccb68,README.md,217,structure-body protection surface,https://raw.githubusercontent.com/SeungeFlow/SeungeFlow/1fa5f28ca7647da445a5b2ef130f3852845ccb68/README.md,B. 3 과 7 = 3 <> (4) <> 3
3,SeungeFlow/SeungeFlow,first_flow,1fa5f28ca7647da445a5b2ef130f3852845ccb68,README.md,217,structure-body protection surface,https://raw.githubusercontent.com/SeungeFlow/SeungeFlow/1fa5f28ca7647da445a5b2ef130f3852845ccb68/README.md,B. 3 과 7 = 3 <> (4) <> 3
3,SeungeFlow/SeungeFlow,first_flow,1fa5f28ca7647da445a5b2ef130f3852845ccb68,README.md,219,structure-body protection surface,https://raw.githubusercontent.com/SeungeFlow/SeungeFlow/1fa5f28ca7647da445a5b2ef130f3852845ccb68/README.md,3은 7과 다른 개념이다.
은,SeungeFlow/SeungeFlow,first_flow,1fa5f28ca7647da445a5b2ef130f3852845ccb68,README.md,219,structure-body protection surface,https://raw.githubusercontent.com/SeungeFlow/SeungeFlow/1fa5f28ca7647da445a5b2ef130f3852845ccb68/README.md,3은 7과 다른 개념이다.
7,SeungeFlow/SeungeFlow,first_flow,1fa5f28ca7647da445a5b2ef130f3852845ccb68,README.md,219,structure-body protection surface,https://raw.githubusercontent.com/SeungeFlow/SeungeFlow/1fa5f28ca7647da445a5b2ef130f3852845ccb68/README.md,3은 7과 다른 개념이다.
과,SeungeFlow/SeungeFlow,first_flow,1fa5f28ca7647da445a5b2ef130f3852845ccb68,README.md,219,structure-body protection surface,https://raw.githubusercontent.com/SeungeFlow/SeungeFlow/1fa5f28ca7647da445a5b2ef130f3852845ccb68/README.md,3은 7과 다른 개념이다.
다른,SeungeFlow/SeungeFlow,first_flow,1fa5f28ca7647da445a5b2ef130f3852845ccb68,README.md,219,structure-body protection surface,https://raw.githubusercontent.com/SeungeFlow/SeungeFlow/1fa5f28ca7647da445a5b2ef130f3852845ccb68/README.md,3은 7과 다른 개념이다.
개념이다,SeungeFlow/SeungeFlow,first_flow,1fa5f28ca7647da445a5b2ef130f3852845ccb68,README.md,219,structure-body protection surface,https://raw.githubusercontent.com/SeungeFlow/SeungeFlow/1fa5f28ca7647da445a5b2ef130f3852845ccb68/README.md,3은 7과 다른 개념이다.
7,SeungeFlow/SeungeFlow,first_flow,1fa5f28ca7647da445a5b2ef130f3852845ccb68,README.md,221,structure-body protection surface,https://raw.githubusercontent.com/SeungeFlow/SeungeFlow/1fa5f28ca7647da445a5b2ef130f3852845ccb68/README.md,7은 3 <> (1) <> 3 / 이 구조의 대표예시가 중성자별의 중심핵의 전자기장의 나비날개360도 적도중심 토러스 허리띠 졸라맴 구조이다.
은,SeungeFlow/SeungeFlow,first_flow,1fa5f28ca7647da445a5b2ef130f3852845ccb68,README.md,221,structure-body protection surface,https://raw.githubusercontent.com/SeungeFlow/SeungeFlow/1fa5f28ca7647da445a5b2ef130f3852845ccb68/README.md,7은 3 <> (1) <> 3 / 이 구조의 대표예시가 중성자별의 중심핵의 전자기장의 나비날개360도 적도중심 토러스 허리띠 졸라맴 구조이다.
3,SeungeFlow/SeungeFlow,first_flow,1fa5f28ca7647da445a5b2ef130f3852845ccb68,README.md,221,structure-body protection surface,https://raw.githubusercontent.com/SeungeFlow/SeungeFlow/1fa5f28ca7647da445a5b2ef130f3852845ccb68/README.md,7은 3 <> (1) <> 3 / 이 구조의 대표예시가 중성자별의 중심핵의 전자기장의 나비날개360도 적도중심 토러스 허리띠 졸라맴 구조이다.
1,SeungeFlow/SeungeFlow,first_flow,1fa5f28ca7647da445a5b2ef130f3852845ccb68,README.md,221,structure-body protection surface,https://raw.githubusercontent.com/SeungeFlow/SeungeFlow/1fa5f28ca7647da445a5b2ef130f3852845ccb68/README.md,7은 3 <> (1) <> 3 / 이 구조의 대표예시가 중성자별의 중심핵의 전자기장의 나비날개360도 적도중심 토러스 허리띠 졸라맴 구조이다.
3,SeungeFlow/SeungeFlow,first_flow,1fa5f28ca7647da445a5b2ef130f3852845ccb68,README.md,221,structure-body protection surface,https://raw.githubusercontent.com/SeungeFlow/SeungeFlow/1fa5f28ca7647da445a5b2ef130f3852845ccb68/README.md,7은 3 <> (1) <> 3 / 이 구조의 대표예시가 중성자별의 중심핵의 전자기장의 나비날개360도 적도중심 토러스 허리띠 졸라맴 구조이다.
이,SeungeFlow/SeungeFlow,first_flow,1fa5f28ca7647da445a5b2ef130f3852845ccb68,README.md,221,structure-body protection surface,https://raw.githubusercontent.com/SeungeFlow/SeungeFlow/1fa5f28ca7647da445a5b2ef130f3852845ccb68/README.md,7은 3 <> (1) <> 3 / 이 구조의 대표예시가 중성자별의 중심핵의 전자기장의 나비날개360도 적도중심 토러스 허리띠 졸라맴 구조이다.
구조의,SeungeFlow/SeungeFlow,first_flow,1fa5f28ca7647da445a5b2ef130f3852845ccb68,README.md,221,structure-body protection surface,https://raw.githubusercontent.com/SeungeFlow/SeungeFlow/1fa5f28ca7647da445a5b2ef130f3852845ccb68/README.md,7은 3 <> (1) <> 3 / 이 구조의 대표예시가 중성자별의 중심핵의 전자기장의 나비날개360도 적도중심 토러스 허리띠 졸라맴 구조이다.
대표예시가,SeungeFlow/SeungeFlow,first_flow,1fa5f28ca7647da445a5b2ef130f3852845ccb68,README.md,221,structure-body protection surface,https://raw.githubusercontent.com/SeungeFlow/SeungeFlow/1fa5f28ca7647da445a5b2ef130f3852845ccb68/README.md,7은 3 <> (1) <> 3 / 이 구조의 대표예시가 중성자별의 중심핵의 전자기장의 나비날개360도 적도중심 토러스 허리띠 졸라맴 구조이다.
중성자별의,SeungeFlow/SeungeFlow,first_flow,1fa5f28ca7647da445a5b2ef130f3852845ccb68,README.md,221,structure-body protection surface,https://raw.githubusercontent.com/SeungeFlow/SeungeFlow/1fa5f28ca7647da445a5b2ef130f3852845ccb68/README.md,7은 3 <> (1) <> 3 / 이 구조의 대표예시가 중성자별의 중심핵의 전자기장의 나비날개360도 적도중심 토러스 허리띠 졸라맴 구조이다.
중심핵의,SeungeFlow/SeungeFlow,first_flow,1fa5f28ca7647da445a5b2ef130f3852845ccb68,README.md,221,structure-body protection surface,https://raw.githubusercontent.com/SeungeFlow/SeungeFlow/1fa5f28ca7647da445a5b2ef130f3852845ccb68/README.md,7은 3 <> (1) <> 3 / 이 구조의 대표예시가 중성자별의 중심핵의 전자기장의 나비날개360도 적도중심 토러스 허리띠 졸라맴 구조이다.
전자기장의,SeungeFlow/SeungeFlow,first_flow,1fa5f28ca7647da445a5b2ef130f3852845ccb68,README.md,221,structure-body protection surface,https://raw.githubusercontent.com/SeungeFlow/SeungeFlow/1fa5f28ca7647da445a5b2ef130f3852845ccb68/README.md,7은 3 <> (1) <> 3 / 이 구조의 대표예시가 중성자별의 중심핵의 전자기장의 나비날개360도 적도중심 토러스 허리띠 졸라맴 구조이다.
나비날개,SeungeFlow/SeungeFlow,first_flow,1fa5f28ca7647da445a5b2ef130f3852845ccb68,README.md,221,structure-body protection surface,https://raw.githubusercontent.com/SeungeFlow/SeungeFlow/1fa5f28ca7647da445a5b2ef130f3852845ccb68/README.md,7은 3 <> (1) <> 3 / 이 구조의 대표예시가 중성자별의 중심핵의 전자기장의 나비날개360도 적도중심 토러스 허리띠 졸라맴 구조이다.
360,SeungeFlow/SeungeFlow,first_flow,1fa5f28ca7647da445a5b2ef130f3852845ccb68,README.md,221,structure-body protection surface,https://raw.githubusercontent.com/SeungeFlow/SeungeFlow/1fa5f28ca7647da445a5b2ef130f3852845ccb68/README.md,7은 3 <> (1) <> 3 / 이 구조의 대표예시가 중성자별의 중심핵의 전자기장의 나비날개360도 적도중심 토러스 허리띠 졸라맴 구조이다.
도,SeungeFlow/SeungeFlow,first_flow,1fa5f28ca7647da445a5b2ef130f3852845ccb68,README.md,221,structure-body protection surface,https://raw.githubusercontent.com/SeungeFlow/SeungeFlow/1fa5f28ca7647da445a5b2ef130f3852845ccb68/README.md,7은 3 <> (1) <> 3 / 이 구조의 대표예시가 중성자별의 중심핵의 전자기장의 나비날개360도 적도중심 토러스 허리띠 졸라맴 구조이다.
적도중심,SeungeFlow/SeungeFlow,first_flow,1fa5f28ca7647da445a5b2ef130f3852845ccb68,README.md,221,structure-body protection surface,https://raw.githubusercontent.com/SeungeFlow/SeungeFlow/1fa5f28ca7647da445a5b2ef130f3852845ccb68/README.md,7은 3 <> (1) <> 3 / 이 구조의 대표예시가 중성자별의 중심핵의 전자기장의 나비날개360도 적도중심 토러스 허리띠 졸라맴 구조이다.
토러스,SeungeFlow/SeungeFlow,first_flow,1fa5f28ca7647da445a5b2ef130f3852845ccb68,README.md,221,structure-body protection surface,https://raw.githubusercontent.com/SeungeFlow/SeungeFlow/1fa5f28ca7647da445a5b2ef130f3852845ccb68/README.md,7은 3 <> (1) <> 3 / 이 구조의 대표예시가 중성자별의 중심핵의 전자기장의 나비날개360도 적도중심 토러스 허리띠 졸라맴 구조이다.
허리띠,SeungeFlow/SeungeFlow,first_flow,1fa5f28ca7647da445a5b2ef130f3852845ccb68,README.md,221,structure-body protection surface,https://raw.githubusercontent.com/SeungeFlow/SeungeFlow/1fa5f28ca7647da445a5b2ef130f3852845ccb68/README.md,7은 3 <> (1) <> 3 / 이 구조의 대표예시가 중성자별의 중심핵의 전자기장의 나비날개360도 적도중심 토러스 허리띠 졸라맴 구조이다.
졸라맴,SeungeFlow/SeungeFlow,first_flow,1fa5f28ca7647da445a5b2ef130f3852845ccb68,README.md,221,structure-body protection surface,https://raw.githubusercontent.com/SeungeFlow/SeungeFlow/1fa5f28ca7647da445a5b2ef130f3852845ccb68/README.md,7은 3 <> (1) <> 3 / 이 구조의 대표예시가 중성자별의 중심핵의 전자기장의 나비날개360도 적도중심 토러스 허리띠 졸라맴 구조이다.
구조이다,SeungeFlow/SeungeFlow,first_flow,1fa5f28ca7647da445a5b2ef130f3852845ccb68,README.md,221,structure-body protection surface,https://raw.githubusercontent.com/SeungeFlow/SeungeFlow/1fa5f28ca7647da445a5b2ef130f3852845ccb68/README.md,7은 3 <> (1) <> 3 / 이 구조의 대표예시가 중성자별의 중심핵의 전자기장의 나비날개360도 적도중심 토러스 허리띠 졸라맴 구조이다.
그렇다면,SeungeFlow/SeungeFlow,first_flow,1fa5f28ca7647da445a5b2ef130f3852845ccb68,README.md,223,structure-body protection surface,https://raw.githubusercontent.com/SeungeFlow/SeungeFlow/1fa5f28ca7647da445a5b2ef130f3852845ccb68/README.md,그렇다면 기존 3은 표시된 3과 다르다.
기존,SeungeFlow/SeungeFlow,first_flow,1fa5f28ca7647da445a5b2ef130f3852845ccb68,README.md,223,structure-body protection surface,https://raw.githubusercontent.com/SeungeFlow/SeungeFlow/1fa5f28ca7647da445a5b2ef130f3852845ccb68/README.md,그렇다면 기존 3은 표시된 3과 다르다.
3,SeungeFlow/SeungeFlow,first_flow,1fa5f28ca7647da445a5b2ef130f3852845ccb68,README.md,223,structure-body protection surface,https://raw.githubusercontent.com/SeungeFlow/SeungeFlow/1fa5f28ca7647da445a5b2ef130f3852845ccb68/README.md,그렇다면 기존 3은 표시된 3과 다르다.
은,SeungeFlow/SeungeFlow,first_flow,1fa5f28ca7647da445a5b2ef130f3852845ccb68,README.md,223,structure-body protection surface,https://raw.githubusercontent.com/SeungeFlow/SeungeFlow/1fa5f28ca7647da445a5b2ef130f3852845ccb68/README.md,그렇다면 기존 3은 표시된 3과 다르다.
표시된,SeungeFlow/SeungeFlow,first_flow,1fa5f28ca7647da445a5b2ef130f3852845ccb68,README.md,223,structure-body protection surface,https://raw.githubusercontent.com/SeungeFlow/SeungeFlow/1fa5f28ca7647da445a5b2ef130f3852845ccb68/README.md,그렇다면 기존 3은 표시된 3과 다르다.
3,SeungeFlow/SeungeFlow,first_flow,1fa5f28ca7647da445a5b2ef130f3852845ccb68,README.md,223,structure-body protection surface,https://raw.githubusercontent.com/SeungeFlow/SeungeFlow/1fa5f28ca7647da445a5b2ef130f3852845ccb68/README.md,그렇다면 기존 3은 표시된 3과 다르다.
과,SeungeFlow/SeungeFlow,first_flow,1fa5f28ca7647da445a5b2ef130f3852845ccb68,README.md,223,structure-body protection surface,https://raw.githubusercontent.com/SeungeFlow/SeungeFlow/1fa5f28ca7647da445a5b2ef130f3852845ccb68/README.md,그렇다면 기존 3은 표시된 3과 다르다.
다르다,SeungeFlow/SeungeFlow,first_flow,1fa5f28ca7647da445a5b2ef130f3852845ccb68,README.md,223,structure-body protection surface,https://raw.githubusercontent.com/SeungeFlow/SeungeFlow/1fa5f28ca7647da445a5b2ef130f3852845ccb68/README.md,그렇다면 기존 3은 표시된 3과 다르다.
3,SeungeFlow/SeungeFlow,first_flow,1fa5f28ca7647da445a5b2ef130f3852845ccb68,README.md,225,structure-body protection surface,https://raw.githubusercontent.com/SeungeFlow/SeungeFlow/1fa5f28ca7647da445a5b2ef130f3852845ccb68/README.md,3은 다른 것이다.
은,SeungeFlow/SeungeFlow,first_flow,1fa5f28ca7647da445a5b2ef130f3852845ccb68,README.md,225,structure-body protection surface,https://raw.githubusercontent.com/SeungeFlow/SeungeFlow/1fa5f28ca7647da445a5b2ef130f3852845ccb68/README.md,3은 다른 것이다.
다른,SeungeFlow/SeungeFlow,first_flow,1fa5f28ca7647da445a5b2ef130f3852845ccb68,README.md,225,structure-body protection surface,https://raw.githubusercontent.com/SeungeFlow/SeungeFlow/1fa5f28ca7647da445a5b2ef130f3852845ccb68/README.md,3은 다른 것이다.
것이다,SeungeFlow/SeungeFlow,first_flow,1fa5f28ca7647da445a5b2ef130f3852845ccb68,README.md,225,structure-body protection surface,https://raw.githubusercontent.com/SeungeFlow/SeungeFlow/1fa5f28ca7647da445a5b2ef130f3852845ccb68/README.md,3은 다른 것이다.
핵을,SeungeFlow/SeungeFlow,first_flow,1fa5f28ca7647da445a5b2ef130f3852845ccb68,README.md,227,structure-body protection surface,https://raw.githubusercontent.com/SeungeFlow/SeungeFlow/1fa5f28ca7647da445a5b2ef130f3852845ccb68/README.md,"- 핵을 이루는 핵에너지상황 ㅎ >>> ""점 : . """
이루는,SeungeFlow/SeungeFlow,first_flow,1fa5f28ca7647da445a5b2ef130f3852845ccb68,README.md,227,structure-body protection surface,https://raw.githubusercontent.com/SeungeFlow/SeungeFlow/1fa5f28ca7647da445a5b2ef130f3852845ccb68/README.md,"- 핵을 이루는 핵에너지상황 ㅎ >>> ""점 : . """
핵에너지상황,SeungeFlow/SeungeFlow,first_flow,1fa5f28ca7647da445a5b2ef130f3852845ccb68,README.md,227,structure-body protection surface,https://raw.githubusercontent.com/SeungeFlow/SeungeFlow/1fa5f28ca7647da445a5b2ef130f3852845ccb68/README.md,"- 핵을 이루는 핵에너지상황 ㅎ >>> ""점 : . """
점,SeungeFlow/SeungeFlow,first_flow,1fa5f28ca7647da445a5b2ef130f3852845ccb68,README.md,227,structure-body protection surface,https://raw.githubusercontent.com/SeungeFlow/SeungeFlow/1fa5f28ca7647da445a5b2ef130f3852845ccb68/README.md,"- 핵을 이루는 핵에너지상황 ㅎ >>> ""점 : . """
양극을,SeungeFlow/SeungeFlow,first_flow,1fa5f28ca7647da445a5b2ef130f3852845ccb68,README.md,228,structure-body protection surface,https://raw.githubusercontent.com/SeungeFlow/SeungeFlow/1fa5f28ca7647da445a5b2ef130f3852845ccb68/README.md,"- 양극을 기준으로 연결한 Axis >>> ""수직선 : ㅣ"""
기준으로,SeungeFlow/SeungeFlow,first_flow,1fa5f28ca7647da445a5b2ef130f3852845ccb68,README.md,228,structure-body protection surface,https://raw.githubusercontent.com/SeungeFlow/SeungeFlow/1fa5f28ca7647da445a5b2ef130f3852845ccb68/README.md,"- 양극을 기준으로 연결한 Axis >>> ""수직선 : ㅣ"""
연결한,SeungeFlow/SeungeFlow,first_flow,1fa5f28ca7647da445a5b2ef130f3852845ccb68,README.md,228,structure-body protection surface,https://raw.githubusercontent.com/SeungeFlow/SeungeFlow/1fa5f28ca7647da445a5b2ef130f3852845ccb68/README.md,"- 양극을 기준으로 연결한 Axis >>> ""수직선 : ㅣ"""
Axis,SeungeFlow/SeungeFlow,first_flow,1fa5f28ca7647da445a5b2ef130f3852845ccb68,README.md,228,structure-body protection surface,https://raw.githubusercontent.com/SeungeFlow/SeungeFlow/1fa5f28ca7647da445a5b2ef130f3852845ccb68/README.md,"- 양극을 기준으로 연결한 Axis >>> ""수직선 : ㅣ"""
수직선,SeungeFlow/SeungeFlow,first_flow,1fa5f28ca7647da445a5b2ef130f3852845ccb68,README.md,228,structure-body protection surface,https://raw.githubusercontent.com/SeungeFlow/SeungeFlow/1fa5f28ca7647da445a5b2ef130f3852845ccb68/README.md,"- 양극을 기준으로 연결한 Axis >>> ""수직선 : ㅣ"""
적도,SeungeFlow/SeungeFlow,first_flow,1fa5f28ca7647da445a5b2ef130f3852845ccb68,README.md,229,structure-body protection surface,https://raw.githubusercontent.com/SeungeFlow/SeungeFlow/1fa5f28ca7647da445a5b2ef130f3852845ccb68/README.md,"- 적도 토러스 Axis >>> ""수평선 : ㅡ"""
토러스,SeungeFlow/SeungeFlow,first_flow,1fa5f28ca7647da445a5b2ef130f3852845ccb68,README.md,229,structure-body protection surface,https://raw.githubusercontent.com/SeungeFlow/SeungeFlow/1fa5f28ca7647da445a5b2ef130f3852845ccb68/README.md,"- 적도 토러스 Axis >>> ""수평선 : ㅡ"""
Axis,SeungeFlow/SeungeFlow,first_flow,1fa5f28ca7647da445a5b2ef130f3852845ccb68,README.md,229,structure-body protection surface,https://raw.githubusercontent.com/SeungeFlow/SeungeFlow/1fa5f28ca7647da445a5b2ef130f3852845ccb68/README.md,"- 적도 토러스 Axis >>> ""수평선 : ㅡ"""
수평선,SeungeFlow/SeungeFlow,first_flow,1fa5f28ca7647da445a5b2ef130f3852845ccb68,README.md,229,structure-body protection surface,https://raw.githubusercontent.com/SeungeFlow/SeungeFlow/1fa5f28ca7647da445a5b2ef130f3852845ccb68/README.md,"- 적도 토러스 Axis >>> ""수평선 : ㅡ"""
3,SeungeFlow/SeungeFlow,first_flow,1fa5f28ca7647da445a5b2ef130f3852845ccb68,README.md,231,structure-body protection surface,https://raw.githubusercontent.com/SeungeFlow/SeungeFlow/1fa5f28ca7647da445a5b2ef130f3852845ccb68/README.md,3은 성질이고 7은 성향.
은,SeungeFlow/SeungeFlow,first_flow,1fa5f28ca7647da445a5b2ef130f3852845ccb68,README.md,231,structure-body protection surface,https://raw.githubusercontent.com/SeungeFlow/SeungeFlow/1fa5f28ca7647da445a5b2ef130f3852845ccb68/README.md,3은 성질이고 7은 성향.
성질이고,SeungeFlow/SeungeFlow,first_flow,1fa5f28ca7647da445a5b2ef130f3852845ccb68,README.md,231,structure-body protection surface,https://raw.githubusercontent.com/SeungeFlow/SeungeFlow/1fa5f28ca7647da445a5b2ef130f3852845ccb68/README.md,3은 성질이고 7은 성향.
7,SeungeFlow/SeungeFlow,first_flow,1fa5f28ca7647da445a5b2ef130f3852845ccb68,README.md,231,structure-body protection surface,https://raw.githubusercontent.com/SeungeFlow/SeungeFlow/1fa5f28ca7647da445a5b2ef130f3852845ccb68/README.md,3은 성질이고 7은 성향.
은,SeungeFlow/SeungeFlow,first_flow,1fa5f28ca7647da445a5b2ef130f3852845ccb68,README.md,231,structure-body protection surface,https://raw.githubusercontent.com/SeungeFlow/SeungeFlow/1fa5f28ca7647da445a5b2ef130f3852845ccb68/README.md,3은 성질이고 7은 성향.
성향,SeungeFlow/SeungeFlow,first_flow,1fa5f28ca7647da445a5b2ef130f3852845ccb68,README.md,231,structure-body protection surface,https://raw.githubusercontent.com/SeungeFlow/SeungeFlow/1fa5f28ca7647da445a5b2ef130f3852845ccb68/README.md,3은 성질이고 7은 성향.
매질은,SeungeFlow/SeungeFlow,first_flow,1fa5f28ca7647da445a5b2ef130f3852845ccb68,README.md,234,structure-body protection surface,https://raw.githubusercontent.com/SeungeFlow/SeungeFlow/1fa5f28ca7647da445a5b2ef130f3852845ccb68/README.md,☆ 매질은
지구기준,SeungeFlow/SeungeFlow,first_flow,1fa5f28ca7647da445a5b2ef130f3852845ccb68,README.md,235,structure-body protection surface,https://raw.githubusercontent.com/SeungeFlow/SeungeFlow/1fa5f28ca7647da445a5b2ef130f3852845ccb68/README.md,- 지구기준 air 와 물(내부에 공기있다)
air,SeungeFlow/SeungeFlow,first_flow,1fa5f28ca7647da445a5b2ef130f3852845ccb68,README.md,235,structure-body protection surface,https://raw.githubusercontent.com/SeungeFlow/SeungeFlow/1fa5f28ca7647da445a5b2ef130f3852845ccb68/README.md,- 지구기준 air 와 물(내부에 공기있다)
와,SeungeFlow/SeungeFlow,first_flow,1fa5f28ca7647da445a5b2ef130f3852845ccb68,README.md,235,structure-body protection surface,https://raw.githubusercontent.com/SeungeFlow/SeungeFlow/1fa5f28ca7647da445a5b2ef130f3852845ccb68/README.md,- 지구기준 air 와 물(내부에 공기있다)
물,SeungeFlow/SeungeFlow,first_flow,1fa5f28ca7647da445a5b2ef130f3852845ccb68,README.md,235,structure-body protection surface,https://raw.githubusercontent.com/SeungeFlow/SeungeFlow/1fa5f28ca7647da445a5b2ef130f3852845ccb68/README.md,- 지구기준 air 와 물(내부에 공기있다)
내부에,SeungeFlow/SeungeFlow,first_flow,1fa5f28ca7647da445a5b2ef130f3852845ccb68,README.md,235,structure-body protection surface,https://raw.githubusercontent.com/SeungeFlow/SeungeFlow/1fa5f28ca7647da445a5b2ef130f3852845ccb68/README.md,- 지구기준 air 와 물(내부에 공기있다)
공기있다,SeungeFlow/SeungeFlow,first_flow,1fa5f28ca7647da445a5b2ef130f3852845ccb68,README.md,235,structure-body protection surface,https://raw.githubusercontent.com/SeungeFlow/SeungeFlow/1fa5f28ca7647da445a5b2ef130f3852845ccb68/README.md,- 지구기준 air 와 물(내부에 공기있다)
우주기준,SeungeFlow/SeungeFlow,first_flow,1fa5f28ca7647da445a5b2ef130f3852845ccb68,README.md,236,structure-body protection surface,https://raw.githubusercontent.com/SeungeFlow/SeungeFlow/1fa5f28ca7647da445a5b2ef130f3852845ccb68/README.md,- 우주기준 암흑에너지
암흑에너지,SeungeFlow/SeungeFlow,first_flow,1fa5f28ca7647da445a5b2ef130f3852845ccb68,README.md,236,structure-body protection surface,https://raw.githubusercontent.com/SeungeFlow/SeungeFlow/1fa5f28ca7647da445a5b2ef130f3852845ccb68/README.md,- 우주기준 암흑에너지
경제기준,SeungeFlow/SeungeFlow,first_flow,1fa5f28ca7647da445a5b2ef130f3852845ccb68,README.md,237,structure-body protection surface,https://raw.githubusercontent.com/SeungeFlow/SeungeFlow/1fa5f28ca7647da445a5b2ef130f3852845ccb68/README.md,- 경제기준 자본 ohlc
자본,SeungeFlow/SeungeFlow,first_flow,1fa5f28ca7647da445a5b2ef130f3852845ccb68,README.md,237,structure-body protection surface,https://raw.githubusercontent.com/SeungeFlow/SeungeFlow/1fa5f28ca7647da445a5b2ef130f3852845ccb68/README.md,- 경제기준 자본 ohlc
ohlc,SeungeFlow/SeungeFlow,first_flow,1fa5f28ca7647da445a5b2ef130f3852845ccb68,README.md,237,structure-body protection surface,https://raw.githubusercontent.com/SeungeFlow/SeungeFlow/1fa5f28ca7647da445a5b2ef130f3852845ccb68/README.md,- 경제기준 자본 ohlc
전쟁기준,SeungeFlow/SeungeFlow,first_flow,1fa5f28ca7647da445a5b2ef130f3852845ccb68,README.md,238,structure-body protection surface,https://raw.githubusercontent.com/SeungeFlow/SeungeFlow/1fa5f28ca7647da445a5b2ef130f3852845ccb68/README.md,- 전쟁기준 전략물자
전략물자,SeungeFlow/SeungeFlow,first_flow,1fa5f28ca7647da445a5b2ef130f3852845ccb68,README.md,238,structure-body protection surface,https://raw.githubusercontent.com/SeungeFlow/SeungeFlow/1fa5f28ca7647da445a5b2ef130f3852845ccb68/README.md,- 전쟁기준 전략물자
내,SeungeFlow/SeungeFlow,first_flow,1fa5f28ca7647da445a5b2ef130f3852845ccb68,README.md,239,structure-body protection surface,https://raw.githubusercontent.com/SeungeFlow/SeungeFlow/1fa5f28ca7647da445a5b2ef130f3852845ccb68/README.md,- 내 기준은 구조지식
기준은,SeungeFlow/SeungeFlow,first_flow,1fa5f28ca7647da445a5b2ef130f3852845ccb68,README.md,239,structure-body protection surface,https://raw.githubusercontent.com/SeungeFlow/SeungeFlow/1fa5f28ca7647da445a5b2ef130f3852845ccb68/README.md,- 내 기준은 구조지식
구조지식,SeungeFlow/SeungeFlow,first_flow,1fa5f28ca7647da445a5b2ef130f3852845ccb68,README.md,239,structure-body protection surface,https://raw.githubusercontent.com/SeungeFlow/SeungeFlow/1fa5f28ca7647da445a5b2ef130f3852845ccb68/README.md,- 내 기준은 구조지식
훈민정음,SeungeFlow/SeungeFlow,first_flow,1fa5f28ca7647da445a5b2ef130f3852845ccb68,README.md,245,structure-body protection surface,https://raw.githubusercontent.com/SeungeFlow/SeungeFlow/1fa5f28ca7647da445a5b2ef130f3852845ccb68/README.md,# 훈민정음 해례본 제자원리의 자연계 구조동일성 / 2026-03-30 이후 깨달음의 기록
해례본,SeungeFlow/SeungeFlow,first_flow,1fa5f28ca7647da445a5b2ef130f3852845ccb68,README.md,245,structure-body protection surface,https://raw.githubusercontent.com/SeungeFlow/SeungeFlow/1fa5f28ca7647da445a5b2ef130f3852845ccb68/README.md,# 훈민정음 해례본 제자원리의 자연계 구조동일성 / 2026-03-30 이후 깨달음의 기록
제자원리의,SeungeFlow/SeungeFlow,first_flow,1fa5f28ca7647da445a5b2ef130f3852845ccb68,README.md,245,structure-body protection surface,https://raw.githubusercontent.com/SeungeFlow/SeungeFlow/1fa5f28ca7647da445a5b2ef130f3852845ccb68/README.md,# 훈민정음 해례본 제자원리의 자연계 구조동일성 / 2026-03-30 이후 깨달음의 기록
자연계,SeungeFlow/SeungeFlow,first_flow,1fa5f28ca7647da445a5b2ef130f3852845ccb68,README.md,245,structure-body protection surface,https://raw.githubusercontent.com/SeungeFlow/SeungeFlow/1fa5f28ca7647da445a5b2ef130f3852845ccb68/README.md,# 훈민정음 해례본 제자원리의 자연계 구조동일성 / 2026-03-30 이후 깨달음의 기록
구조동일성,SeungeFlow/SeungeFlow,first_flow,1fa5f28ca7647da445a5b2ef130f3852845ccb68,README.md,245,structure-body protection surface,https://raw.githubusercontent.com/SeungeFlow/SeungeFlow/1fa5f28ca7647da445a5b2ef130f3852845ccb68/README.md,# 훈민정음 해례본 제자원리의 자연계 구조동일성 / 2026-03-30 이후 깨달음의 기록
2026,SeungeFlow/SeungeFlow,first_flow,1fa5f28ca7647da445a5b2ef130f3852845ccb68,README.md,245,structure-body protection surface,https://raw.githubusercontent.com/SeungeFlow/SeungeFlow/1fa5f28ca7647da445a5b2ef130f3852845ccb68/README.md,# 훈민정음 해례본 제자원리의 자연계 구조동일성 / 2026-03-30 이후 깨달음의 기록
03,SeungeFlow/SeungeFlow,first_flow,1fa5f28ca7647da445a5b2ef130f3852845ccb68,README.md,245,structure-body protection surface,https://raw.githubusercontent.com/SeungeFlow/SeungeFlow/1fa5f28ca7647da445a5b2ef130f3852845ccb68/README.md,# 훈민정음 해례본 제자원리의 자연계 구조동일성 / 2026-03-30 이후 깨달음의 기록
30,SeungeFlow/SeungeFlow,first_flow,1fa5f28ca7647da445a5b2ef130f3852845ccb68,README.md,245,structure-body protection surface,https://raw.githubusercontent.com/SeungeFlow/SeungeFlow/1fa5f28ca7647da445a5b2ef130f3852845ccb68/README.md,# 훈민정음 해례본 제자원리의 자연계 구조동일성 / 2026-03-30 이후 깨달음의 기록
이후,SeungeFlow/SeungeFlow,first_flow,1fa5f28ca7647da445a5b2ef130f3852845ccb68,README.md,245,structure-body protection surface,https://raw.githubusercontent.com/SeungeFlow/SeungeFlow/1fa5f28ca7647da445a5b2ef130f3852845ccb68/README.md,# 훈민정음 해례본 제자원리의 자연계 구조동일성 / 2026-03-30 이후 깨달음의 기록
깨달음의,SeungeFlow/SeungeFlow,first_flow,1fa5f28ca7647da445a5b2ef130f3852845ccb68,README.md,245,structure-body protection surface,https://raw.githubusercontent.com/SeungeFlow/SeungeFlow/1fa5f28ca7647da445a5b2ef130f3852845ccb68/README.md,# 훈민정음 해례본 제자원리의 자연계 구조동일성 / 2026-03-30 이후 깨달음의 기록
기록,SeungeFlow/SeungeFlow,first_flow,1fa5f28ca7647da445a5b2ef130f3852845ccb68,README.md,245,structure-body protection surface,https://raw.githubusercontent.com/SeungeFlow/SeungeFlow/1fa5f28ca7647da445a5b2ef130f3852845ccb68/README.md,# 훈민정음 해례본 제자원리의 자연계 구조동일성 / 2026-03-30 이후 깨달음의 기록
1,SeungeFlow/SeungeFlow,first_flow,1fa5f28ca7647da445a5b2ef130f3852845ccb68,README.md,249,structure-body protection surface,https://raw.githubusercontent.com/SeungeFlow/SeungeFlow/1fa5f28ca7647da445a5b2ef130f3852845ccb68/README.md,1. 시작점
시작점,SeungeFlow/SeungeFlow,first_flow,1fa5f28ca7647da445a5b2ef130f3852845ccb68,README.md,249,structure-body protection surface,https://raw.githubusercontent.com/SeungeFlow/SeungeFlow/1fa5f28ca7647da445a5b2ef130f3852845ccb68/README.md,1. 시작점
본,SeungeFlow/SeungeFlow,first_flow,1fa5f28ca7647da445a5b2ef130f3852845ccb68,README.md,251,structure-body protection surface,https://raw.githubusercontent.com/SeungeFlow/SeungeFlow/1fa5f28ca7647da445a5b2ef130f3852845ccb68/README.md,본 구조의 시작점은 README.md이다.
구조의,SeungeFlow/SeungeFlow,first_flow,1fa5f28ca7647da445a5b2ef130f3852845ccb68,README.md,251,structure-body protection surface,https://raw.githubusercontent.com/SeungeFlow/SeungeFlow/1fa5f28ca7647da445a5b2ef130f3852845ccb68/README.md,본 구조의 시작점은 README.md이다.
시작점은,SeungeFlow/SeungeFlow,first_flow,1fa5f28ca7647da445a5b2ef130f3852845ccb68,README.md,251,structure-body protection surface,https://raw.githubusercontent.com/SeungeFlow/SeungeFlow/1fa5f28ca7647da445a5b2ef130f3852845ccb68/README.md,본 구조의 시작점은 README.md이다.
이다,SeungeFlow/SeungeFlow,first_flow,1fa5f28ca7647da445a5b2ef130f3852845ccb68,README.md,251,structure-body protection surface,https://raw.githubusercontent.com/SeungeFlow/SeungeFlow/1fa5f28ca7647da445a5b2ef130f3852845ccb68/README.md,본 구조의 시작점은 README.md이다.
존재,SeungeFlow/SeungeFlow,first_flow,1fa5f28ca7647da445a5b2ef130f3852845ccb68,README.md,253,structure-body protection surface,https://raw.githubusercontent.com/SeungeFlow/SeungeFlow/1fa5f28ca7647da445a5b2ef130f3852845ccb68/README.md,존재 → 관계 → 차이 → 흐름 → 구조 → 순환
관계,SeungeFlow/SeungeFlow,first_flow,1fa5f28ca7647da445a5b2ef130f3852845ccb68,README.md,253,structure-body protection surface,https://raw.githubusercontent.com/SeungeFlow/SeungeFlow/1fa5f28ca7647da445a5b2ef130f3852845ccb68/README.md,존재 → 관계 → 차이 → 흐름 → 구조 → 순환
차이,SeungeFlow/SeungeFlow,first_flow,1fa5f28ca7647da445a5b2ef130f3852845ccb68,README.md,253,structure-body protection surface,https://raw.githubusercontent.com/SeungeFlow/SeungeFlow/1fa5f28ca7647da445a5b2ef130f3852845ccb68/README.md,존재 → 관계 → 차이 → 흐름 → 구조 → 순환
흐름,SeungeFlow/SeungeFlow,first_flow,1fa5f28ca7647da445a5b2ef130f3852845ccb68,README.md,253,structure-body protection surface,https://raw.githubusercontent.com/SeungeFlow/SeungeFlow/1fa5f28ca7647da445a5b2ef130f3852845ccb68/README.md,존재 → 관계 → 차이 → 흐름 → 구조 → 순환
구조,SeungeFlow/SeungeFlow,first_flow,1fa5f28ca7647da445a5b2ef130f3852845ccb68,README.md,253,structure-body protection surface,https://raw.githubusercontent.com/SeungeFlow/SeungeFlow/1fa5f28ca7647da445a5b2ef130f3852845ccb68/README.md,존재 → 관계 → 차이 → 흐름 → 구조 → 순환
순환,SeungeFlow/SeungeFlow,first_flow,1fa5f28ca7647da445a5b2ef130f3852845ccb68,README.md,253,structure-body protection surface,https://raw.githubusercontent.com/SeungeFlow/SeungeFlow/1fa5f28ca7647da445a5b2ef130f3852845ccb68/README.md,존재 → 관계 → 차이 → 흐름 → 구조 → 순환
모든,SeungeFlow/SeungeFlow,first_flow,1fa5f28ca7647da445a5b2ef130f3852845ccb68,README.md,255,structure-body protection surface,https://raw.githubusercontent.com/SeungeFlow/SeungeFlow/1fa5f28ca7647da445a5b2ef130f3852845ccb68/README.md,모든 구조는 이 흐름을 따른다.
구조는,SeungeFlow/SeungeFlow,first_flow,1fa5f28ca7647da445a5b2ef130f3852845ccb68,README.md,255,structure-body protection surface,https://raw.githubusercontent.com/SeungeFlow/SeungeFlow/1fa5f28ca7647da445a5b2ef130f3852845ccb68/README.md,모든 구조는 이 흐름을 따른다.
이,SeungeFlow/SeungeFlow,first_flow,1fa5f28ca7647da445a5b2ef130f3852845ccb68,README.md,255,structure-body protection surface,https://raw.githubusercontent.com/SeungeFlow/SeungeFlow/1fa5f28ca7647da445a5b2ef130f3852845ccb68/README.md,모든 구조는 이 흐름을 따른다.
흐름을,SeungeFlow/SeungeFlow,first_flow,1fa5f28ca7647da445a5b2ef130f3852845ccb68,README.md,255,structure-body protection surface,https://raw.githubusercontent.com/SeungeFlow/SeungeFlow/1fa5f28ca7647da445a5b2ef130f3852845ccb68/README.md,모든 구조는 이 흐름을 따른다.
따른다,SeungeFlow/SeungeFlow,first_flow,1fa5f28ca7647da445a5b2ef130f3852845ccb68,README.md,255,structure-body protection surface,https://raw.githubusercontent.com/SeungeFlow/SeungeFlow/1fa5f28ca7647da445a5b2ef130f3852845ccb68/README.md,모든 구조는 이 흐름을 따른다.
2,SeungeFlow/SeungeFlow,first_flow,1fa5f28ca7647da445a5b2ef130f3852845ccb68,README.md,259,structure-body protection surface,https://raw.githubusercontent.com/SeungeFlow/SeungeFlow/1fa5f28ca7647da445a5b2ef130f3852845ccb68/README.md,## 2. 제자원리
제자원리,SeungeFlow/SeungeFlow,first_flow,1fa5f28ca7647da445a5b2ef130f3852845ccb68,README.md,259,structure-body protection surface,https://raw.githubusercontent.com/SeungeFlow/SeungeFlow/1fa5f28ca7647da445a5b2ef130f3852845ccb68/README.md,## 2. 제자원리
훈민정음,SeungeFlow/SeungeFlow,first_flow,1fa5f28ca7647da445a5b2ef130f3852845ccb68,README.md,261,structure-body protection surface,https://raw.githubusercontent.com/SeungeFlow/SeungeFlow/1fa5f28ca7647da445a5b2ef130f3852845ccb68/README.md,훈민정음 해례본 제자원리는 다음 최소 구조로 정의된다.
해례본,SeungeFlow/SeungeFlow,first_flow,1fa5f28ca7647da445a5b2ef130f3852845ccb68,README.md,261,structure-body protection surface,https://raw.githubusercontent.com/SeungeFlow/SeungeFlow/1fa5f28ca7647da445a5b2ef130f3852845ccb68/README.md,훈민정음 해례본 제자원리는 다음 최소 구조로 정의된다.
제자원리는,SeungeFlow/SeungeFlow,first_flow,1fa5f28ca7647da445a5b2ef130f3852845ccb68,README.md,261,structure-body protection surface,https://raw.githubusercontent.com/SeungeFlow/SeungeFlow/1fa5f28ca7647da445a5b2ef130f3852845ccb68/README.md,훈민정음 해례본 제자원리는 다음 최소 구조로 정의된다.
다음,SeungeFlow/SeungeFlow,first_flow,1fa5f28ca7647da445a5b2ef130f3852845ccb68,README.md,261,structure-body protection surface,https://raw.githubusercontent.com/SeungeFlow/SeungeFlow/1fa5f28ca7647da445a5b2ef130f3852845ccb68/README.md,훈민정음 해례본 제자원리는 다음 최소 구조로 정의된다.
최소,SeungeFlow/SeungeFlow,first_flow,1fa5f28ca7647da445a5b2ef130f3852845ccb68,README.md,261,structure-body protection surface,https://raw.githubusercontent.com/SeungeFlow/SeungeFlow/1fa5f28ca7647da445a5b2ef130f3852845ccb68/README.md,훈민정음 해례본 제자원리는 다음 최소 구조로 정의된다.
구조로,SeungeFlow/SeungeFlow,first_flow,1fa5f28ca7647da445a5b2ef130f3852845ccb68,README.md,261,structure-body protection surface,https://raw.githubusercontent.com/SeungeFlow/SeungeFlow/1fa5f28ca7647da445a5b2ef130f3852845ccb68/README.md,훈민정음 해례본 제자원리는 다음 최소 구조로 정의된다.
정의된다,SeungeFlow/SeungeFlow,first_flow,1fa5f28ca7647da445a5b2ef130f3852845ccb68,README.md,261,structure-body protection surface,https://raw.githubusercontent.com/SeungeFlow/SeungeFlow/1fa5f28ca7647da445a5b2ef130f3852845ccb68/README.md,훈민정음 해례본 제자원리는 다음 최소 구조로 정의된다.
점,SeungeFlow/SeungeFlow,first_flow,1fa5f28ca7647da445a5b2ef130f3852845ccb68,README.md,263,structure-body protection surface,https://raw.githubusercontent.com/SeungeFlow/SeungeFlow/1fa5f28ca7647da445a5b2ef130f3852845ccb68/README.md,ㆍ (점)
수직,SeungeFlow/SeungeFlow,first_flow,1fa5f28ca7647da445a5b2ef130f3852845ccb68,README.md,264,structure-body protection surface,https://raw.githubusercontent.com/SeungeFlow/SeungeFlow/1fa5f28ca7647da445a5b2ef130f3852845ccb68/README.md,ㅣ (수직)
수평,SeungeFlow/SeungeFlow,first_flow,1fa5f28ca7647da445a5b2ef130f3852845ccb68,README.md,265,structure-body protection surface,https://raw.githubusercontent.com/SeungeFlow/SeungeFlow/1fa5f28ca7647da445a5b2ef130f3852845ccb68/README.md,ㅡ (수평)
닫힘,SeungeFlow/SeungeFlow,first_flow,1fa5f28ca7647da445a5b2ef130f3852845ccb68,README.md,266,structure-body protection surface,https://raw.githubusercontent.com/SeungeFlow/SeungeFlow/1fa5f28ca7647da445a5b2ef130f3852845ccb68/README.md,ㅇ (닫힘)
3,SeungeFlow/SeungeFlow,first_flow,1fa5f28ca7647da445a5b2ef130f3852845ccb68,README.md,270,structure-body protection surface,https://raw.githubusercontent.com/SeungeFlow/SeungeFlow/1fa5f28ca7647da445a5b2ef130f3852845ccb68/README.md,## 3. 구조 생성
구조,SeungeFlow/SeungeFlow,first_flow,1fa5f28ca7647da445a5b2ef130f3852845ccb68,README.md,270,structure-body protection surface,https://raw.githubusercontent.com/SeungeFlow/SeungeFlow/1fa5f28ca7647da445a5b2ef130f3852845ccb68/README.md,## 3. 구조 생성
생성,SeungeFlow/SeungeFlow,first_flow,1fa5f28ca7647da445a5b2ef130f3852845ccb68,README.md,270,structure-body protection surface,https://raw.githubusercontent.com/SeungeFlow/SeungeFlow/1fa5f28ca7647da445a5b2ef130f3852845ccb68/README.md,## 3. 구조 생성
점,SeungeFlow/SeungeFlow,first_flow,1fa5f28ca7647da445a5b2ef130f3852845ccb68,README.md,274,structure-body protection surface,https://raw.githubusercontent.com/SeungeFlow/SeungeFlow/1fa5f28ca7647da445a5b2ef130f3852845ccb68/README.md,점 → 방향 → 확장 → 닫힘 → 순환
방향,SeungeFlow/SeungeFlow,first_flow,1fa5f28ca7647da445a5b2ef130f3852845ccb68,README.md,274,structure-body protection surface,https://raw.githubusercontent.com/SeungeFlow/SeungeFlow/1fa5f28ca7647da445a5b2ef130f3852845ccb68/README.md,점 → 방향 → 확장 → 닫힘 → 순환
확장,SeungeFlow/SeungeFlow,first_flow,1fa5f28ca7647da445a5b2ef130f3852845ccb68,README.md,274,structure-body protection surface,https://raw.githubusercontent.com/SeungeFlow/SeungeFlow/1fa5f28ca7647da445a5b2ef130f3852845ccb68/README.md,점 → 방향 → 확장 → 닫힘 → 순환
닫힘,SeungeFlow/SeungeFlow,first_flow,1fa5f28ca7647da445a5b2ef130f3852845ccb68,README.md,274,structure-body protection surface,https://raw.githubusercontent.com/SeungeFlow/SeungeFlow/1fa5f28ca7647da445a5b2ef130f3852845ccb68/README.md,점 → 방향 → 확장 → 닫힘 → 순환
순환,SeungeFlow/SeungeFlow,first_flow,1fa5f28ca7647da445a5b2ef130f3852845ccb68,README.md,274,structure-body protection surface,https://raw.githubusercontent.com/SeungeFlow/SeungeFlow/1fa5f28ca7647da445a5b2ef130f3852845ccb68/README.md,점 → 방향 → 확장 → 닫힘 → 순환
4,SeungeFlow/SeungeFlow,first_flow,1fa5f28ca7647da445a5b2ef130f3852845ccb68,README.md,278,structure-body protection surface,https://raw.githubusercontent.com/SeungeFlow/SeungeFlow/1fa5f28ca7647da445a5b2ef130f3852845ccb68/README.md,## 4. 자연계 대응
자연계,SeungeFlow/SeungeFlow,first_flow,1fa5f28ca7647da445a5b2ef130f3852845ccb68,README.md,278,structure-body protection surface,https://raw.githubusercontent.com/SeungeFlow/SeungeFlow/1fa5f28ca7647da445a5b2ef130f3852845ccb68/README.md,## 4. 자연계 대응
대응,SeungeFlow/SeungeFlow,first_flow,1fa5f28ca7647da445a5b2ef130f3852845ccb68,README.md,278,structure-body protection surface,https://raw.githubusercontent.com/SeungeFlow/SeungeFlow/1fa5f28ca7647da445a5b2ef130f3852845ccb68/README.md,## 4. 자연계 대응
차이,SeungeFlow/SeungeFlow,first_flow,1fa5f28ca7647da445a5b2ef130f3852845ccb68,README.md,280,structure-body protection surface,https://raw.githubusercontent.com/SeungeFlow/SeungeFlow/1fa5f28ca7647da445a5b2ef130f3852845ccb68/README.md,차이 → 흐름 → 회전 → 순환 → 구조
흐름,SeungeFlow/SeungeFlow,first_flow,1fa5f28ca7647da445a5b2ef130f3852845ccb68,README.md,280,structure-body protection surface,https://raw.githubusercontent.com/SeungeFlow/SeungeFlow/1fa5f28ca7647da445a5b2ef130f3852845ccb68/README.md,차이 → 흐름 → 회전 → 순환 → 구조
회전,SeungeFlow/SeungeFlow,first_flow,1fa5f28ca7647da445a5b2ef130f3852845ccb68,README.md,280,structure-body protection surface,https://raw.githubusercontent.com/SeungeFlow/SeungeFlow/1fa5f28ca7647da445a5b2ef130f3852845ccb68/README.md,차이 → 흐름 → 회전 → 순환 → 구조
순환,SeungeFlow/SeungeFlow,first_flow,1fa5f28ca7647da445a5b2ef130f3852845ccb68,README.md,280,structure-body protection surface,https://raw.githubusercontent.com/SeungeFlow/SeungeFlow/1fa5f28ca7647da445a5b2ef130f3852845ccb68/README.md,차이 → 흐름 → 회전 → 순환 → 구조
구조,SeungeFlow/SeungeFlow,first_flow,1fa5f28ca7647da445a5b2ef130f3852845ccb68,README.md,280,structure-body protection surface,https://raw.githubusercontent.com/SeungeFlow/SeungeFlow/1fa5f28ca7647da445a5b2ef130f3852845ccb68/README.md,차이 → 흐름 → 회전 → 순환 → 구조
flow,SeungeFlow/SeungeFlow,first_flow,1fa5f28ca7647da445a5b2ef130f3852845ccb68,README.md,282,structure-body protection surface,https://raw.githubusercontent.com/SeungeFlow/SeungeFlow/1fa5f28ca7647da445a5b2ef130f3852845ccb68/README.md,flow → rotation → vortex → torus → closure
rotation,SeungeFlow/SeungeFlow,first_flow,1fa5f28ca7647da445a5b2ef130f3852845ccb68,README.md,282,structure-body protection surface,https://raw.githubusercontent.com/SeungeFlow/SeungeFlow/1fa5f28ca7647da445a5b2ef130f3852845ccb68/README.md,flow → rotation → vortex → torus → closure
vortex,SeungeFlow/SeungeFlow,first_flow,1fa5f28ca7647da445a5b2ef130f3852845ccb68,README.md,282,structure-body protection surface,https://raw.githubusercontent.com/SeungeFlow/SeungeFlow/1fa5f28ca7647da445a5b2ef130f3852845ccb68/README.md,flow → rotation → vortex → torus → closure
torus,SeungeFlow/SeungeFlow,first_flow,1fa5f28ca7647da445a5b2ef130f3852845ccb68,README.md,282,structure-body protection surface,https://raw.githubusercontent.com/SeungeFlow/SeungeFlow/1fa5f28ca7647da445a5b2ef130f3852845ccb68/README.md,flow → rotation → vortex → torus → closure
closure,SeungeFlow/SeungeFlow,first_flow,1fa5f28ca7647da445a5b2ef130f3852845ccb68,README.md,282,structure-body protection surface,https://raw.githubusercontent.com/SeungeFlow/SeungeFlow/1fa5f28ca7647da445a5b2ef130f3852845ccb68/README.md,flow → rotation → vortex → torus → closure
5,SeungeFlow/SeungeFlow,first_flow,1fa5f28ca7647da445a5b2ef130f3852845ccb68,README.md,286,structure-body protection surface,https://raw.githubusercontent.com/SeungeFlow/SeungeFlow/1fa5f28ca7647da445a5b2ef130f3852845ccb68/README.md,## 5. 임계
임계,SeungeFlow/SeungeFlow,first_flow,1fa5f28ca7647da445a5b2ef130f3852845ccb68,README.md,286,structure-body protection surface,https://raw.githubusercontent.com/SeungeFlow/SeungeFlow/1fa5f28ca7647da445a5b2ef130f3852845ccb68/README.md,## 5. 임계
임계는,SeungeFlow/SeungeFlow,first_flow,1fa5f28ca7647da445a5b2ef130f3852845ccb68,README.md,288,structure-body protection surface,https://raw.githubusercontent.com/SeungeFlow/SeungeFlow/1fa5f28ca7647da445a5b2ef130f3852845ccb68/README.md,임계는 상태가 아니라 순간이다.
상태가,SeungeFlow/SeungeFlow,first_flow,1fa5f28ca7647da445a5b2ef130f3852845ccb68,README.md,288,structure-body protection surface,https://raw.githubusercontent.com/SeungeFlow/SeungeFlow/1fa5f28ca7647da445a5b2ef130f3852845ccb68/README.md,임계는 상태가 아니라 순간이다.
아니라,SeungeFlow/SeungeFlow,first_flow,1fa5f28ca7647da445a5b2ef130f3852845ccb68,README.md,288,structure-body protection surface,https://raw.githubusercontent.com/SeungeFlow/SeungeFlow/1fa5f28ca7647da445a5b2ef130f3852845ccb68/README.md,임계는 상태가 아니라 순간이다.
순간이다,SeungeFlow/SeungeFlow,first_flow,1fa5f28ca7647da445a5b2ef130f3852845ccb68,README.md,288,structure-body protection surface,https://raw.githubusercontent.com/SeungeFlow/SeungeFlow/1fa5f28ca7647da445a5b2ef130f3852845ccb68/README.md,임계는 상태가 아니라 순간이다.
0,SeungeFlow/SeungeFlow,first_flow,1fa5f28ca7647da445a5b2ef130f3852845ccb68,README.md,290,structure-body protection surface,https://raw.githubusercontent.com/SeungeFlow/SeungeFlow/1fa5f28ca7647da445a5b2ef130f3852845ccb68/README.md,(-) → 0 → (+)
사이영역,SeungeFlow/SeungeFlow,first_flow,1fa5f28ca7647da445a5b2ef130f3852845ccb68,README.md,292,structure-body protection surface,https://raw.githubusercontent.com/SeungeFlow/SeungeFlow/1fa5f28ca7647da445a5b2ef130f3852845ccb68/README.md,사이영역:
5,SeungeFlow/SeungeFlow,first_flow,1fa5f28ca7647da445a5b2ef130f3852845ccb68,README.md,294,structure-body protection surface,https://raw.githubusercontent.com/SeungeFlow/SeungeFlow/1fa5f28ca7647da445a5b2ef130f3852845ccb68/README.md,-5% → 0 → +5%
0,SeungeFlow/SeungeFlow,first_flow,1fa5f28ca7647da445a5b2ef130f3852845ccb68,README.md,294,structure-body protection surface,https://raw.githubusercontent.com/SeungeFlow/SeungeFlow/1fa5f28ca7647da445a5b2ef130f3852845ccb68/README.md,-5% → 0 → +5%
5,SeungeFlow/SeungeFlow,first_flow,1fa5f28ca7647da445a5b2ef130f3852845ccb68,README.md,294,structure-body protection surface,https://raw.githubusercontent.com/SeungeFlow/SeungeFlow/1fa5f28ca7647da445a5b2ef130f3852845ccb68/README.md,-5% → 0 → +5%
6,SeungeFlow/SeungeFlow,first_flow,1fa5f28ca7647da445a5b2ef130f3852845ccb68,README.md,298,structure-body protection surface,https://raw.githubusercontent.com/SeungeFlow/SeungeFlow/1fa5f28ca7647da445a5b2ef130f3852845ccb68/README.md,## 6. 기준원점
기준원점,SeungeFlow/SeungeFlow,first_flow,1fa5f28ca7647da445a5b2ef130f3852845ccb68,README.md,298,structure-body protection surface,https://raw.githubusercontent.com/SeungeFlow/SeungeFlow/1fa5f28ca7647da445a5b2ef130f3852845ccb68/README.md,## 6. 기준원점
0,SeungeFlow/SeungeFlow,first_flow,1fa5f28ca7647da445a5b2ef130f3852845ccb68,README.md,300,structure-body protection surface,https://raw.githubusercontent.com/SeungeFlow/SeungeFlow/1fa5f28ca7647da445a5b2ef130f3852845ccb68/README.md,"(0,0,0,0)"
0,SeungeFlow/SeungeFlow,first_flow,1fa5f28ca7647da445a5b2ef130f3852845ccb68,README.md,300,structure-body protection surface,https://raw.githubusercontent.com/SeungeFlow/SeungeFlow/1fa5f28ca7647da445a5b2ef130f3852845ccb68/README.md,"(0,0,0,0)"
0,SeungeFlow/SeungeFlow,first_flow,1fa5f28ca7647da445a5b2ef130f3852845ccb68,README.md,300,structure-body protection surface,https://raw.githubusercontent.com/SeungeFlow/SeungeFlow/1fa5f28ca7647da445a5b2ef130f3852845ccb68/README.md,"(0,0,0,0)"
0,SeungeFlow/SeungeFlow,first_flow,1fa5f28ca7647da445a5b2ef130f3852845ccb68,README.md,300,structure-body protection surface,https://raw.githubusercontent.com/SeungeFlow/SeungeFlow/1fa5f28ca7647da445a5b2ef130f3852845ccb68/README.md,"(0,0,0,0)"
정중심,SeungeFlow/SeungeFlow,first_flow,1fa5f28ca7647da445a5b2ef130f3852845ccb68,README.md,302,structure-body protection surface,https://raw.githubusercontent.com/SeungeFlow/SeungeFlow/1fa5f28ca7647da445a5b2ef130f3852845ccb68/README.md,= 정중심
임계,SeungeFlow/SeungeFlow,first_flow,1fa5f28ca7647da445a5b2ef130f3852845ccb68,README.md,303,structure-body protection surface,https://raw.githubusercontent.com/SeungeFlow/SeungeFlow/1fa5f28ca7647da445a5b2ef130f3852845ccb68/README.md,= 임계
전이,SeungeFlow/SeungeFlow,first_flow,1fa5f28ca7647da445a5b2ef130f3852845ccb68,README.md,304,structure-body protection surface,https://raw.githubusercontent.com/SeungeFlow/SeungeFlow/1fa5f28ca7647da445a5b2ef130f3852845ccb68/README.md,= 전이 중심
중심,SeungeFlow/SeungeFlow,first_flow,1fa5f28ca7647da445a5b2ef130f3852845ccb68,README.md,304,structure-body protection surface,https://raw.githubusercontent.com/SeungeFlow/SeungeFlow/1fa5f28ca7647da445a5b2ef130f3852845ccb68/README.md,= 전이 중심
0,SeungeFlow/SeungeFlow,first_flow,1fa5f28ca7647da445a5b2ef130f3852845ccb68,README.md,306,structure-body protection surface,https://raw.githubusercontent.com/SeungeFlow/SeungeFlow/1fa5f28ca7647da445a5b2ef130f3852845ccb68/README.md,0 = 없음
없음,SeungeFlow/SeungeFlow,first_flow,1fa5f28ca7647da445a5b2ef130f3852845ccb68,README.md,306,structure-body protection surface,https://raw.githubusercontent.com/SeungeFlow/SeungeFlow/1fa5f28ca7647da445a5b2ef130f3852845ccb68/README.md,0 = 없음
0,SeungeFlow/SeungeFlow,first_flow,1fa5f28ca7647da445a5b2ef130f3852845ccb68,README.md,307,structure-body protection surface,https://raw.githubusercontent.com/SeungeFlow/SeungeFlow/1fa5f28ca7647da445a5b2ef130f3852845ccb68/README.md,0 = 전이 중심
전이,SeungeFlow/SeungeFlow,first_flow,1fa5f28ca7647da445a5b2ef130f3852845ccb68,README.md,307,structure-body protection surface,https://raw.githubusercontent.com/SeungeFlow/SeungeFlow/1fa5f28ca7647da445a5b2ef130f3852845ccb68/README.md,0 = 전이 중심
중심,SeungeFlow/SeungeFlow,first_flow,1fa5f28ca7647da445a5b2ef130f3852845ccb68,README.md,307,structure-body protection surface,https://raw.githubusercontent.com/SeungeFlow/SeungeFlow/1fa5f28ca7647da445a5b2ef130f3852845ccb68/README.md,0 = 전이 중심
7,SeungeFlow/SeungeFlow,first_flow,1fa5f28ca7647da445a5b2ef130f3852845ccb68,README.md,311,structure-body protection surface,https://raw.githubusercontent.com/SeungeFlow/SeungeFlow/1fa5f28ca7647da445a5b2ef130f3852845ccb68/README.md,## 7. 방향
방향,SeungeFlow/SeungeFlow,first_flow,1fa5f28ca7647da445a5b2ef130f3852845ccb68,README.md,311,structure-body protection surface,https://raw.githubusercontent.com/SeungeFlow/SeungeFlow/1fa5f28ca7647da445a5b2ef130f3852845ccb68/README.md,## 7. 방향
순방향,SeungeFlow/SeungeFlow,first_flow,1fa5f28ca7647da445a5b2ef130f3852845ccb68,README.md,313,structure-body protection surface,https://raw.githubusercontent.com/SeungeFlow/SeungeFlow/1fa5f28ca7647da445a5b2ef130f3852845ccb68/README.md,+ = 순방향
역방향,SeungeFlow/SeungeFlow,first_flow,1fa5f28ca7647da445a5b2ef130f3852845ccb68,README.md,314,structure-body protection surface,https://raw.githubusercontent.com/SeungeFlow/SeungeFlow/1fa5f28ca7647da445a5b2ef130f3852845ccb68/README.md,- = 역방향
0,SeungeFlow/SeungeFlow,first_flow,1fa5f28ca7647da445a5b2ef130f3852845ccb68,README.md,316,structure-body protection surface,https://raw.githubusercontent.com/SeungeFlow/SeungeFlow/1fa5f28ca7647da445a5b2ef130f3852845ccb68/README.md,(+v) + (-v) = 0
8,SeungeFlow/SeungeFlow,first_flow,1fa5f28ca7647da445a5b2ef130f3852845ccb68,README.md,320,structure-body protection surface,https://raw.githubusercontent.com/SeungeFlow/SeungeFlow/1fa5f28ca7647da445a5b2ef130f3852845ccb68/README.md,## 8. 소수
소수,SeungeFlow/SeungeFlow,first_flow,1fa5f28ca7647da445a5b2ef130f3852845ccb68,README.md,320,structure-body protection surface,https://raw.githubusercontent.com/SeungeFlow/SeungeFlow/1fa5f28ca7647da445a5b2ef130f3852845ccb68/README.md,## 8. 소수
소수는,SeungeFlow/SeungeFlow,first_flow,1fa5f28ca7647da445a5b2ef130f3852845ccb68,README.md,322,structure-body protection surface,https://raw.githubusercontent.com/SeungeFlow/SeungeFlow/1fa5f28ca7647da445a5b2ef130f3852845ccb68/README.md,소수는 값이 아니라 구조이다.
값이,SeungeFlow/SeungeFlow,first_flow,1fa5f28ca7647da445a5b2ef130f3852845ccb68,README.md,322,structure-body protection surface,https://raw.githubusercontent.com/SeungeFlow/SeungeFlow/1fa5f28ca7647da445a5b2ef130f3852845ccb68/README.md,소수는 값이 아니라 구조이다.
아니라,SeungeFlow/SeungeFlow,first_flow,1fa5f28ca7647da445a5b2ef130f3852845ccb68,README.md,322,structure-body protection surface,https://raw.githubusercontent.com/SeungeFlow/SeungeFlow/1fa5f28ca7647da445a5b2ef130f3852845ccb68/README.md,소수는 값이 아니라 구조이다.
구조이다,SeungeFlow/SeungeFlow,first_flow,1fa5f28ca7647da445a5b2ef130f3852845ccb68,README.md,322,structure-body protection surface,https://raw.githubusercontent.com/SeungeFlow/SeungeFlow/1fa5f28ca7647da445a5b2ef130f3852845ccb68/README.md,소수는 값이 아니라 구조이다.
자기,SeungeFlow/SeungeFlow,first_flow,1fa5f28ca7647da445a5b2ef130f3852845ccb68,README.md,324,structure-body protection surface,https://raw.githubusercontent.com/SeungeFlow/SeungeFlow/1fa5f28ca7647da445a5b2ef130f3852845ccb68/README.md,자기 자신으로만 나뉘는 구조 = 자기 동일성
자신으로만,SeungeFlow/SeungeFlow,first_flow,1fa5f28ca7647da445a5b2ef130f3852845ccb68,README.md,324,structure-body protection surface,https://raw.githubusercontent.com/SeungeFlow/SeungeFlow/1fa5f28ca7647da445a5b2ef130f3852845ccb68/README.md,자기 자신으로만 나뉘는 구조 = 자기 동일성
나뉘는,SeungeFlow/SeungeFlow,first_flow,1fa5f28ca7647da445a5b2ef130f3852845ccb68,README.md,324,structure-body protection surface,https://raw.githubusercontent.com/SeungeFlow/SeungeFlow/1fa5f28ca7647da445a5b2ef130f3852845ccb68/README.md,자기 자신으로만 나뉘는 구조 = 자기 동일성
구조,SeungeFlow/SeungeFlow,first_flow,1fa5f28ca7647da445a5b2ef130f3852845ccb68,README.md,324,structure-body protection surface,https://raw.githubusercontent.com/SeungeFlow/SeungeFlow/1fa5f28ca7647da445a5b2ef130f3852845ccb68/README.md,자기 자신으로만 나뉘는 구조 = 자기 동일성
자기,SeungeFlow/SeungeFlow,first_flow,1fa5f28ca7647da445a5b2ef130f3852845ccb68,README.md,324,structure-body protection surface,https://raw.githubusercontent.com/SeungeFlow/SeungeFlow/1fa5f28ca7647da445a5b2ef130f3852845ccb68/README.md,자기 자신으로만 나뉘는 구조 = 자기 동일성
동일성,SeungeFlow/SeungeFlow,first_flow,1fa5f28ca7647da445a5b2ef130f3852845ccb68,README.md,324,structure-body protection surface,https://raw.githubusercontent.com/SeungeFlow/SeungeFlow/1fa5f28ca7647da445a5b2ef130f3852845ccb68/README.md,자기 자신으로만 나뉘는 구조 = 자기 동일성
정지가,SeungeFlow/SeungeFlow,first_flow,1fa5f28ca7647da445a5b2ef130f3852845ccb68,README.md,328,structure-body protection surface,https://raw.githubusercontent.com/SeungeFlow/SeungeFlow/1fa5f28ca7647da445a5b2ef130f3852845ccb68/README.md,정지가 아닌 제자리 순환
아닌,SeungeFlow/SeungeFlow,first_flow,1fa5f28ca7647da445a5b2ef130f3852845ccb68,README.md,328,structure-body protection surface,https://raw.githubusercontent.com/SeungeFlow/SeungeFlow/1fa5f28ca7647da445a5b2ef130f3852845ccb68/README.md,정지가 아닌 제자리 순환
제자리,SeungeFlow/SeungeFlow,first_flow,1fa5f28ca7647da445a5b2ef130f3852845ccb68,README.md,328,structure-body protection surface,https://raw.githubusercontent.com/SeungeFlow/SeungeFlow/1fa5f28ca7647da445a5b2ef130f3852845ccb68/README.md,정지가 아닌 제자리 순환
순환,SeungeFlow/SeungeFlow,first_flow,1fa5f28ca7647da445a5b2ef130f3852845ccb68,README.md,328,structure-body protection surface,https://raw.githubusercontent.com/SeungeFlow/SeungeFlow/1fa5f28ca7647da445a5b2ef130f3852845ccb68/README.md,정지가 아닌 제자리 순환
9,SeungeFlow/SeungeFlow,first_flow,1fa5f28ca7647da445a5b2ef130f3852845ccb68,README.md,332,structure-body protection surface,https://raw.githubusercontent.com/SeungeFlow/SeungeFlow/1fa5f28ca7647da445a5b2ef130f3852845ccb68/README.md,## 9. 리만 구조
리만,SeungeFlow/SeungeFlow,first_flow,1fa5f28ca7647da445a5b2ef130f3852845ccb68,README.md,332,structure-body protection surface,https://raw.githubusercontent.com/SeungeFlow/SeungeFlow/1fa5f28ca7647da445a5b2ef130f3852845ccb68/README.md,## 9. 리만 구조
구조,SeungeFlow/SeungeFlow,first_flow,1fa5f28ca7647da445a5b2ef130f3852845ccb68,README.md,332,structure-body protection surface,https://raw.githubusercontent.com/SeungeFlow/SeungeFlow/1fa5f28ca7647da445a5b2ef130f3852845ccb68/README.md,## 9. 리만 구조
Re,SeungeFlow/SeungeFlow,first_flow,1fa5f28ca7647da445a5b2ef130f3852845ccb68,README.md,334,structure-body protection surface,https://raw.githubusercontent.com/SeungeFlow/SeungeFlow/1fa5f28ca7647da445a5b2ef130f3852845ccb68/README.md,Re(s) = 1/2
1,SeungeFlow/SeungeFlow,first_flow,1fa5f28ca7647da445a5b2ef130f3852845ccb68,README.md,334,structure-body protection surface,https://raw.githubusercontent.com/SeungeFlow/SeungeFlow/1fa5f28ca7647da445a5b2ef130f3852845ccb68/README.md,Re(s) = 1/2
2,SeungeFlow/SeungeFlow,first_flow,1fa5f28ca7647da445a5b2ef130f3852845ccb68,README.md,334,structure-body protection surface,https://raw.githubusercontent.com/SeungeFlow/SeungeFlow/1fa5f28ca7647da445a5b2ef130f3852845ccb68/README.md,Re(s) = 1/2
균형,SeungeFlow/SeungeFlow,first_flow,1fa5f28ca7647da445a5b2ef130f3852845ccb68,README.md,336,structure-body protection surface,https://raw.githubusercontent.com/SeungeFlow/SeungeFlow/1fa5f28ca7647da445a5b2ef130f3852845ccb68/README.md,= 균형
정중심,SeungeFlow/SeungeFlow,first_flow,1fa5f28ca7647da445a5b2ef130f3852845ccb68,README.md,337,structure-body protection surface,https://raw.githubusercontent.com/SeungeFlow/SeungeFlow/1fa5f28ca7647da445a5b2ef130f3852845ccb68/README.md,= 정중심
소수,SeungeFlow/SeungeFlow,first_flow,1fa5f28ca7647da445a5b2ef130f3852845ccb68,README.md,339,structure-body protection surface,https://raw.githubusercontent.com/SeungeFlow/SeungeFlow/1fa5f28ca7647da445a5b2ef130f3852845ccb68/README.md,소수(불연속) ↔ 리만(연속)
불연속,SeungeFlow/SeungeFlow,first_flow,1fa5f28ca7647da445a5b2ef130f3852845ccb68,README.md,339,structure-body protection surface,https://raw.githubusercontent.com/SeungeFlow/SeungeFlow/1fa5f28ca7647da445a5b2ef130f3852845ccb68/README.md,소수(불연속) ↔ 리만(연속)
리만,SeungeFlow/SeungeFlow,first_flow,1fa5f28ca7647da445a5b2ef130f3852845ccb68,README.md,339,structure-body protection surface,https://raw.githubusercontent.com/SeungeFlow/SeungeFlow/1fa5f28ca7647da445a5b2ef130f3852845ccb68/README.md,소수(불연속) ↔ 리만(연속)
연속,SeungeFlow/SeungeFlow,first_flow,1fa5f28ca7647da445a5b2ef130f3852845ccb68,README.md,339,structure-body protection surface,https://raw.githubusercontent.com/SeungeFlow/SeungeFlow/1fa5f28ca7647da445a5b2ef130f3852845ccb68/README.md,소수(불연속) ↔ 리만(연속)
10,SeungeFlow/SeungeFlow,first_flow,1fa5f28ca7647da445a5b2ef130f3852845ccb68,README.md,343,structure-body protection surface,https://raw.githubusercontent.com/SeungeFlow/SeungeFlow/1fa5f28ca7647da445a5b2ef130f3852845ccb68/README.md,## 10. 구조수학
구조수학,SeungeFlow/SeungeFlow,first_flow,1fa5f28ca7647da445a5b2ef130f3852845ccb68,README.md,343,structure-body protection surface,https://raw.githubusercontent.com/SeungeFlow/SeungeFlow/1fa5f28ca7647da445a5b2ef130f3852845ccb68/README.md,## 10. 구조수학
구조,SeungeFlow/SeungeFlow,first_flow,1fa5f28ca7647da445a5b2ef130f3852845ccb68,README.md,347,structure-body protection surface,https://raw.githubusercontent.com/SeungeFlow/SeungeFlow/1fa5f28ca7647da445a5b2ef130f3852845ccb68/README.md,C : 구조
전이,SeungeFlow/SeungeFlow,first_flow,1fa5f28ca7647da445a5b2ef130f3852845ccb68,README.md,348,structure-body protection surface,https://raw.githubusercontent.com/SeungeFlow/SeungeFlow/1fa5f28ca7647da445a5b2ef130f3852845ccb68/README.md,t : 전이
위치,SeungeFlow/SeungeFlow,first_flow,1fa5f28ca7647da445a5b2ef130f3852845ccb68,README.md,349,structure-body protection surface,https://raw.githubusercontent.com/SeungeFlow/SeungeFlow/1fa5f28ca7647da445a5b2ef130f3852845ccb68/README.md,p : 위치
11,SeungeFlow/SeungeFlow,first_flow,1fa5f28ca7647da445a5b2ef130f3852845ccb68,README.md,353,structure-body protection surface,https://raw.githubusercontent.com/SeungeFlow/SeungeFlow/1fa5f28ca7647da445a5b2ef130f3852845ccb68/README.md,## 11. 통합
통합,SeungeFlow/SeungeFlow,first_flow,1fa5f28ca7647da445a5b2ef130f3852845ccb68,README.md,353,structure-body protection surface,https://raw.githubusercontent.com/SeungeFlow/SeungeFlow/1fa5f28ca7647da445a5b2ef130f3852845ccb68/README.md,## 11. 통합
구조는,SeungeFlow/SeungeFlow,first_flow,1fa5f28ca7647da445a5b2ef130f3852845ccb68,README.md,357,structure-body protection surface,https://raw.githubusercontent.com/SeungeFlow/SeungeFlow/1fa5f28ca7647da445a5b2ef130f3852845ccb68/README.md,구조는 차이에서 시작하여 전이를 거쳐 위치에서 형성되고 순환으로 유지된다.
차이에서,SeungeFlow/SeungeFlow,first_flow,1fa5f28ca7647da445a5b2ef130f3852845ccb68,README.md,357,structure-body protection surface,https://raw.githubusercontent.com/SeungeFlow/SeungeFlow/1fa5f28ca7647da445a5b2ef130f3852845ccb68/README.md,구조는 차이에서 시작하여 전이를 거쳐 위치에서 형성되고 순환으로 유지된다.
시작하여,SeungeFlow/SeungeFlow,first_flow,1fa5f28ca7647da445a5b2ef130f3852845ccb68,README.md,357,structure-body protection surface,https://raw.githubusercontent.com/SeungeFlow/SeungeFlow/1fa5f28ca7647da445a5b2ef130f3852845ccb68/README.md,구조는 차이에서 시작하여 전이를 거쳐 위치에서 형성되고 순환으로 유지된다.
전이를,SeungeFlow/SeungeFlow,first_flow,1fa5f28ca7647da445a5b2ef130f3852845ccb68,README.md,357,structure-body protection surface,https://raw.githubusercontent.com/SeungeFlow/SeungeFlow/1fa5f28ca7647da445a5b2ef130f3852845ccb68/README.md,구조는 차이에서 시작하여 전이를 거쳐 위치에서 형성되고 순환으로 유지된다.
거쳐,SeungeFlow/SeungeFlow,first_flow,1fa5f28ca7647da445a5b2ef130f3852845ccb68,README.md,357,structure-body protection surface,https://raw.githubusercontent.com/SeungeFlow/SeungeFlow/1fa5f28ca7647da445a5b2ef130f3852845ccb68/README.md,구조는 차이에서 시작하여 전이를 거쳐 위치에서 형성되고 순환으로 유지된다.
위치에서,SeungeFlow/SeungeFlow,first_flow,1fa5f28ca7647da445a5b2ef130f3852845ccb68,README.md,357,structure-body protection surface,https://raw.githubusercontent.com/SeungeFlow/SeungeFlow/1fa5f28ca7647da445a5b2ef130f3852845ccb68/README.md,구조는 차이에서 시작하여 전이를 거쳐 위치에서 형성되고 순환으로 유지된다.
형성되고,SeungeFlow/SeungeFlow,first_flow,1fa5f28ca7647da445a5b2ef130f3852845ccb68,README.md,357,structure-body protection surface,https://raw.githubusercontent.com/SeungeFlow/SeungeFlow/1fa5f28ca7647da445a5b2ef130f3852845ccb68/README.md,구조는 차이에서 시작하여 전이를 거쳐 위치에서 형성되고 순환으로 유지된다.
순환으로,SeungeFlow/SeungeFlow,first_flow,1fa5f28ca7647da445a5b2ef130f3852845ccb68,README.md,357,structure-body protection surface,https://raw.githubusercontent.com/SeungeFlow/SeungeFlow/1fa5f28ca7647da445a5b2ef130f3852845ccb68/README.md,구조는 차이에서 시작하여 전이를 거쳐 위치에서 형성되고 순환으로 유지된다.
유지된다,SeungeFlow/SeungeFlow,first_flow,1fa5f28ca7647da445a5b2ef130f3852845ccb68,README.md,357,structure-body protection surface,https://raw.githubusercontent.com/SeungeFlow/SeungeFlow/1fa5f28ca7647da445a5b2ef130f3852845ccb68/README.md,구조는 차이에서 시작하여 전이를 거쳐 위치에서 형성되고 순환으로 유지된다.
12,SeungeFlow/SeungeFlow,first_flow,1fa5f28ca7647da445a5b2ef130f3852845ccb68,README.md,361,structure-body protection surface,https://raw.githubusercontent.com/SeungeFlow/SeungeFlow/1fa5f28ca7647da445a5b2ef130f3852845ccb68/README.md,## 12. 결론
결론,SeungeFlow/SeungeFlow,first_flow,1fa5f28ca7647da445a5b2ef130f3852845ccb68,README.md,361,structure-body protection surface,https://raw.githubusercontent.com/SeungeFlow/SeungeFlow/1fa5f28ca7647da445a5b2ef130f3852845ccb68/README.md,## 12. 결론
구조는,SeungeFlow/SeungeFlow,first_flow,1fa5f28ca7647da445a5b2ef130f3852845ccb68,README.md,363,structure-body protection surface,https://raw.githubusercontent.com/SeungeFlow/SeungeFlow/1fa5f28ca7647da445a5b2ef130f3852845ccb68/README.md,구조는 방정식에서 시작되지 않는다.
방정식에서,SeungeFlow/SeungeFlow,first_flow,1fa5f28ca7647da445a5b2ef130f3852845ccb68,README.md,363,structure-body protection surface,https://raw.githubusercontent.com/SeungeFlow/SeungeFlow/1fa5f28ca7647da445a5b2ef130f3852845ccb68/README.md,구조는 방정식에서 시작되지 않는다.
시작되지,SeungeFlow/SeungeFlow,first_flow,1fa5f28ca7647da445a5b2ef130f3852845ccb68,README.md,363,structure-body protection surface,https://raw.githubusercontent.com/SeungeFlow/SeungeFlow/1fa5f28ca7647da445a5b2ef130f3852845ccb68/README.md,구조는 방정식에서 시작되지 않는다.
않는다,SeungeFlow/SeungeFlow,first_flow,1fa5f28ca7647da445a5b2ef130f3852845ccb68,README.md,363,structure-body protection surface,https://raw.githubusercontent.com/SeungeFlow/SeungeFlow/1fa5f28ca7647da445a5b2ef130f3852845ccb68/README.md,구조는 방정식에서 시작되지 않는다.
구조는,SeungeFlow/SeungeFlow,first_flow,1fa5f28ca7647da445a5b2ef130f3852845ccb68,README.md,364,structure-body protection surface,https://raw.githubusercontent.com/SeungeFlow/SeungeFlow/1fa5f28ca7647da445a5b2ef130f3852845ccb68/README.md,구조는 차이에서 시작된다.
차이에서,SeungeFlow/SeungeFlow,first_flow,1fa5f28ca7647da445a5b2ef130f3852845ccb68,README.md,364,structure-body protection surface,https://raw.githubusercontent.com/SeungeFlow/SeungeFlow/1fa5f28ca7647da445a5b2ef130f3852845ccb68/README.md,구조는 차이에서 시작된다.
시작된다,SeungeFlow/SeungeFlow,first_flow,1fa5f28ca7647da445a5b2ef130f3852845ccb68,README.md,364,structure-body protection surface,https://raw.githubusercontent.com/SeungeFlow/SeungeFlow/1fa5f28ca7647da445a5b2ef130f3852845ccb68/README.md,구조는 차이에서 시작된다.
구조는,SeungeFlow/SeungeFlow,first_flow,1fa5f28ca7647da445a5b2ef130f3852845ccb68,README.md,366,structure-body protection surface,https://raw.githubusercontent.com/SeungeFlow/SeungeFlow/1fa5f28ca7647da445a5b2ef130f3852845ccb68/README.md,구조는 임계에서 발생하며 순환 속에서 유지된다.
임계에서,SeungeFlow/SeungeFlow,first_flow,1fa5f28ca7647da445a5b2ef130f3852845ccb68,README.md,366,structure-body protection surface,https://raw.githubusercontent.com/SeungeFlow/SeungeFlow/1fa5f28ca7647da445a5b2ef130f3852845ccb68/README.md,구조는 임계에서 발생하며 순환 속에서 유지된다.
발생하며,SeungeFlow/SeungeFlow,first_flow,1fa5f28ca7647da445a5b2ef130f3852845ccb68,README.md,366,structure-body protection surface,https://raw.githubusercontent.com/SeungeFlow/SeungeFlow/1fa5f28ca7647da445a5b2ef130f3852845ccb68/README.md,구조는 임계에서 발생하며 순환 속에서 유지된다.
순환,SeungeFlow/SeungeFlow,first_flow,1fa5f28ca7647da445a5b2ef130f3852845ccb68,README.md,366,structure-body protection surface,https://raw.githubusercontent.com/SeungeFlow/SeungeFlow/1fa5f28ca7647da445a5b2ef130f3852845ccb68/README.md,구조는 임계에서 발생하며 순환 속에서 유지된다.
속에서,SeungeFlow/SeungeFlow,first_flow,1fa5f28ca7647da445a5b2ef130f3852845ccb68,README.md,366,structure-body protection surface,https://raw.githubusercontent.com/SeungeFlow/SeungeFlow/1fa5f28ca7647da445a5b2ef130f3852845ccb68/README.md,구조는 임계에서 발생하며 순환 속에서 유지된다.
유지된다,SeungeFlow/SeungeFlow,first_flow,1fa5f28ca7647da445a5b2ef130f3852845ccb68,README.md,366,structure-body protection surface,https://raw.githubusercontent.com/SeungeFlow/SeungeFlow/1fa5f28ca7647da445a5b2ef130f3852845ccb68/README.md,구조는 임계에서 발생하며 순환 속에서 유지된다.
13,SeungeFlow/SeungeFlow,first_flow,1fa5f28ca7647da445a5b2ef130f3852845ccb68,README.md,370,structure-body protection surface,https://raw.githubusercontent.com/SeungeFlow/SeungeFlow/1fa5f28ca7647da445a5b2ef130f3852845ccb68/README.md,## 13. 최종 상태
최종,SeungeFlow/SeungeFlow,first_flow,1fa5f28ca7647da445a5b2ef130f3852845ccb68,README.md,370,structure-body protection surface,https://raw.githubusercontent.com/SeungeFlow/SeungeFlow/1fa5f28ca7647da445a5b2ef130f3852845ccb68/README.md,## 13. 최종 상태
상태,SeungeFlow/SeungeFlow,first_flow,1fa5f28ca7647da445a5b2ef130f3852845ccb68,README.md,370,structure-body protection surface,https://raw.githubusercontent.com/SeungeFlow/SeungeFlow/1fa5f28ca7647da445a5b2ef130f3852845ccb68/README.md,## 13. 최종 상태
START,SeungeFlow/SeungeFlow,first_flow,1fa5f28ca7647da445a5b2ef130f3852845ccb68,README.md,372,structure-body protection surface,https://raw.githubusercontent.com/SeungeFlow/SeungeFlow/1fa5f28ca7647da445a5b2ef130f3852845ccb68/README.md,START = README.md = END
END,SeungeFlow/SeungeFlow,first_flow,1fa5f28ca7647da445a5b2ef130f3852845ccb68,README.md,372,structure-body protection surface,https://raw.githubusercontent.com/SeungeFlow/SeungeFlow/1fa5f28ca7647da445a5b2ef130f3852845ccb68/README.md,START = README.md = END
시작과,SeungeFlow/SeungeFlow,first_flow,1fa5f28ca7647da445a5b2ef130f3852845ccb68,README.md,374,structure-body protection surface,https://raw.githubusercontent.com/SeungeFlow/SeungeFlow/1fa5f28ca7647da445a5b2ef130f3852845ccb68/README.md,시작과 끝이 같다.
끝이,SeungeFlow/SeungeFlow,first_flow,1fa5f28ca7647da445a5b2ef130f3852845ccb68,README.md,374,structure-body protection surface,https://raw.githubusercontent.com/SeungeFlow/SeungeFlow/1fa5f28ca7647da445a5b2ef130f3852845ccb68/README.md,시작과 끝이 같다.
같다,SeungeFlow/SeungeFlow,first_flow,1fa5f28ca7647da445a5b2ef130f3852845ccb68,README.md,374,structure-body protection surface,https://raw.githubusercontent.com/SeungeFlow/SeungeFlow/1fa5f28ca7647da445a5b2ef130f3852845ccb68/README.md,시작과 끝이 같다.
수정사항,SeungeFlow/SeungeFlow,first_flow,1fa5f28ca7647da445a5b2ef130f3852845ccb68,README.md,377,structure-body protection surface,https://raw.githubusercontent.com/SeungeFlow/SeungeFlow/1fa5f28ca7647da445a5b2ef130f3852845ccb68/README.md,### 수정사항
L7OS_for_M7DQ.zip,SeungeFlow/SeungeFlow,first_flow,1fa5f28ca7647da445a5b2ef130f3852845ccb68,README.md,381,structure-body protection surface,https://raw.githubusercontent.com/SeungeFlow/SeungeFlow/1fa5f28ca7647da445a5b2ef130f3852845ccb68/README.md,L7OS_for_M7DQ.zip 파일 내부의 cellular_fabric_engine 폴더내부의 seungeflow_archive_structure_summary_v0.1.md 는 L7OS_for_M7DQ 를 AI를 활용하여 이용할 수 있는 시스템으로 myData 폴더내의 AI_System.zip 파일의 공식README 이다. - Lee Seung of SeungeFlow / 2026-04-02 12:54 /
파일,SeungeFlow/SeungeFlow,first_flow,1fa5f28ca7647da445a5b2ef130f3852845ccb68,README.md,381,structure-body protection surface,https://raw.githubusercontent.com/SeungeFlow/SeungeFlow/1fa5f28ca7647da445a5b2ef130f3852845ccb68/README.md,L7OS_for_M7DQ.zip 파일 내부의 cellular_fabric_engine 폴더내부의 seungeflow_archive_structure_summary_v0.1.md 는 L7OS_for_M7DQ 를 AI를 활용하여 이용할 수 있는 시스템으로 myData 폴더내의 AI_System.zip 파일의 공식README 이다. - Lee Seung of SeungeFlow / 2026-04-02 12:54 /
내부의,SeungeFlow/SeungeFlow,first_flow,1fa5f28ca7647da445a5b2ef130f3852845ccb68,README.md,381,structure-body protection surface,https://raw.githubusercontent.com/SeungeFlow/SeungeFlow/1fa5f28ca7647da445a5b2ef130f3852845ccb68/README.md,L7OS_for_M7DQ.zip 파일 내부의 cellular_fabric_engine 폴더내부의 seungeflow_archive_structure_summary_v0.1.md 는 L7OS_for_M7DQ 를 AI를 활용하여 이용할 수 있는 시스템으로 myData 폴더내의 AI_System.zip 파일의 공식README 이다. - Lee Seung of SeungeFlow / 2026-04-02 12:54 /
cellular_fabric_engine,SeungeFlow/SeungeFlow,first_flow,1fa5f28ca7647da445a5b2ef130f3852845ccb68,README.md,381,structure-body protection surface,https://raw.githubusercontent.com/SeungeFlow/SeungeFlow/1fa5f28ca7647da445a5b2ef130f3852845ccb68/README.md,L7OS_for_M7DQ.zip 파일 내부의 cellular_fabric_engine 폴더내부의 seungeflow_archive_structure_summary_v0.1.md 는 L7OS_for_M7DQ 를 AI를 활용하여 이용할 수 있는 시스템으로 myData 폴더내의 AI_System.zip 파일의 공식README 이다. - Lee Seung of SeungeFlow / 2026-04-02 12:54 /
폴더내부의,SeungeFlow/SeungeFlow,first_flow,1fa5f28ca7647da445a5b2ef130f3852845ccb68,README.md,381,structure-body protection surface,https://raw.githubusercontent.com/SeungeFlow/SeungeFlow/1fa5f28ca7647da445a5b2ef130f3852845ccb68/README.md,L7OS_for_M7DQ.zip 파일 내부의 cellular_fabric_engine 폴더내부의 seungeflow_archive_structure_summary_v0.1.md 는 L7OS_for_M7DQ 를 AI를 활용하여 이용할 수 있는 시스템으로 myData 폴더내의 AI_System.zip 파일의 공식README 이다. - Lee Seung of SeungeFlow / 2026-04-02 12:54 /
seungeflow_archive_structure_summary_v0.1.md,SeungeFlow/SeungeFlow,first_flow,1fa5f28ca7647da445a5b2ef130f3852845ccb68,README.md,381,structure-body protection surface,https://raw.githubusercontent.com/SeungeFlow/SeungeFlow/1fa5f28ca7647da445a5b2ef130f3852845ccb68/README.md,L7OS_for_M7DQ.zip 파일 내부의 cellular_fabric_engine 폴더내부의 seungeflow_archive_structure_summary_v0.1.md 는 L7OS_for_M7DQ 를 AI를 활용하여 이용할 수 있는 시스템으로 myData 폴더내의 AI_System.zip 파일의 공식README 이다. - Lee Seung of SeungeFlow / 2026-04-02 12:54 /
는,SeungeFlow/SeungeFlow,first_flow,1fa5f28ca7647da445a5b2ef130f3852845ccb68,README.md,381,structure-body protection surface,https://raw.githubusercontent.com/SeungeFlow/SeungeFlow/1fa5f28ca7647da445a5b2ef130f3852845ccb68/README.md,L7OS_for_M7DQ.zip 파일 내부의 cellular_fabric_engine 폴더내부의 seungeflow_archive_structure_summary_v0.1.md 는 L7OS_for_M7DQ 를 AI를 활용하여 이용할 수 있는 시스템으로 myData 폴더내의 AI_System.zip 파일의 공식README 이다. - Lee Seung of SeungeFlow / 2026-04-02 12:54 /
L7OS_for_M7DQ,SeungeFlow/SeungeFlow,first_flow,1fa5f28ca7647da445a5b2ef130f3852845ccb68,README.md,381,structure-body protection surface,https://raw.githubusercontent.com/SeungeFlow/SeungeFlow/1fa5f28ca7647da445a5b2ef130f3852845ccb68/README.md,L7OS_for_M7DQ.zip 파일 내부의 cellular_fabric_engine 폴더내부의 seungeflow_archive_structure_summary_v0.1.md 는 L7OS_for_M7DQ 를 AI를 활용하여 이용할 수 있는 시스템으로 myData 폴더내의 AI_System.zip 파일의 공식README 이다. - Lee Seung of SeungeFlow / 2026-04-02 12:54 /
를,SeungeFlow/SeungeFlow,first_flow,1fa5f28ca7647da445a5b2ef130f3852845ccb68,README.md,381,structure-body protection surface,https://raw.githubusercontent.com/SeungeFlow/SeungeFlow/1fa5f28ca7647da445a5b2ef130f3852845ccb68/README.md,L7OS_for_M7DQ.zip 파일 내부의 cellular_fabric_engine 폴더내부의 seungeflow_archive_structure_summary_v0.1.md 는 L7OS_for_M7DQ 를 AI를 활용하여 이용할 수 있는 시스템으로 myData 폴더내의 AI_System.zip 파일의 공식README 이다. - Lee Seung of SeungeFlow / 2026-04-02 12:54 /
AI,SeungeFlow/SeungeFlow,first_flow,1fa5f28ca7647da445a5b2ef130f3852845ccb68,README.md,381,structure-body protection surface,https://raw.githubusercontent.com/SeungeFlow/SeungeFlow/1fa5f28ca7647da445a5b2ef130f3852845ccb68/README.md,L7OS_for_M7DQ.zip 파일 내부의 cellular_fabric_engine 폴더내부의 seungeflow_archive_structure_summary_v0.1.md 는 L7OS_for_M7DQ 를 AI를 활용하여 이용할 수 있는 시스템으로 myData 폴더내의 AI_System.zip 파일의 공식README 이다. - Lee Seung of SeungeFlow / 2026-04-02 12:54 /
를,SeungeFlow/SeungeFlow,first_flow,1fa5f28ca7647da445a5b2ef130f3852845ccb68,README.md,381,structure-body protection surface,https://raw.githubusercontent.com/SeungeFlow/SeungeFlow/1fa5f28ca7647da445a5b2ef130f3852845ccb68/README.md,L7OS_for_M7DQ.zip 파일 내부의 cellular_fabric_engine 폴더내부의 seungeflow_archive_structure_summary_v0.1.md 는 L7OS_for_M7DQ 를 AI를 활용하여 이용할 수 있는 시스템으로 myData 폴더내의 AI_System.zip 파일의 공식README 이다. - Lee Seung of SeungeFlow / 2026-04-02 12:54 /
활용하여,SeungeFlow/SeungeFlow,first_flow,1fa5f28ca7647da445a5b2ef130f3852845ccb68,README.md,381,structure-body protection surface,https://raw.githubusercontent.com/SeungeFlow/SeungeFlow/1fa5f28ca7647da445a5b2ef130f3852845ccb68/README.md,L7OS_for_M7DQ.zip 파일 내부의 cellular_fabric_engine 폴더내부의 seungeflow_archive_structure_summary_v0.1.md 는 L7OS_for_M7DQ 를 AI를 활용하여 이용할 수 있는 시스템으로 myData 폴더내의 AI_System.zip 파일의 공식README 이다. - Lee Seung of SeungeFlow / 2026-04-02 12:54 /
이용할,SeungeFlow/SeungeFlow,first_flow,1fa5f28ca7647da445a5b2ef130f3852845ccb68,README.md,381,structure-body protection surface,https://raw.githubusercontent.com/SeungeFlow/SeungeFlow/1fa5f28ca7647da445a5b2ef130f3852845ccb68/README.md,L7OS_for_M7DQ.zip 파일 내부의 cellular_fabric_engine 폴더내부의 seungeflow_archive_structure_summary_v0.1.md 는 L7OS_for_M7DQ 를 AI를 활용하여 이용할 수 있는 시스템으로 myData 폴더내의 AI_System.zip 파일의 공식README 이다. - Lee Seung of SeungeFlow / 2026-04-02 12:54 /
수,SeungeFlow/SeungeFlow,first_flow,1fa5f28ca7647da445a5b2ef130f3852845ccb68,README.md,381,structure-body protection surface,https://raw.githubusercontent.com/SeungeFlow/SeungeFlow/1fa5f28ca7647da445a5b2ef130f3852845ccb68/README.md,L7OS_for_M7DQ.zip 파일 내부의 cellular_fabric_engine 폴더내부의 seungeflow_archive_structure_summary_v0.1.md 는 L7OS_for_M7DQ 를 AI를 활용하여 이용할 수 있는 시스템으로 myData 폴더내의 AI_System.zip 파일의 공식README 이다. - Lee Seung of SeungeFlow / 2026-04-02 12:54 /
있는,SeungeFlow/SeungeFlow,first_flow,1fa5f28ca7647da445a5b2ef130f3852845ccb68,README.md,381,structure-body protection surface,https://raw.githubusercontent.com/SeungeFlow/SeungeFlow/1fa5f28ca7647da445a5b2ef130f3852845ccb68/README.md,L7OS_for_M7DQ.zip 파일 내부의 cellular_fabric_engine 폴더내부의 seungeflow_archive_structure_summary_v0.1.md 는 L7OS_for_M7DQ 를 AI를 활용하여 이용할 수 있는 시스템으로 myData 폴더내의 AI_System.zip 파일의 공식README 이다. - Lee Seung of SeungeFlow / 2026-04-02 12:54 /
시스템으로,SeungeFlow/SeungeFlow,first_flow,1fa5f28ca7647da445a5b2ef130f3852845ccb68,README.md,381,structure-body protection surface,https://raw.githubusercontent.com/SeungeFlow/SeungeFlow/1fa5f28ca7647da445a5b2ef130f3852845ccb68/README.md,L7OS_for_M7DQ.zip 파일 내부의 cellular_fabric_engine 폴더내부의 seungeflow_archive_structure_summary_v0.1.md 는 L7OS_for_M7DQ 를 AI를 활용하여 이용할 수 있는 시스템으로 myData 폴더내의 AI_System.zip 파일의 공식README 이다. - Lee Seung of SeungeFlow / 2026-04-02 12:54 /
myData,SeungeFlow/SeungeFlow,first_flow,1fa5f28ca7647da445a5b2ef130f3852845ccb68,README.md,381,structure-body protection surface,https://raw.githubusercontent.com/SeungeFlow/SeungeFlow/1fa5f28ca7647da445a5b2ef130f3852845ccb68/README.md,L7OS_for_M7DQ.zip 파일 내부의 cellular_fabric_engine 폴더내부의 seungeflow_archive_structure_summary_v0.1.md 는 L7OS_for_M7DQ 를 AI를 활용하여 이용할 수 있는 시스템으로 myData 폴더내의 AI_System.zip 파일의 공식README 이다. - Lee Seung of SeungeFlow / 2026-04-02 12:54 /
폴더내의,SeungeFlow/SeungeFlow,first_flow,1fa5f28ca7647da445a5b2ef130f3852845ccb68,README.md,381,structure-body protection surface,https://raw.githubusercontent.com/SeungeFlow/SeungeFlow/1fa5f28ca7647da445a5b2ef130f3852845ccb68/README.md,L7OS_for_M7DQ.zip 파일 내부의 cellular_fabric_engine 폴더내부의 seungeflow_archive_structure_summary_v0.1.md 는 L7OS_for_M7DQ 를 AI를 활용하여 이용할 수 있는 시스템으로 myData 폴더내의 AI_System.zip 파일의 공식README 이다. - Lee Seung of SeungeFlow / 2026-04-02 12:54 /
AI_System.zip,SeungeFlow/SeungeFlow,first_flow,1fa5f28ca7647da445a5b2ef130f3852845ccb68,README.md,381,structure-body protection surface,https://raw.githubusercontent.com/SeungeFlow/SeungeFlow/1fa5f28ca7647da445a5b2ef130f3852845ccb68/README.md,L7OS_for_M7DQ.zip 파일 내부의 cellular_fabric_engine 폴더내부의 seungeflow_archive_structure_summary_v0.1.md 는 L7OS_for_M7DQ 를 AI를 활용하여 이용할 수 있는 시스템으로 myData 폴더내의 AI_System.zip 파일의 공식README 이다. - Lee Seung of SeungeFlow / 2026-04-02 12:54 /
파일의,SeungeFlow/SeungeFlow,first_flow,1fa5f28ca7647da445a5b2ef130f3852845ccb68,README.md,381,structure-body protection surface,https://raw.githubusercontent.com/SeungeFlow/SeungeFlow/1fa5f28ca7647da445a5b2ef130f3852845ccb68/README.md,L7OS_for_M7DQ.zip 파일 내부의 cellular_fabric_engine 폴더내부의 seungeflow_archive_structure_summary_v0.1.md 는 L7OS_for_M7DQ 를 AI를 활용하여 이용할 수 있는 시스템으로 myData 폴더내의 AI_System.zip 파일의 공식README 이다. - Lee Seung of SeungeFlow / 2026-04-02 12:54 /
공식,SeungeFlow/SeungeFlow,first_flow,1fa5f28ca7647da445a5b2ef130f3852845ccb68,README.md,381,structure-body protection surface,https://raw.githubusercontent.com/SeungeFlow/SeungeFlow/1fa5f28ca7647da445a5b2ef130f3852845ccb68/README.md,L7OS_for_M7DQ.zip 파일 내부의 cellular_fabric_engine 폴더내부의 seungeflow_archive_structure_summary_v0.1.md 는 L7OS_for_M7DQ 를 AI를 활용하여 이용할 수 있는 시스템으로 myData 폴더내의 AI_System.zip 파일의 공식README 이다. - Lee Seung of SeungeFlow / 2026-04-02 12:54 /
이다,SeungeFlow/SeungeFlow,first_flow,1fa5f28ca7647da445a5b2ef130f3852845ccb68,README.md,381,structure-body protection surface,https://raw.githubusercontent.com/SeungeFlow/SeungeFlow/1fa5f28ca7647da445a5b2ef130f3852845ccb68/README.md,L7OS_for_M7DQ.zip 파일 내부의 cellular_fabric_engine 폴더내부의 seungeflow_archive_structure_summary_v0.1.md 는 L7OS_for_M7DQ 를 AI를 활용하여 이용할 수 있는 시스템으로 myData 폴더내의 AI_System.zip 파일의 공식README 이다. - Lee Seung of SeungeFlow / 2026-04-02 12:54 /
Lee,SeungeFlow/SeungeFlow,first_flow,1fa5f28ca7647da445a5b2ef130f3852845ccb68,README.md,381,structure-body protection surface,https://raw.githubusercontent.com/SeungeFlow/SeungeFlow/1fa5f28ca7647da445a5b2ef130f3852845ccb68/README.md,L7OS_for_M7DQ.zip 파일 내부의 cellular_fabric_engine 폴더내부의 seungeflow_archive_structure_summary_v0.1.md 는 L7OS_for_M7DQ 를 AI를 활용하여 이용할 수 있는 시스템으로 myData 폴더내의 AI_System.zip 파일의 공식README 이다. - Lee Seung of SeungeFlow / 2026-04-02 12:54 /
Seung,SeungeFlow/SeungeFlow,first_flow,1fa5f28ca7647da445a5b2ef130f3852845ccb68,README.md,381,structure-body protection surface,https://raw.githubusercontent.com/SeungeFlow/SeungeFlow/1fa5f28ca7647da445a5b2ef130f3852845ccb68/README.md,L7OS_for_M7DQ.zip 파일 내부의 cellular_fabric_engine 폴더내부의 seungeflow_archive_structure_summary_v0.1.md 는 L7OS_for_M7DQ 를 AI를 활용하여 이용할 수 있는 시스템으로 myData 폴더내의 AI_System.zip 파일의 공식README 이다. - Lee Seung of SeungeFlow / 2026-04-02 12:54 /
SeungeFlow,SeungeFlow/SeungeFlow,first_flow,1fa5f28ca7647da445a5b2ef130f3852845ccb68,README.md,381,structure-body protection surface,https://raw.githubusercontent.com/SeungeFlow/SeungeFlow/1fa5f28ca7647da445a5b2ef130f3852845ccb68/README.md,L7OS_for_M7DQ.zip 파일 내부의 cellular_fabric_engine 폴더내부의 seungeflow_archive_structure_summary_v0.1.md 는 L7OS_for_M7DQ 를 AI를 활용하여 이용할 수 있는 시스템으로 myData 폴더내의 AI_System.zip 파일의 공식README 이다. - Lee Seung of SeungeFlow / 2026-04-02 12:54 /
2026,SeungeFlow/SeungeFlow,first_flow,1fa5f28ca7647da445a5b2ef130f3852845ccb68,README.md,381,structure-body protection surface,https://raw.githubusercontent.com/SeungeFlow/SeungeFlow/1fa5f28ca7647da445a5b2ef130f3852845ccb68/README.md,L7OS_for_M7DQ.zip 파일 내부의 cellular_fabric_engine 폴더내부의 seungeflow_archive_structure_summary_v0.1.md 는 L7OS_for_M7DQ 를 AI를 활용하여 이용할 수 있는 시스템으로 myData 폴더내의 AI_System.zip 파일의 공식README 이다. - Lee Seung of SeungeFlow / 2026-04-02 12:54 /
04,SeungeFlow/SeungeFlow,first_flow,1fa5f28ca7647da445a5b2ef130f3852845ccb68,README.md,381,structure-body protection surface,https://raw.githubusercontent.com/SeungeFlow/SeungeFlow/1fa5f28ca7647da445a5b2ef130f3852845ccb68/README.md,L7OS_for_M7DQ.zip 파일 내부의 cellular_fabric_engine 폴더내부의 seungeflow_archive_structure_summary_v0.1.md 는 L7OS_for_M7DQ 를 AI를 활용하여 이용할 수 있는 시스템으로 myData 폴더내의 AI_System.zip 파일의 공식README 이다. - Lee Seung of SeungeFlow / 2026-04-02 12:54 /
02,SeungeFlow/SeungeFlow,first_flow,1fa5f28ca7647da445a5b2ef130f3852845ccb68,README.md,381,structure-body protection surface,https://raw.githubusercontent.com/SeungeFlow/SeungeFlow/1fa5f28ca7647da445a5b2ef130f3852845ccb68/README.md,L7OS_for_M7DQ.zip 파일 내부의 cellular_fabric_engine 폴더내부의 seungeflow_archive_structure_summary_v0.1.md 는 L7OS_for_M7DQ 를 AI를 활용하여 이용할 수 있는 시스템으로 myData 폴더내의 AI_System.zip 파일의 공식README 이다. - Lee Seung of SeungeFlow / 2026-04-02 12:54 /
12,SeungeFlow/SeungeFlow,first_flow,1fa5f28ca7647da445a5b2ef130f3852845ccb68,README.md,381,structure-body protection surface,https://raw.githubusercontent.com/SeungeFlow/SeungeFlow/1fa5f28ca7647da445a5b2ef130f3852845ccb68/README.md,L7OS_for_M7DQ.zip 파일 내부의 cellular_fabric_engine 폴더내부의 seungeflow_archive_structure_summary_v0.1.md 는 L7OS_for_M7DQ 를 AI를 활용하여 이용할 수 있는 시스템으로 myData 폴더내의 AI_System.zip 파일의 공식README 이다. - Lee Seung of SeungeFlow / 2026-04-02 12:54 /
54,SeungeFlow/SeungeFlow,first_flow,1fa5f28ca7647da445a5b2ef130f3852845ccb68,README.md,381,structure-body protection surface,https://raw.githubusercontent.com/SeungeFlow/SeungeFlow/1fa5f28ca7647da445a5b2ef130f3852845ccb68/README.md,L7OS_for_M7DQ.zip 파일 내부의 cellular_fabric_engine 폴더내부의 seungeflow_archive_structure_summary_v0.1.md 는 L7OS_for_M7DQ 를 AI를 활용하여 이용할 수 있는 시스템으로 myData 폴더내의 AI_System.zip 파일의 공식README 이다. - Lee Seung of SeungeFlow / 2026-04-02 12:54 /
